Handle,Title,Variant Option Name,Variant Option Value,Configurator Payload Example
sports-bag-bc-0452,Sports Bag- BC-0452,Title,Default Title,{ productHandle: 'sports-bag-bc-0452' }
sports-bag-bc-0451,Sports Bag- BC-0451,Title,Default Title,{ productHandle: 'sports-bag-bc-0451' }
sports-bag-bc-0450,Sports Bag- BC-0450,Title,Default Title,{ productHandle: 'sports-bag-bc-0450' }
sports-bag-bc-0449,Sports Bag- BC-0449,Title,Default Title,{ productHandle: 'sports-bag-bc-0449' }
sports-bag-bc-0448,Sports Bag- BC-0448,Title,Default Title,{ productHandle: 'sports-bag-bc-0448' }
sports-bag-bc-0447,Sports Bag- BC-0447,Title,Default Title,{ productHandle: 'sports-bag-bc-0447' }
sports-bag-product-code-bc-0446,Sports Bag- BC-0446,Title,Default Title,{ productHandle: 'sports-bag-product-code-bc-0446' }
sports-bag-bc-0445,Sports Bag- BC-0445,Title,Default Title,{ productHandle: 'sports-bag-bc-0445' }
sports-bag-bc-0444,Sports Bag- BC-0444,Title,Default Title,{ productHandle: 'sports-bag-bc-0444' }
sports-bag-bc-0443,Sports Bag- BC-0443,Title,Default Title,{ productHandle: 'sports-bag-bc-0443' }
face-mask-ski-mask-bc-0135,Face Mask / Ski Mask- BC-0135,Title,Default Title,{ productHandle: 'face-mask-ski-mask-bc-0135' }
face-mask-ski-mask-bc-0134,Face Mask / Ski Mask- BC-0134,Title,Default Title,{ productHandle: 'face-mask-ski-mask-bc-0134' }
face-mask-ski-mask-bc-0133,Face Mask / Ski Mask- BC-0133,Title,Default Title,{ productHandle: 'face-mask-ski-mask-bc-0133' }
face-mask-ski-mask-bc-0132,Face Mask / Ski Mask- BC-0132,Title,Default Title,{ productHandle: 'face-mask-ski-mask-bc-0132' }
face-mask-ski-mask-bc-0131,Face Mask / Ski Mask- BC-0131,Title,Default Title,{ productHandle: 'face-mask-ski-mask-bc-0131' }
face-mask-ski-mask-bc-0130,Face Mask / Ski Mask- BC-0130,Title,Default Title,{ productHandle: 'face-mask-ski-mask-bc-0130' }
face-mask-ski-mask-bc-0129,Face Mask / Ski Mask- BC-0129,Title,Default Title,{ productHandle: 'face-mask-ski-mask-bc-0129' }
face-mask-ski-mask-bc-0128,Face Mask / Ski Mask- BC-0128,Title,Default Title,{ productHandle: 'face-mask-ski-mask-bc-0128' }
face-mask-ski-mask-bc-0127,Face Mask / Ski Mask- BC-0127,Title,Default Title,{ productHandle: 'face-mask-ski-mask-bc-0127' }
face-mask-ski-mask-bc-0126,Face Mask / Ski Mask- BC-0126,Title,Default Title,{ productHandle: 'face-mask-ski-mask-bc-0126' }
face-mask-ski-mask-bc-0125,Face Mask / Ski Mask- BC-0125,Title,Default Title,{ productHandle: 'face-mask-ski-mask-bc-0125' }
cycling-gloves-bc-0124,Cycling Gloves- BC-0124,Size,Small,"{ productHandle: 'cycling-gloves-bc-0124', size: 'Small' }"
cycling-gloves-bc-0124,Cycling Gloves- BC-0124,Size,Medium,"{ productHandle: 'cycling-gloves-bc-0124', size: 'Medium' }"
cycling-gloves-bc-0124,Cycling Gloves- BC-0124,Size,Large,"{ productHandle: 'cycling-gloves-bc-0124', size: 'Large' }"
cycling-gloves-bc-0124,Cycling Gloves- BC-0124,Size,X-Large,"{ productHandle: 'cycling-gloves-bc-0124', size: 'X-Large' }"
cycling-gloves-bc-0123,Cycling Gloves- BC-0123,Size,Small,"{ productHandle: 'cycling-gloves-bc-0123', size: 'Small' }"
cycling-gloves-bc-0123,Cycling Gloves- BC-0123,Size,Medium,"{ productHandle: 'cycling-gloves-bc-0123', size: 'Medium' }"
cycling-gloves-bc-0123,Cycling Gloves- BC-0123,Size,Large,"{ productHandle: 'cycling-gloves-bc-0123', size: 'Large' }"
cycling-gloves-bc-0123,Cycling Gloves- BC-0123,Size,X-Large,"{ productHandle: 'cycling-gloves-bc-0123', size: 'X-Large' }"
cycling-gloves-bc-0122,Cycling Gloves- BC-0122,Size,Small,"{ productHandle: 'cycling-gloves-bc-0122', size: 'Small' }"
cycling-gloves-bc-0122,Cycling Gloves- BC-0122,Size,Medium,"{ productHandle: 'cycling-gloves-bc-0122', size: 'Medium' }"
cycling-gloves-bc-0122,Cycling Gloves- BC-0122,Size,Large,"{ productHandle: 'cycling-gloves-bc-0122', size: 'Large' }"
cycling-gloves-bc-0122,Cycling Gloves- BC-0122,Size,X-Large,"{ productHandle: 'cycling-gloves-bc-0122', size: 'X-Large' }"
cycling-gloves-bc-0121,Cycling Gloves- BC-0121,Size,Small,"{ productHandle: 'cycling-gloves-bc-0121', size: 'Small' }"
cycling-gloves-bc-0121,Cycling Gloves- BC-0121,Size,Medium,"{ productHandle: 'cycling-gloves-bc-0121', size: 'Medium' }"
cycling-gloves-bc-0121,Cycling Gloves- BC-0121,Size,Large,"{ productHandle: 'cycling-gloves-bc-0121', size: 'Large' }"
cycling-gloves-bc-0121,Cycling Gloves- BC-0121,Size,X-Large,"{ productHandle: 'cycling-gloves-bc-0121', size: 'X-Large' }"
cycling-gloves-bc-0120,Cycling Gloves- BC-0120,Size,Small,"{ productHandle: 'cycling-gloves-bc-0120', size: 'Small' }"
cycling-gloves-bc-0120,Cycling Gloves- BC-0120,Size,Medium,"{ productHandle: 'cycling-gloves-bc-0120', size: 'Medium' }"
cycling-gloves-bc-0120,Cycling Gloves- BC-0120,Size,Large,"{ productHandle: 'cycling-gloves-bc-0120', size: 'Large' }"
cycling-gloves-bc-0120,Cycling Gloves- BC-0120,Size,X-Large,"{ productHandle: 'cycling-gloves-bc-0120', size: 'X-Large' }"
cycling-gloves-bc-0119,Cycling Gloves- BC-0119,Size,Small,"{ productHandle: 'cycling-gloves-bc-0119', size: 'Small' }"
cycling-gloves-bc-0119,Cycling Gloves- BC-0119,Size,Medium,"{ productHandle: 'cycling-gloves-bc-0119', size: 'Medium' }"
cycling-gloves-bc-0119,Cycling Gloves- BC-0119,Size,Large,"{ productHandle: 'cycling-gloves-bc-0119', size: 'Large' }"
cycling-gloves-bc-0119,Cycling Gloves- BC-0119,Size,X-Large,"{ productHandle: 'cycling-gloves-bc-0119', size: 'X-Large' }"
cycling-gloves-bc-0118,Cycling Gloves- BC-0118,Size,Small,"{ productHandle: 'cycling-gloves-bc-0118', size: 'Small' }"
cycling-gloves-bc-0118,Cycling Gloves- BC-0118,Size,Medium,"{ productHandle: 'cycling-gloves-bc-0118', size: 'Medium' }"
cycling-gloves-bc-0118,Cycling Gloves- BC-0118,Size,Large,"{ productHandle: 'cycling-gloves-bc-0118', size: 'Large' }"
cycling-gloves-bc-0118,Cycling Gloves- BC-0118,Size,X-Large,"{ productHandle: 'cycling-gloves-bc-0118', size: 'X-Large' }"
cycling-gloves-bc-0117,Cycling Gloves- BC-0117,Size,Small,"{ productHandle: 'cycling-gloves-bc-0117', size: 'Small' }"
cycling-gloves-bc-0117,Cycling Gloves- BC-0117,Size,Medium,"{ productHandle: 'cycling-gloves-bc-0117', size: 'Medium' }"
cycling-gloves-bc-0117,Cycling Gloves- BC-0117,Size,Large,"{ productHandle: 'cycling-gloves-bc-0117', size: 'Large' }"
cycling-gloves-bc-0117,Cycling Gloves- BC-0117,Size,X-Large,"{ productHandle: 'cycling-gloves-bc-0117', size: 'X-Large' }"
cycling-gloves-bc-0116,Cycling Gloves- BC-0116,Size,Small,"{ productHandle: 'cycling-gloves-bc-0116', size: 'Small' }"
cycling-gloves-bc-0116,Cycling Gloves- BC-0116,Size,Medium,"{ productHandle: 'cycling-gloves-bc-0116', size: 'Medium' }"
cycling-gloves-bc-0116,Cycling Gloves- BC-0116,Size,Large,"{ productHandle: 'cycling-gloves-bc-0116', size: 'Large' }"
cycling-gloves-bc-0116,Cycling Gloves- BC-0116,Size,X-Large,"{ productHandle: 'cycling-gloves-bc-0116', size: 'X-Large' }"
cycling-gloves-product-code-bc-0115,Cycling Gloves- BC-0115,Size,Small,"{ productHandle: 'cycling-gloves-product-code-bc-0115', size: 'Small' }"
cycling-gloves-product-code-bc-0115,Cycling Gloves- BC-0115,Size,Medium,"{ productHandle: 'cycling-gloves-product-code-bc-0115', size: 'Medium' }"
cycling-gloves-product-code-bc-0115,Cycling Gloves- BC-0115,Size,Large,"{ productHandle: 'cycling-gloves-product-code-bc-0115', size: 'Large' }"
cycling-gloves-product-code-bc-0115,Cycling Gloves- BC-0115,Size,X-Large,"{ productHandle: 'cycling-gloves-product-code-bc-0115', size: 'X-Large' }"
cycling-gloves-bc-0114,Cycling Gloves- BC-0114,Size,Small,"{ productHandle: 'cycling-gloves-bc-0114', size: 'Small' }"
cycling-gloves-bc-0114,Cycling Gloves- BC-0114,Size,Medium,"{ productHandle: 'cycling-gloves-bc-0114', size: 'Medium' }"
cycling-gloves-bc-0114,Cycling Gloves- BC-0114,Size,Large,"{ productHandle: 'cycling-gloves-bc-0114', size: 'Large' }"
cycling-gloves-bc-0114,Cycling Gloves- BC-0114,Size,X-Large,"{ productHandle: 'cycling-gloves-bc-0114', size: 'X-Large' }"
cycling-gloves-bc-0113,Cycling Gloves- BC-0113,Size,Small,"{ productHandle: 'cycling-gloves-bc-0113', size: 'Small' }"
cycling-gloves-bc-0113,Cycling Gloves- BC-0113,Size,Medium,"{ productHandle: 'cycling-gloves-bc-0113', size: 'Medium' }"
cycling-gloves-bc-0113,Cycling Gloves- BC-0113,Size,Large,"{ productHandle: 'cycling-gloves-bc-0113', size: 'Large' }"
cycling-gloves-bc-0113,Cycling Gloves- BC-0113,Size,X-Large,"{ productHandle: 'cycling-gloves-bc-0113', size: 'X-Large' }"
cycling-gloves-bc-0112,Cycling Gloves- BC-0112,Size,Small,"{ productHandle: 'cycling-gloves-bc-0112', size: 'Small' }"
cycling-gloves-bc-0112,Cycling Gloves- BC-0112,Size,Medium,"{ productHandle: 'cycling-gloves-bc-0112', size: 'Medium' }"
cycling-gloves-bc-0112,Cycling Gloves- BC-0112,Size,Large,"{ productHandle: 'cycling-gloves-bc-0112', size: 'Large' }"
cycling-gloves-bc-0112,Cycling Gloves- BC-0112,Size,X-Large,"{ productHandle: 'cycling-gloves-bc-0112', size: 'X-Large' }"
weight-lifting-gloves-bc-0683,Weight Lifting Gloves- BC-0683,Size,Small,"{ productHandle: 'weight-lifting-gloves-bc-0683', size: 'Small' }"
weight-lifting-gloves-bc-0683,Weight Lifting Gloves- BC-0683,Size,Medium,"{ productHandle: 'weight-lifting-gloves-bc-0683', size: 'Medium' }"
weight-lifting-gloves-bc-0683,Weight Lifting Gloves- BC-0683,Size,Large,"{ productHandle: 'weight-lifting-gloves-bc-0683', size: 'Large' }"
weight-lifting-gloves-bc-0683,Weight Lifting Gloves- BC-0683,Size,X-Large,"{ productHandle: 'weight-lifting-gloves-bc-0683', size: 'X-Large' }"
weight-lifting-gloves-bc-0682,Weight Lifting Gloves- BC-0682,Size,Small,"{ productHandle: 'weight-lifting-gloves-bc-0682', size: 'Small' }"
weight-lifting-gloves-bc-0682,Weight Lifting Gloves- BC-0682,Size,Medium,"{ productHandle: 'weight-lifting-gloves-bc-0682', size: 'Medium' }"
weight-lifting-gloves-bc-0682,Weight Lifting Gloves- BC-0682,Size,Large,"{ productHandle: 'weight-lifting-gloves-bc-0682', size: 'Large' }"
weight-lifting-gloves-bc-0682,Weight Lifting Gloves- BC-0682,Size,X-Large,"{ productHandle: 'weight-lifting-gloves-bc-0682', size: 'X-Large' }"
weight-lifting-gloves-bc-0681,Weight Lifting Gloves- BC-0681,Size,Small,"{ productHandle: 'weight-lifting-gloves-bc-0681', size: 'Small' }"
weight-lifting-gloves-bc-0681,Weight Lifting Gloves- BC-0681,Size,Medium,"{ productHandle: 'weight-lifting-gloves-bc-0681', size: 'Medium' }"
weight-lifting-gloves-bc-0681,Weight Lifting Gloves- BC-0681,Size,Large,"{ productHandle: 'weight-lifting-gloves-bc-0681', size: 'Large' }"
weight-lifting-gloves-bc-0681,Weight Lifting Gloves- BC-0681,Size,X-Large,"{ productHandle: 'weight-lifting-gloves-bc-0681', size: 'X-Large' }"
weight-lifting-gloves-bc-0680,Weight Lifting Gloves- BC-0680,Size,Small,"{ productHandle: 'weight-lifting-gloves-bc-0680', size: 'Small' }"
weight-lifting-gloves-bc-0680,Weight Lifting Gloves- BC-0680,Size,Medium,"{ productHandle: 'weight-lifting-gloves-bc-0680', size: 'Medium' }"
weight-lifting-gloves-bc-0680,Weight Lifting Gloves- BC-0680,Size,Large,"{ productHandle: 'weight-lifting-gloves-bc-0680', size: 'Large' }"
weight-lifting-gloves-bc-0680,Weight Lifting Gloves- BC-0680,Size,X-Large,"{ productHandle: 'weight-lifting-gloves-bc-0680', size: 'X-Large' }"
weight-lifting-gloves-bc-0679,Weight Lifting Gloves- BC-0679,Size,Small,"{ productHandle: 'weight-lifting-gloves-bc-0679', size: 'Small' }"
weight-lifting-gloves-bc-0679,Weight Lifting Gloves- BC-0679,Size,Medium,"{ productHandle: 'weight-lifting-gloves-bc-0679', size: 'Medium' }"
weight-lifting-gloves-bc-0679,Weight Lifting Gloves- BC-0679,Size,Large,"{ productHandle: 'weight-lifting-gloves-bc-0679', size: 'Large' }"
weight-lifting-gloves-bc-0679,Weight Lifting Gloves- BC-0679,Size,X-Large,"{ productHandle: 'weight-lifting-gloves-bc-0679', size: 'X-Large' }"
weight-lifting-gloves-bc-0678,Weight Lifting Gloves- BC-0678,Size,Small,"{ productHandle: 'weight-lifting-gloves-bc-0678', size: 'Small' }"
weight-lifting-gloves-bc-0678,Weight Lifting Gloves- BC-0678,Size,Medium,"{ productHandle: 'weight-lifting-gloves-bc-0678', size: 'Medium' }"
weight-lifting-gloves-bc-0678,Weight Lifting Gloves- BC-0678,Size,Large,"{ productHandle: 'weight-lifting-gloves-bc-0678', size: 'Large' }"
weight-lifting-gloves-bc-0678,Weight Lifting Gloves- BC-0678,Size,X-Large,"{ productHandle: 'weight-lifting-gloves-bc-0678', size: 'X-Large' }"
weight-lifting-gloves-bc-0677,Weight Lifting Gloves- BC-0677,Size,Small,"{ productHandle: 'weight-lifting-gloves-bc-0677', size: 'Small' }"
weight-lifting-gloves-bc-0677,Weight Lifting Gloves- BC-0677,Size,Medium,"{ productHandle: 'weight-lifting-gloves-bc-0677', size: 'Medium' }"
weight-lifting-gloves-bc-0677,Weight Lifting Gloves- BC-0677,Size,Large,"{ productHandle: 'weight-lifting-gloves-bc-0677', size: 'Large' }"
weight-lifting-gloves-bc-0677,Weight Lifting Gloves- BC-0677,Size,X-Large,"{ productHandle: 'weight-lifting-gloves-bc-0677', size: 'X-Large' }"
weight-lifting-gloves-bc-0676,Weight Lifting Gloves- BC-0676,Size,Small,"{ productHandle: 'weight-lifting-gloves-bc-0676', size: 'Small' }"
weight-lifting-gloves-bc-0676,Weight Lifting Gloves- BC-0676,Size,Medium,"{ productHandle: 'weight-lifting-gloves-bc-0676', size: 'Medium' }"
weight-lifting-gloves-bc-0676,Weight Lifting Gloves- BC-0676,Size,Large,"{ productHandle: 'weight-lifting-gloves-bc-0676', size: 'Large' }"
weight-lifting-gloves-bc-0676,Weight Lifting Gloves- BC-0676,Size,X-Large,"{ productHandle: 'weight-lifting-gloves-bc-0676', size: 'X-Large' }"
weight-lifting-gloves-bc-0675,Weight Lifting Gloves- BC-0675,Size,Small,"{ productHandle: 'weight-lifting-gloves-bc-0675', size: 'Small' }"
weight-lifting-gloves-bc-0675,Weight Lifting Gloves- BC-0675,Size,Medium,"{ productHandle: 'weight-lifting-gloves-bc-0675', size: 'Medium' }"
weight-lifting-gloves-bc-0675,Weight Lifting Gloves- BC-0675,Size,Large,"{ productHandle: 'weight-lifting-gloves-bc-0675', size: 'Large' }"
weight-lifting-gloves-bc-0675,Weight Lifting Gloves- BC-0675,Size,X-Large,"{ productHandle: 'weight-lifting-gloves-bc-0675', size: 'X-Large' }"
weight-lifting-belt-bc-0674,Weight Lifting Belt- BC-0674,Size,Small,"{ productHandle: 'weight-lifting-belt-bc-0674', size: 'Small' }"
weight-lifting-belt-bc-0674,Weight Lifting Belt- BC-0674,Size,Medium,"{ productHandle: 'weight-lifting-belt-bc-0674', size: 'Medium' }"
weight-lifting-belt-bc-0674,Weight Lifting Belt- BC-0674,Size,Large,"{ productHandle: 'weight-lifting-belt-bc-0674', size: 'Large' }"
weight-lifting-belt-bc-0674,Weight Lifting Belt- BC-0674,Size,X-Large,"{ productHandle: 'weight-lifting-belt-bc-0674', size: 'X-Large' }"
weight-lifting-belt-bc-0673,Weight Lifting Belt- BC-0673,Size,Small,"{ productHandle: 'weight-lifting-belt-bc-0673', size: 'Small' }"
weight-lifting-belt-bc-0673,Weight Lifting Belt- BC-0673,Size,Medium,"{ productHandle: 'weight-lifting-belt-bc-0673', size: 'Medium' }"
weight-lifting-belt-bc-0673,Weight Lifting Belt- BC-0673,Size,Large,"{ productHandle: 'weight-lifting-belt-bc-0673', size: 'Large' }"
weight-lifting-belt-bc-0673,Weight Lifting Belt- BC-0673,Size,X-Large,"{ productHandle: 'weight-lifting-belt-bc-0673', size: 'X-Large' }"
weight-lifting-belt-bc-0672,Weight Lifting Belt- BC-0672,Size,Small,"{ productHandle: 'weight-lifting-belt-bc-0672', size: 'Small' }"
weight-lifting-belt-bc-0672,Weight Lifting Belt- BC-0672,Size,Medium,"{ productHandle: 'weight-lifting-belt-bc-0672', size: 'Medium' }"
weight-lifting-belt-bc-0672,Weight Lifting Belt- BC-0672,Size,Large,"{ productHandle: 'weight-lifting-belt-bc-0672', size: 'Large' }"
weight-lifting-belt-bc-0672,Weight Lifting Belt- BC-0672,Size,X-Large,"{ productHandle: 'weight-lifting-belt-bc-0672', size: 'X-Large' }"
weight-lifting-belt-bc-0671,Weight Lifting Belt- BC-0671,Size,Small,"{ productHandle: 'weight-lifting-belt-bc-0671', size: 'Small' }"
weight-lifting-belt-bc-0671,Weight Lifting Belt- BC-0671,Size,Medium,"{ productHandle: 'weight-lifting-belt-bc-0671', size: 'Medium' }"
weight-lifting-belt-bc-0671,Weight Lifting Belt- BC-0671,Size,Large,"{ productHandle: 'weight-lifting-belt-bc-0671', size: 'Large' }"
weight-lifting-belt-bc-0671,Weight Lifting Belt- BC-0671,Size,X-Large,"{ productHandle: 'weight-lifting-belt-bc-0671', size: 'X-Large' }"
weight-lifting-belt-bc-0670,Weight Lifting Belt- BC-0670,Size,Small,"{ productHandle: 'weight-lifting-belt-bc-0670', size: 'Small' }"
weight-lifting-belt-bc-0670,Weight Lifting Belt- BC-0670,Size,Medium,"{ productHandle: 'weight-lifting-belt-bc-0670', size: 'Medium' }"
weight-lifting-belt-bc-0670,Weight Lifting Belt- BC-0670,Size,Large,"{ productHandle: 'weight-lifting-belt-bc-0670', size: 'Large' }"
weight-lifting-belt-bc-0670,Weight Lifting Belt- BC-0670,Size,X-Large,"{ productHandle: 'weight-lifting-belt-bc-0670', size: 'X-Large' }"
weight-lifting-belt-bc-0669,Weight Lifting Belt- BC-0669,Size,Small,"{ productHandle: 'weight-lifting-belt-bc-0669', size: 'Small' }"
weight-lifting-belt-bc-0669,Weight Lifting Belt- BC-0669,Size,Medium,"{ productHandle: 'weight-lifting-belt-bc-0669', size: 'Medium' }"
weight-lifting-belt-bc-0669,Weight Lifting Belt- BC-0669,Size,Large,"{ productHandle: 'weight-lifting-belt-bc-0669', size: 'Large' }"
weight-lifting-belt-bc-0669,Weight Lifting Belt- BC-0669,Size,X-Large,"{ productHandle: 'weight-lifting-belt-bc-0669', size: 'X-Large' }"
weight-lifting-belt-bc-0668,Weight Lifting Belt- BC-0668,Size,Small,"{ productHandle: 'weight-lifting-belt-bc-0668', size: 'Small' }"
weight-lifting-belt-bc-0668,Weight Lifting Belt- BC-0668,Size,Medium,"{ productHandle: 'weight-lifting-belt-bc-0668', size: 'Medium' }"
weight-lifting-belt-bc-0668,Weight Lifting Belt- BC-0668,Size,Large,"{ productHandle: 'weight-lifting-belt-bc-0668', size: 'Large' }"
weight-lifting-belt-bc-0668,Weight Lifting Belt- BC-0668,Size,X-Large,"{ productHandle: 'weight-lifting-belt-bc-0668', size: 'X-Large' }"
weight-lifting-belt-bc-0667,Weight Lifting Belt- BC-0667,Size,Small,"{ productHandle: 'weight-lifting-belt-bc-0667', size: 'Small' }"
weight-lifting-belt-bc-0667,Weight Lifting Belt- BC-0667,Size,Medium,"{ productHandle: 'weight-lifting-belt-bc-0667', size: 'Medium' }"
weight-lifting-belt-bc-0667,Weight Lifting Belt- BC-0667,Size,Large,"{ productHandle: 'weight-lifting-belt-bc-0667', size: 'Large' }"
weight-lifting-belt-bc-0667,Weight Lifting Belt- BC-0667,Size,X-Large,"{ productHandle: 'weight-lifting-belt-bc-0667', size: 'X-Large' }"
weight-lifting-belt-bc-0666,Weight Lifting Belt- BC-0666,Size,Small,"{ productHandle: 'weight-lifting-belt-bc-0666', size: 'Small' }"
weight-lifting-belt-bc-0666,Weight Lifting Belt- BC-0666,Size,Medium,"{ productHandle: 'weight-lifting-belt-bc-0666', size: 'Medium' }"
weight-lifting-belt-bc-0666,Weight Lifting Belt- BC-0666,Size,Large,"{ productHandle: 'weight-lifting-belt-bc-0666', size: 'Large' }"
weight-lifting-belt-bc-0666,Weight Lifting Belt- BC-0666,Size,X-Large,"{ productHandle: 'weight-lifting-belt-bc-0666', size: 'X-Large' }"
weight-lifting-belt-bc-0665,Weight Lifting Belt- BC-0665,Size,Small,"{ productHandle: 'weight-lifting-belt-bc-0665', size: 'Small' }"
weight-lifting-belt-bc-0665,Weight Lifting Belt- BC-0665,Size,Medium,"{ productHandle: 'weight-lifting-belt-bc-0665', size: 'Medium' }"
weight-lifting-belt-bc-0665,Weight Lifting Belt- BC-0665,Size,Large,"{ productHandle: 'weight-lifting-belt-bc-0665', size: 'Large' }"
weight-lifting-belt-bc-0665,Weight Lifting Belt- BC-0665,Size,X-Large,"{ productHandle: 'weight-lifting-belt-bc-0665', size: 'X-Large' }"
wind-breaker-bc-0711,Wind Breaker- BC-0711,Size,Small,"{ productHandle: 'wind-breaker-bc-0711', size: 'Small' }"
wind-breaker-bc-0711,Wind Breaker- BC-0711,Size,Medium,"{ productHandle: 'wind-breaker-bc-0711', size: 'Medium' }"
wind-breaker-bc-0711,Wind Breaker- BC-0711,Size,Large,"{ productHandle: 'wind-breaker-bc-0711', size: 'Large' }"
wind-breaker-bc-0711,Wind Breaker- BC-0711,Size,X-Large,"{ productHandle: 'wind-breaker-bc-0711', size: 'X-Large' }"
wind-breaker-bc-0711,Wind Breaker- BC-0711,Size,2XL,"{ productHandle: 'wind-breaker-bc-0711', size: '2XL' }"
wind-breaker-bc-0711,Wind Breaker- BC-0711,Size,3XL,"{ productHandle: 'wind-breaker-bc-0711', size: '3XL' }"
wind-breaker-bc-0710,Wind Breaker- BC-0710,Size,Small,"{ productHandle: 'wind-breaker-bc-0710', size: 'Small' }"
wind-breaker-bc-0710,Wind Breaker- BC-0710,Size,Medium,"{ productHandle: 'wind-breaker-bc-0710', size: 'Medium' }"
wind-breaker-bc-0710,Wind Breaker- BC-0710,Size,Large,"{ productHandle: 'wind-breaker-bc-0710', size: 'Large' }"
wind-breaker-bc-0710,Wind Breaker- BC-0710,Size,X-Large,"{ productHandle: 'wind-breaker-bc-0710', size: 'X-Large' }"
wind-breaker-bc-0710,Wind Breaker- BC-0710,Size,2XL,"{ productHandle: 'wind-breaker-bc-0710', size: '2XL' }"
wind-breaker-bc-0710,Wind Breaker- BC-0710,Size,3XL,"{ productHandle: 'wind-breaker-bc-0710', size: '3XL' }"
wind-breaker-bc-0709,Wind Breaker- BC-0709,Size,Small,"{ productHandle: 'wind-breaker-bc-0709', size: 'Small' }"
wind-breaker-bc-0709,Wind Breaker- BC-0709,Size,Medium,"{ productHandle: 'wind-breaker-bc-0709', size: 'Medium' }"
wind-breaker-bc-0709,Wind Breaker- BC-0709,Size,Large,"{ productHandle: 'wind-breaker-bc-0709', size: 'Large' }"
wind-breaker-bc-0709,Wind Breaker- BC-0709,Size,X-Large,"{ productHandle: 'wind-breaker-bc-0709', size: 'X-Large' }"
wind-breaker-bc-0709,Wind Breaker- BC-0709,Size,2XL,"{ productHandle: 'wind-breaker-bc-0709', size: '2XL' }"
wind-breaker-bc-0709,Wind Breaker- BC-0709,Size,3XL,"{ productHandle: 'wind-breaker-bc-0709', size: '3XL' }"
wind-breaker-bc-0708,Wind Breaker- BC-0708,Size,Small,"{ productHandle: 'wind-breaker-bc-0708', size: 'Small' }"
wind-breaker-bc-0708,Wind Breaker- BC-0708,Size,Medium,"{ productHandle: 'wind-breaker-bc-0708', size: 'Medium' }"
wind-breaker-bc-0708,Wind Breaker- BC-0708,Size,Large,"{ productHandle: 'wind-breaker-bc-0708', size: 'Large' }"
wind-breaker-bc-0708,Wind Breaker- BC-0708,Size,X-Large,"{ productHandle: 'wind-breaker-bc-0708', size: 'X-Large' }"
wind-breaker-bc-0708,Wind Breaker- BC-0708,Size,2XL,"{ productHandle: 'wind-breaker-bc-0708', size: '2XL' }"
wind-breaker-bc-0708,Wind Breaker- BC-0708,Size,3XL,"{ productHandle: 'wind-breaker-bc-0708', size: '3XL' }"
wind-breaker-bc-0707,Wind Breaker- BC-0707,Size,Small,"{ productHandle: 'wind-breaker-bc-0707', size: 'Small' }"
wind-breaker-bc-0707,Wind Breaker- BC-0707,Size,Medium,"{ productHandle: 'wind-breaker-bc-0707', size: 'Medium' }"
wind-breaker-bc-0707,Wind Breaker- BC-0707,Size,Large,"{ productHandle: 'wind-breaker-bc-0707', size: 'Large' }"
wind-breaker-bc-0707,Wind Breaker- BC-0707,Size,X-Large,"{ productHandle: 'wind-breaker-bc-0707', size: 'X-Large' }"
wind-breaker-bc-0707,Wind Breaker- BC-0707,Size,2XL,"{ productHandle: 'wind-breaker-bc-0707', size: '2XL' }"
wind-breaker-bc-0707,Wind Breaker- BC-0707,Size,3XL,"{ productHandle: 'wind-breaker-bc-0707', size: '3XL' }"
wind-breaker-bc-0706,Wind Breaker- BC-0706,Size,Small,"{ productHandle: 'wind-breaker-bc-0706', size: 'Small' }"
wind-breaker-bc-0706,Wind Breaker- BC-0706,Size,Medium,"{ productHandle: 'wind-breaker-bc-0706', size: 'Medium' }"
wind-breaker-bc-0706,Wind Breaker- BC-0706,Size,Large,"{ productHandle: 'wind-breaker-bc-0706', size: 'Large' }"
wind-breaker-bc-0706,Wind Breaker- BC-0706,Size,X-Large,"{ productHandle: 'wind-breaker-bc-0706', size: 'X-Large' }"
wind-breaker-bc-0706,Wind Breaker- BC-0706,Size,2XL,"{ productHandle: 'wind-breaker-bc-0706', size: '2XL' }"
wind-breaker-bc-0706,Wind Breaker- BC-0706,Size,3XL,"{ productHandle: 'wind-breaker-bc-0706', size: '3XL' }"
wet-suit-bc-0705,Wet Suit- BC-0705,Size,Small,"{ productHandle: 'wet-suit-bc-0705', size: 'Small' }"
wet-suit-bc-0705,Wet Suit- BC-0705,Size,Medium,"{ productHandle: 'wet-suit-bc-0705', size: 'Medium' }"
wet-suit-bc-0705,Wet Suit- BC-0705,Size,Large,"{ productHandle: 'wet-suit-bc-0705', size: 'Large' }"
wet-suit-bc-0705,Wet Suit- BC-0705,Size,X-Large,"{ productHandle: 'wet-suit-bc-0705', size: 'X-Large' }"
wet-suit-bc-0705,Wet Suit- BC-0705,Size,2XL,"{ productHandle: 'wet-suit-bc-0705', size: '2XL' }"
wet-suit-bc-0705,Wet Suit- BC-0705,Size,3XL,"{ productHandle: 'wet-suit-bc-0705', size: '3XL' }"
wet-suit-bc-703,Wet Suit- BC-0703,Size,Small,"{ productHandle: 'wet-suit-bc-703', size: 'Small' }"
wet-suit-bc-703,Wet Suit- BC-0703,Size,Medium,"{ productHandle: 'wet-suit-bc-703', size: 'Medium' }"
wet-suit-bc-703,Wet Suit- BC-0703,Size,Large,"{ productHandle: 'wet-suit-bc-703', size: 'Large' }"
wet-suit-bc-703,Wet Suit- BC-0703,Size,X-Large,"{ productHandle: 'wet-suit-bc-703', size: 'X-Large' }"
wet-suit-bc-703,Wet Suit- BC-0703,Size,2XL,"{ productHandle: 'wet-suit-bc-703', size: '2XL' }"
wet-suit-bc-703,Wet Suit- BC-0703,Size,3XL,"{ productHandle: 'wet-suit-bc-703', size: '3XL' }"
wet-suit-bc-0703,Wet Suit- BC-0703,Size,Small,"{ productHandle: 'wet-suit-bc-0703', size: 'Small' }"
wet-suit-bc-0703,Wet Suit- BC-0703,Size,Medium,"{ productHandle: 'wet-suit-bc-0703', size: 'Medium' }"
wet-suit-bc-0703,Wet Suit- BC-0703,Size,Large,"{ productHandle: 'wet-suit-bc-0703', size: 'Large' }"
wet-suit-bc-0703,Wet Suit- BC-0703,Size,X-Large,"{ productHandle: 'wet-suit-bc-0703', size: 'X-Large' }"
wet-suit-bc-0703,Wet Suit- BC-0703,Size,2XL,"{ productHandle: 'wet-suit-bc-0703', size: '2XL' }"
wet-suit-bc-0703,Wet Suit- BC-0703,Size,3XL,"{ productHandle: 'wet-suit-bc-0703', size: '3XL' }"
wet-suit-bc-0702,Wet Suit- BC-0702,Size,Small,"{ productHandle: 'wet-suit-bc-0702', size: 'Small' }"
wet-suit-bc-0702,Wet Suit- BC-0702,Size,Medium,"{ productHandle: 'wet-suit-bc-0702', size: 'Medium' }"
wet-suit-bc-0702,Wet Suit- BC-0702,Size,Large,"{ productHandle: 'wet-suit-bc-0702', size: 'Large' }"
wet-suit-bc-0702,Wet Suit- BC-0702,Size,X-Large,"{ productHandle: 'wet-suit-bc-0702', size: 'X-Large' }"
wet-suit-bc-0702,Wet Suit- BC-0702,Size,2XL,"{ productHandle: 'wet-suit-bc-0702', size: '2XL' }"
wet-suit-bc-0702,Wet Suit- BC-0702,Size,3XL,"{ productHandle: 'wet-suit-bc-0702', size: '3XL' }"
wet-suit-bc-0700,Wet Suit- BC-0700,Size,Small,"{ productHandle: 'wet-suit-bc-0700', size: 'Small' }"
wet-suit-bc-0700,Wet Suit- BC-0700,Size,Medium,"{ productHandle: 'wet-suit-bc-0700', size: 'Medium' }"
wet-suit-bc-0700,Wet Suit- BC-0700,Size,Large,"{ productHandle: 'wet-suit-bc-0700', size: 'Large' }"
wet-suit-bc-0700,Wet Suit- BC-0700,Size,X-Large,"{ productHandle: 'wet-suit-bc-0700', size: 'X-Large' }"
wet-suit-bc-0700,Wet Suit- BC-0700,Size,2XL,"{ productHandle: 'wet-suit-bc-0700', size: '2XL' }"
wet-suit-bc-0700,Wet Suit- BC-0700,Size,3XL,"{ productHandle: 'wet-suit-bc-0700', size: '3XL' }"
wet-suit-bc-0699,Wet Suit- BC-0699,Size,Small,"{ productHandle: 'wet-suit-bc-0699', size: 'Small' }"
wet-suit-bc-0699,Wet Suit- BC-0699,Size,Medium,"{ productHandle: 'wet-suit-bc-0699', size: 'Medium' }"
wet-suit-bc-0699,Wet Suit- BC-0699,Size,Large,"{ productHandle: 'wet-suit-bc-0699', size: 'Large' }"
wet-suit-bc-0699,Wet Suit- BC-0699,Size,X-Large,"{ productHandle: 'wet-suit-bc-0699', size: 'X-Large' }"
wet-suit-bc-0699,Wet Suit- BC-0699,Size,2XL,"{ productHandle: 'wet-suit-bc-0699', size: '2XL' }"
wet-suit-bc-0699,Wet Suit- BC-0699,Size,3XL,"{ productHandle: 'wet-suit-bc-0699', size: '3XL' }"
wet-suit-bc-0698,Wet Suit- BC-0698,Size,Small,"{ productHandle: 'wet-suit-bc-0698', size: 'Small' }"
wet-suit-bc-0698,Wet Suit- BC-0698,Size,Medium,"{ productHandle: 'wet-suit-bc-0698', size: 'Medium' }"
wet-suit-bc-0698,Wet Suit- BC-0698,Size,Large,"{ productHandle: 'wet-suit-bc-0698', size: 'Large' }"
wet-suit-bc-0698,Wet Suit- BC-0698,Size,X-Large,"{ productHandle: 'wet-suit-bc-0698', size: 'X-Large' }"
wet-suit-bc-0698,Wet Suit- BC-0698,Size,2XL,"{ productHandle: 'wet-suit-bc-0698', size: '2XL' }"
wet-suit-bc-0698,Wet Suit- BC-0698,Size,3XL,"{ productHandle: 'wet-suit-bc-0698', size: '3XL' }"
wet-suit-product-code-bc-0697,Wet Suit- BC-0697,Size,Small,"{ productHandle: 'wet-suit-product-code-bc-0697', size: 'Small' }"
wet-suit-product-code-bc-0697,Wet Suit- BC-0697,Size,Medium,"{ productHandle: 'wet-suit-product-code-bc-0697', size: 'Medium' }"
wet-suit-product-code-bc-0697,Wet Suit- BC-0697,Size,Large,"{ productHandle: 'wet-suit-product-code-bc-0697', size: 'Large' }"
wet-suit-product-code-bc-0697,Wet Suit- BC-0697,Size,X-Large,"{ productHandle: 'wet-suit-product-code-bc-0697', size: 'X-Large' }"
wet-suit-product-code-bc-0697,Wet Suit- BC-0697,Size,2XL,"{ productHandle: 'wet-suit-product-code-bc-0697', size: '2XL' }"
wet-suit-product-code-bc-0697,Wet Suit- BC-0697,Size,3XL,"{ productHandle: 'wet-suit-product-code-bc-0697', size: '3XL' }"
wet-suit-bc-0696,Wet Suit- BC-0696,Size,Small,"{ productHandle: 'wet-suit-bc-0696', size: 'Small' }"
wet-suit-bc-0696,Wet Suit- BC-0696,Size,Medium,"{ productHandle: 'wet-suit-bc-0696', size: 'Medium' }"
wet-suit-bc-0696,Wet Suit- BC-0696,Size,Large,"{ productHandle: 'wet-suit-bc-0696', size: 'Large' }"
wet-suit-bc-0696,Wet Suit- BC-0696,Size,X-Large,"{ productHandle: 'wet-suit-bc-0696', size: 'X-Large' }"
wet-suit-bc-0696,Wet Suit- BC-0696,Size,2XL,"{ productHandle: 'wet-suit-bc-0696', size: '2XL' }"
wet-suit-bc-0696,Wet Suit- BC-0696,Size,3XL,"{ productHandle: 'wet-suit-bc-0696', size: '3XL' }"
wet-suit-bc-0695,Wet Suit- BC-0695,Size,Small,"{ productHandle: 'wet-suit-bc-0695', size: 'Small' }"
wet-suit-bc-0695,Wet Suit- BC-0695,Size,Medium,"{ productHandle: 'wet-suit-bc-0695', size: 'Medium' }"
wet-suit-bc-0695,Wet Suit- BC-0695,Size,Large,"{ productHandle: 'wet-suit-bc-0695', size: 'Large' }"
wet-suit-bc-0695,Wet Suit- BC-0695,Size,X-Large,"{ productHandle: 'wet-suit-bc-0695', size: 'X-Large' }"
wet-suit-bc-0695,Wet Suit- BC-0695,Size,2XL,"{ productHandle: 'wet-suit-bc-0695', size: '2XL' }"
wet-suit-bc-0695,Wet Suit- BC-0695,Size,3XL,"{ productHandle: 'wet-suit-bc-0695', size: '3XL' }"
wet-suit-bc-0694,Wet Suit- BC-0694,Size,Small,"{ productHandle: 'wet-suit-bc-0694', size: 'Small' }"
wet-suit-bc-0694,Wet Suit- BC-0694,Size,Medium,"{ productHandle: 'wet-suit-bc-0694', size: 'Medium' }"
wet-suit-bc-0694,Wet Suit- BC-0694,Size,Large,"{ productHandle: 'wet-suit-bc-0694', size: 'Large' }"
wet-suit-bc-0694,Wet Suit- BC-0694,Size,X-Large,"{ productHandle: 'wet-suit-bc-0694', size: 'X-Large' }"
wet-suit-bc-0694,Wet Suit- BC-0694,Size,2XL,"{ productHandle: 'wet-suit-bc-0694', size: '2XL' }"
wet-suit-bc-0694,Wet Suit- BC-0694,Size,3XL,"{ productHandle: 'wet-suit-bc-0694', size: '3XL' }"
wet-suit-bc-0693,Wet Suit- BC-0693,Size,Small,"{ productHandle: 'wet-suit-bc-0693', size: 'Small' }"
wet-suit-bc-0693,Wet Suit- BC-0693,Size,Medium,"{ productHandle: 'wet-suit-bc-0693', size: 'Medium' }"
wet-suit-bc-0693,Wet Suit- BC-0693,Size,Large,"{ productHandle: 'wet-suit-bc-0693', size: 'Large' }"
wet-suit-bc-0693,Wet Suit- BC-0693,Size,X-Large,"{ productHandle: 'wet-suit-bc-0693', size: 'X-Large' }"
wet-suit-bc-0693,Wet Suit- BC-0693,Size,2XL,"{ productHandle: 'wet-suit-bc-0693', size: '2XL' }"
wet-suit-bc-0693,Wet Suit- BC-0693,Size,3XL,"{ productHandle: 'wet-suit-bc-0693', size: '3XL' }"
wet-suit-bc-0692,Wet Suit- BC-0692,Size,Small,"{ productHandle: 'wet-suit-bc-0692', size: 'Small' }"
wet-suit-bc-0692,Wet Suit- BC-0692,Size,Medium,"{ productHandle: 'wet-suit-bc-0692', size: 'Medium' }"
wet-suit-bc-0692,Wet Suit- BC-0692,Size,Large,"{ productHandle: 'wet-suit-bc-0692', size: 'Large' }"
wet-suit-bc-0692,Wet Suit- BC-0692,Size,X-Large,"{ productHandle: 'wet-suit-bc-0692', size: 'X-Large' }"
wet-suit-bc-0692,Wet Suit- BC-0692,Size,2XL,"{ productHandle: 'wet-suit-bc-0692', size: '2XL' }"
wet-suit-bc-0692,Wet Suit- BC-0692,Size,3XL,"{ productHandle: 'wet-suit-bc-0692', size: '3XL' }"
wet-suit-bc-0691,Wet Suit- BC-0691,Size,Small,"{ productHandle: 'wet-suit-bc-0691', size: 'Small' }"
wet-suit-bc-0691,Wet Suit- BC-0691,Size,Medium,"{ productHandle: 'wet-suit-bc-0691', size: 'Medium' }"
wet-suit-bc-0691,Wet Suit- BC-0691,Size,Large,"{ productHandle: 'wet-suit-bc-0691', size: 'Large' }"
wet-suit-bc-0691,Wet Suit- BC-0691,Size,X-Large,"{ productHandle: 'wet-suit-bc-0691', size: 'X-Large' }"
wet-suit-bc-0691,Wet Suit- BC-0691,Size,2XL,"{ productHandle: 'wet-suit-bc-0691', size: '2XL' }"
wet-suit-bc-0691,Wet Suit- BC-0691,Size,3XL,"{ productHandle: 'wet-suit-bc-0691', size: '3XL' }"
wet-suit-bc-0690,Wet Suit- BC-0690,Size,Small,"{ productHandle: 'wet-suit-bc-0690', size: 'Small' }"
wet-suit-bc-0690,Wet Suit- BC-0690,Size,Medium,"{ productHandle: 'wet-suit-bc-0690', size: 'Medium' }"
wet-suit-bc-0690,Wet Suit- BC-0690,Size,Large,"{ productHandle: 'wet-suit-bc-0690', size: 'Large' }"
wet-suit-bc-0690,Wet Suit- BC-0690,Size,X-Large,"{ productHandle: 'wet-suit-bc-0690', size: 'X-Large' }"
wet-suit-bc-0690,Wet Suit- BC-0690,Size,2XL,"{ productHandle: 'wet-suit-bc-0690', size: '2XL' }"
wet-suit-bc-0690,Wet Suit- BC-0690,Size,3XL,"{ productHandle: 'wet-suit-bc-0690', size: '3XL' }"
wet-suit-bc-0689,Wet Suit- BC-0689,Size,Small,"{ productHandle: 'wet-suit-bc-0689', size: 'Small' }"
wet-suit-bc-0689,Wet Suit- BC-0689,Size,Medium,"{ productHandle: 'wet-suit-bc-0689', size: 'Medium' }"
wet-suit-bc-0689,Wet Suit- BC-0689,Size,Large,"{ productHandle: 'wet-suit-bc-0689', size: 'Large' }"
wet-suit-bc-0689,Wet Suit- BC-0689,Size,X-Large,"{ productHandle: 'wet-suit-bc-0689', size: 'X-Large' }"
wet-suit-bc-0689,Wet Suit- BC-0689,Size,2XL,"{ productHandle: 'wet-suit-bc-0689', size: '2XL' }"
wet-suit-bc-0689,Wet Suit- BC-0689,Size,3XL,"{ productHandle: 'wet-suit-bc-0689', size: '3XL' }"
wet-suit-bc-0688,Wet Suit- BC-0688,Size,Small,"{ productHandle: 'wet-suit-bc-0688', size: 'Small' }"
wet-suit-bc-0688,Wet Suit- BC-0688,Size,Medium,"{ productHandle: 'wet-suit-bc-0688', size: 'Medium' }"
wet-suit-bc-0688,Wet Suit- BC-0688,Size,Large,"{ productHandle: 'wet-suit-bc-0688', size: 'Large' }"
wet-suit-bc-0688,Wet Suit- BC-0688,Size,X-Large,"{ productHandle: 'wet-suit-bc-0688', size: 'X-Large' }"
wet-suit-bc-0688,Wet Suit- BC-0688,Size,2XL,"{ productHandle: 'wet-suit-bc-0688', size: '2XL' }"
wet-suit-bc-0688,Wet Suit- BC-0688,Size,3XL,"{ productHandle: 'wet-suit-bc-0688', size: '3XL' }"
wet-suit-bc-0687,Wet Suit- BC-0687,Size,Small,"{ productHandle: 'wet-suit-bc-0687', size: 'Small' }"
wet-suit-bc-0687,Wet Suit- BC-0687,Size,Medium,"{ productHandle: 'wet-suit-bc-0687', size: 'Medium' }"
wet-suit-bc-0687,Wet Suit- BC-0687,Size,Large,"{ productHandle: 'wet-suit-bc-0687', size: 'Large' }"
wet-suit-bc-0687,Wet Suit- BC-0687,Size,X-Large,"{ productHandle: 'wet-suit-bc-0687', size: 'X-Large' }"
wet-suit-bc-0687,Wet Suit- BC-0687,Size,2XL,"{ productHandle: 'wet-suit-bc-0687', size: '2XL' }"
wet-suit-bc-0687,Wet Suit- BC-0687,Size,3XL,"{ productHandle: 'wet-suit-bc-0687', size: '3XL' }"
wet-suit-bc-0686,Wet Suit- BC-0686,Size,Small,"{ productHandle: 'wet-suit-bc-0686', size: 'Small' }"
wet-suit-bc-0686,Wet Suit- BC-0686,Size,Medium,"{ productHandle: 'wet-suit-bc-0686', size: 'Medium' }"
wet-suit-bc-0686,Wet Suit- BC-0686,Size,Large,"{ productHandle: 'wet-suit-bc-0686', size: 'Large' }"
wet-suit-bc-0686,Wet Suit- BC-0686,Size,X-Large,"{ productHandle: 'wet-suit-bc-0686', size: 'X-Large' }"
wet-suit-bc-0686,Wet Suit- BC-0686,Size,2XL,"{ productHandle: 'wet-suit-bc-0686', size: '2XL' }"
wet-suit-bc-0686,Wet Suit- BC-0686,Size,3XL,"{ productHandle: 'wet-suit-bc-0686', size: '3XL' }"
wet-suit-bc-0685,Wet Suit- BC-0685,Size,Small,"{ productHandle: 'wet-suit-bc-0685', size: 'Small' }"
wet-suit-bc-0685,Wet Suit- BC-0685,Size,Medium,"{ productHandle: 'wet-suit-bc-0685', size: 'Medium' }"
wet-suit-bc-0685,Wet Suit- BC-0685,Size,Large,"{ productHandle: 'wet-suit-bc-0685', size: 'Large' }"
wet-suit-bc-0685,Wet Suit- BC-0685,Size,X-Large,"{ productHandle: 'wet-suit-bc-0685', size: 'X-Large' }"
wet-suit-bc-0685,Wet Suit- BC-0685,Size,2XL,"{ productHandle: 'wet-suit-bc-0685', size: '2XL' }"
wet-suit-bc-0685,Wet Suit- BC-0685,Size,3XL,"{ productHandle: 'wet-suit-bc-0685', size: '3XL' }"
microfiber-tops-bc-0363,Wet Suit- BC-0684,Size,Small,"{ productHandle: 'microfiber-tops-bc-0363', size: 'Small' }"
microfiber-tops-bc-0363,Wet Suit- BC-0684,Size,Medium,"{ productHandle: 'microfiber-tops-bc-0363', size: 'Medium' }"
microfiber-tops-bc-0363,Wet Suit- BC-0684,Size,Large,"{ productHandle: 'microfiber-tops-bc-0363', size: 'Large' }"
microfiber-tops-bc-0363,Wet Suit- BC-0684,Size,X-Large,"{ productHandle: 'microfiber-tops-bc-0363', size: 'X-Large' }"
microfiber-tops-bc-0363,Wet Suit- BC-0684,Size,2XL,"{ productHandle: 'microfiber-tops-bc-0363', size: '2XL' }"
microfiber-tops-bc-0363,Wet Suit- BC-0684,Size,3XL,"{ productHandle: 'microfiber-tops-bc-0363', size: '3XL' }"
microfiber-tops-bc-0364,Microfiber Tops- BC-0364,Size,Small,"{ productHandle: 'microfiber-tops-bc-0364', size: 'Small' }"
microfiber-tops-bc-0364,Microfiber Tops- BC-0364,Size,Medium,"{ productHandle: 'microfiber-tops-bc-0364', size: 'Medium' }"
microfiber-tops-bc-0364,Microfiber Tops- BC-0364,Size,Large,"{ productHandle: 'microfiber-tops-bc-0364', size: 'Large' }"
microfiber-tops-bc-0364,Microfiber Tops- BC-0364,Size,X-Large,"{ productHandle: 'microfiber-tops-bc-0364', size: 'X-Large' }"
microfiber-tops-bc-0364,Microfiber Tops- BC-0364,Size,2XL,"{ productHandle: 'microfiber-tops-bc-0364', size: '2XL' }"
microfiber-tops-bc-0364,Microfiber Tops- BC-0364,Size,3XL,"{ productHandle: 'microfiber-tops-bc-0364', size: '3XL' }"
microfiber-tops-bc-0365,Microfiber Tops- BC-0365,Size,Small,"{ productHandle: 'microfiber-tops-bc-0365', size: 'Small' }"
microfiber-tops-bc-0365,Microfiber Tops- BC-0365,Size,Medium,"{ productHandle: 'microfiber-tops-bc-0365', size: 'Medium' }"
microfiber-tops-bc-0365,Microfiber Tops- BC-0365,Size,Large,"{ productHandle: 'microfiber-tops-bc-0365', size: 'Large' }"
microfiber-tops-bc-0365,Microfiber Tops- BC-0365,Size,X-Large,"{ productHandle: 'microfiber-tops-bc-0365', size: 'X-Large' }"
microfiber-tops-bc-0365,Microfiber Tops- BC-0365,Size,2XL,"{ productHandle: 'microfiber-tops-bc-0365', size: '2XL' }"
microfiber-tops-bc-0365,Microfiber Tops- BC-0365,Size,3XL,"{ productHandle: 'microfiber-tops-bc-0365', size: '3XL' }"
microfiber-tops-bc-0216,Microfiber Tops- BC-0216,Size,Small,"{ productHandle: 'microfiber-tops-bc-0216', size: 'Small' }"
microfiber-tops-bc-0216,Microfiber Tops- BC-0216,Size,Medium,"{ productHandle: 'microfiber-tops-bc-0216', size: 'Medium' }"
microfiber-tops-bc-0216,Microfiber Tops- BC-0216,Size,Large,"{ productHandle: 'microfiber-tops-bc-0216', size: 'Large' }"
microfiber-tops-bc-0216,Microfiber Tops- BC-0216,Size,X-Large,"{ productHandle: 'microfiber-tops-bc-0216', size: 'X-Large' }"
microfiber-tops-bc-0216,Microfiber Tops- BC-0216,Size,2XL,"{ productHandle: 'microfiber-tops-bc-0216', size: '2XL' }"
microfiber-tops-bc-0216,Microfiber Tops- BC-0216,Size,3XL,"{ productHandle: 'microfiber-tops-bc-0216', size: '3XL' }"
microfiber-tops-bc-0217,Microfiber Tops- BC-0217,Size,Small,"{ productHandle: 'microfiber-tops-bc-0217', size: 'Small' }"
microfiber-tops-bc-0217,Microfiber Tops- BC-0217,Size,Medium,"{ productHandle: 'microfiber-tops-bc-0217', size: 'Medium' }"
microfiber-tops-bc-0217,Microfiber Tops- BC-0217,Size,Large,"{ productHandle: 'microfiber-tops-bc-0217', size: 'Large' }"
microfiber-tops-bc-0217,Microfiber Tops- BC-0217,Size,X-Large,"{ productHandle: 'microfiber-tops-bc-0217', size: 'X-Large' }"
microfiber-tops-bc-0217,Microfiber Tops- BC-0217,Size,2XL,"{ productHandle: 'microfiber-tops-bc-0217', size: '2XL' }"
microfiber-tops-bc-0217,Microfiber Tops- BC-0217,Size,3XL,"{ productHandle: 'microfiber-tops-bc-0217', size: '3XL' }"
microfiber-tops-bc-0218,Microfiber Tops- BC-0218,Size,Small,"{ productHandle: 'microfiber-tops-bc-0218', size: 'Small' }"
microfiber-tops-bc-0218,Microfiber Tops- BC-0218,Size,Medium,"{ productHandle: 'microfiber-tops-bc-0218', size: 'Medium' }"
microfiber-tops-bc-0218,Microfiber Tops- BC-0218,Size,Large,"{ productHandle: 'microfiber-tops-bc-0218', size: 'Large' }"
microfiber-tops-bc-0218,Microfiber Tops- BC-0218,Size,X-Large,"{ productHandle: 'microfiber-tops-bc-0218', size: 'X-Large' }"
microfiber-tops-bc-0218,Microfiber Tops- BC-0218,Size,2XL,"{ productHandle: 'microfiber-tops-bc-0218', size: '2XL' }"
microfiber-tops-bc-0218,Microfiber Tops- BC-0218,Size,3XL,"{ productHandle: 'microfiber-tops-bc-0218', size: '3XL' }"
microfiber-tops-bc-0219,Microfiber Tops- BC-0219,Size,Small,"{ productHandle: 'microfiber-tops-bc-0219', size: 'Small' }"
microfiber-tops-bc-0219,Microfiber Tops- BC-0219,Size,Medium,"{ productHandle: 'microfiber-tops-bc-0219', size: 'Medium' }"
microfiber-tops-bc-0219,Microfiber Tops- BC-0219,Size,Large,"{ productHandle: 'microfiber-tops-bc-0219', size: 'Large' }"
microfiber-tops-bc-0219,Microfiber Tops- BC-0219,Size,X-Large,"{ productHandle: 'microfiber-tops-bc-0219', size: 'X-Large' }"
microfiber-tops-bc-0219,Microfiber Tops- BC-0219,Size,2XL,"{ productHandle: 'microfiber-tops-bc-0219', size: '2XL' }"
microfiber-tops-bc-0219,Microfiber Tops- BC-0219,Size,3XL,"{ productHandle: 'microfiber-tops-bc-0219', size: '3XL' }"
microfiber-tops-bc-0220,Microfiber Tops- BC-0220,Size,Small,"{ productHandle: 'microfiber-tops-bc-0220', size: 'Small' }"
microfiber-tops-bc-0220,Microfiber Tops- BC-0220,Size,Medium,"{ productHandle: 'microfiber-tops-bc-0220', size: 'Medium' }"
microfiber-tops-bc-0220,Microfiber Tops- BC-0220,Size,Large,"{ productHandle: 'microfiber-tops-bc-0220', size: 'Large' }"
microfiber-tops-bc-0220,Microfiber Tops- BC-0220,Size,X-Large,"{ productHandle: 'microfiber-tops-bc-0220', size: 'X-Large' }"
microfiber-tops-bc-0220,Microfiber Tops- BC-0220,Size,2XL,"{ productHandle: 'microfiber-tops-bc-0220', size: '2XL' }"
microfiber-tops-bc-0220,Microfiber Tops- BC-0220,Size,3XL,"{ productHandle: 'microfiber-tops-bc-0220', size: '3XL' }"
microfiber-tops-bc-0221,Microfiber Tops- BC-0221,Size,Small,"{ productHandle: 'microfiber-tops-bc-0221', size: 'Small' }"
microfiber-tops-bc-0221,Microfiber Tops- BC-0221,Size,Medium,"{ productHandle: 'microfiber-tops-bc-0221', size: 'Medium' }"
microfiber-tops-bc-0221,Microfiber Tops- BC-0221,Size,Large,"{ productHandle: 'microfiber-tops-bc-0221', size: 'Large' }"
microfiber-tops-bc-0221,Microfiber Tops- BC-0221,Size,X-Large,"{ productHandle: 'microfiber-tops-bc-0221', size: 'X-Large' }"
microfiber-tops-bc-0221,Microfiber Tops- BC-0221,Size,2XL,"{ productHandle: 'microfiber-tops-bc-0221', size: '2XL' }"
microfiber-tops-bc-0221,Microfiber Tops- BC-0221,Size,3XL,"{ productHandle: 'microfiber-tops-bc-0221', size: '3XL' }"
microfiber-tops-bc-0222,Microfiber Tops- BC-0222,Size,X-Small,"{ productHandle: 'microfiber-tops-bc-0222', size: 'X-Small' }"
microfiber-tops-bc-0222,Microfiber Tops- BC-0222,Size,Small,"{ productHandle: 'microfiber-tops-bc-0222', size: 'Small' }"
microfiber-tops-bc-0222,Microfiber Tops- BC-0222,Size,Medium,"{ productHandle: 'microfiber-tops-bc-0222', size: 'Medium' }"
microfiber-tops-bc-0222,Microfiber Tops- BC-0222,Size,Large,"{ productHandle: 'microfiber-tops-bc-0222', size: 'Large' }"
microfiber-tops-bc-0222,Microfiber Tops- BC-0222,Size,X-Large,"{ productHandle: 'microfiber-tops-bc-0222', size: 'X-Large' }"
microfiber-tops-bc-0222,Microfiber Tops- BC-0222,Size,2XL,"{ productHandle: 'microfiber-tops-bc-0222', size: '2XL' }"
microfiber-tops-bc-0223,Microfiber Tops- BC-0223,Size,Small,"{ productHandle: 'microfiber-tops-bc-0223', size: 'Small' }"
microfiber-tops-bc-0223,Microfiber Tops- BC-0223,Size,Medium,"{ productHandle: 'microfiber-tops-bc-0223', size: 'Medium' }"
microfiber-tops-bc-0223,Microfiber Tops- BC-0223,Size,Large,"{ productHandle: 'microfiber-tops-bc-0223', size: 'Large' }"
microfiber-tops-bc-0223,Microfiber Tops- BC-0223,Size,X-Large,"{ productHandle: 'microfiber-tops-bc-0223', size: 'X-Large' }"
microfiber-tops-bc-0223,Microfiber Tops- BC-0223,Size,2XL,"{ productHandle: 'microfiber-tops-bc-0223', size: '2XL' }"
microfiber-tops-bc-0223,Microfiber Tops- BC-0223,Size,3XL,"{ productHandle: 'microfiber-tops-bc-0223', size: '3XL' }"
microfiber-tops-bc-0224,Microfiber Tops- BC-0224,Size,Small,"{ productHandle: 'microfiber-tops-bc-0224', size: 'Small' }"
microfiber-tops-bc-0224,Microfiber Tops- BC-0224,Size,Medium,"{ productHandle: 'microfiber-tops-bc-0224', size: 'Medium' }"
microfiber-tops-bc-0224,Microfiber Tops- BC-0224,Size,Large,"{ productHandle: 'microfiber-tops-bc-0224', size: 'Large' }"
microfiber-tops-bc-0224,Microfiber Tops- BC-0224,Size,X-Large,"{ productHandle: 'microfiber-tops-bc-0224', size: 'X-Large' }"
microfiber-tops-bc-0224,Microfiber Tops- BC-0224,Size,2XL,"{ productHandle: 'microfiber-tops-bc-0224', size: '2XL' }"
microfiber-tops-bc-0224,Microfiber Tops- BC-0224,Size,3XL,"{ productHandle: 'microfiber-tops-bc-0224', size: '3XL' }"
microfiber-tops-bc-0225,Microfiber Tops- BC-0225,Size,Small,"{ productHandle: 'microfiber-tops-bc-0225', size: 'Small' }"
microfiber-tops-bc-0225,Microfiber Tops- BC-0225,Size,Medium,"{ productHandle: 'microfiber-tops-bc-0225', size: 'Medium' }"
microfiber-tops-bc-0225,Microfiber Tops- BC-0225,Size,Large,"{ productHandle: 'microfiber-tops-bc-0225', size: 'Large' }"
microfiber-tops-bc-0225,Microfiber Tops- BC-0225,Size,X-Large,"{ productHandle: 'microfiber-tops-bc-0225', size: 'X-Large' }"
microfiber-tops-bc-0225,Microfiber Tops- BC-0225,Size,2XL,"{ productHandle: 'microfiber-tops-bc-0225', size: '2XL' }"
microfiber-tops-bc-0225,Microfiber Tops- BC-0225,Size,3XL,"{ productHandle: 'microfiber-tops-bc-0225', size: '3XL' }"
microfiber-tops-bc-0226,Microfiber Tops- BC-0226,Size,Small,"{ productHandle: 'microfiber-tops-bc-0226', size: 'Small' }"
microfiber-tops-bc-0226,Microfiber Tops- BC-0226,Size,Medium,"{ productHandle: 'microfiber-tops-bc-0226', size: 'Medium' }"
microfiber-tops-bc-0226,Microfiber Tops- BC-0226,Size,Large,"{ productHandle: 'microfiber-tops-bc-0226', size: 'Large' }"
microfiber-tops-bc-0226,Microfiber Tops- BC-0226,Size,X-Large,"{ productHandle: 'microfiber-tops-bc-0226', size: 'X-Large' }"
microfiber-tops-bc-0226,Microfiber Tops- BC-0226,Size,2XL,"{ productHandle: 'microfiber-tops-bc-0226', size: '2XL' }"
microfiber-tops-bc-0226,Microfiber Tops- BC-0226,Size,3XL,"{ productHandle: 'microfiber-tops-bc-0226', size: '3XL' }"
microfiber-tops-bc-0227,Microfiber Tops- BC-0227,Size,Small,"{ productHandle: 'microfiber-tops-bc-0227', size: 'Small' }"
microfiber-tops-bc-0227,Microfiber Tops- BC-0227,Size,Medium,"{ productHandle: 'microfiber-tops-bc-0227', size: 'Medium' }"
microfiber-tops-bc-0227,Microfiber Tops- BC-0227,Size,Large,"{ productHandle: 'microfiber-tops-bc-0227', size: 'Large' }"
microfiber-tops-bc-0227,Microfiber Tops- BC-0227,Size,X-Large,"{ productHandle: 'microfiber-tops-bc-0227', size: 'X-Large' }"
microfiber-tops-bc-0227,Microfiber Tops- BC-0227,Size,2XL,"{ productHandle: 'microfiber-tops-bc-0227', size: '2XL' }"
microfiber-tops-bc-0227,Microfiber Tops- BC-0227,Size,3XL,"{ productHandle: 'microfiber-tops-bc-0227', size: '3XL' }"
microfiber-tops-bc-0228,Microfiber Tops- BC-0228,Size,Small,"{ productHandle: 'microfiber-tops-bc-0228', size: 'Small' }"
microfiber-tops-bc-0228,Microfiber Tops- BC-0228,Size,Medium,"{ productHandle: 'microfiber-tops-bc-0228', size: 'Medium' }"
microfiber-tops-bc-0228,Microfiber Tops- BC-0228,Size,Large,"{ productHandle: 'microfiber-tops-bc-0228', size: 'Large' }"
microfiber-tops-bc-0228,Microfiber Tops- BC-0228,Size,X-Large,"{ productHandle: 'microfiber-tops-bc-0228', size: 'X-Large' }"
microfiber-tops-bc-0228,Microfiber Tops- BC-0228,Size,2XL,"{ productHandle: 'microfiber-tops-bc-0228', size: '2XL' }"
microfiber-tops-bc-0228,Microfiber Tops- BC-0228,Size,3XL,"{ productHandle: 'microfiber-tops-bc-0228', size: '3XL' }"
microfiber-tops-bc-0229,Microfiber Tops- BC-0229,Size,Small,"{ productHandle: 'microfiber-tops-bc-0229', size: 'Small' }"
microfiber-tops-bc-0229,Microfiber Tops- BC-0229,Size,Medium,"{ productHandle: 'microfiber-tops-bc-0229', size: 'Medium' }"
microfiber-tops-bc-0229,Microfiber Tops- BC-0229,Size,Large,"{ productHandle: 'microfiber-tops-bc-0229', size: 'Large' }"
microfiber-tops-bc-0229,Microfiber Tops- BC-0229,Size,X-Large,"{ productHandle: 'microfiber-tops-bc-0229', size: 'X-Large' }"
microfiber-tops-bc-0229,Microfiber Tops- BC-0229,Size,2XL,"{ productHandle: 'microfiber-tops-bc-0229', size: '2XL' }"
microfiber-tops-bc-0229,Microfiber Tops- BC-0229,Size,3XL,"{ productHandle: 'microfiber-tops-bc-0229', size: '3XL' }"
microfiber-tops-bc-0230,Microfiber Tops- BC-0230,Size,Small,"{ productHandle: 'microfiber-tops-bc-0230', size: 'Small' }"
microfiber-tops-bc-0230,Microfiber Tops- BC-0230,Size,Medium,"{ productHandle: 'microfiber-tops-bc-0230', size: 'Medium' }"
microfiber-tops-bc-0230,Microfiber Tops- BC-0230,Size,Large,"{ productHandle: 'microfiber-tops-bc-0230', size: 'Large' }"
microfiber-tops-bc-0230,Microfiber Tops- BC-0230,Size,X-Large,"{ productHandle: 'microfiber-tops-bc-0230', size: 'X-Large' }"
microfiber-tops-bc-0230,Microfiber Tops- BC-0230,Size,2XL,"{ productHandle: 'microfiber-tops-bc-0230', size: '2XL' }"
microfiber-tops-bc-0230,Microfiber Tops- BC-0230,Size,3XL,"{ productHandle: 'microfiber-tops-bc-0230', size: '3XL' }"
microfiber-tops-bc-0231,Microfiber Tops- BC-0231,Size,Small,"{ productHandle: 'microfiber-tops-bc-0231', size: 'Small' }"
microfiber-tops-bc-0231,Microfiber Tops- BC-0231,Size,Medium,"{ productHandle: 'microfiber-tops-bc-0231', size: 'Medium' }"
microfiber-tops-bc-0231,Microfiber Tops- BC-0231,Size,Large,"{ productHandle: 'microfiber-tops-bc-0231', size: 'Large' }"
microfiber-tops-bc-0231,Microfiber Tops- BC-0231,Size,X-Large,"{ productHandle: 'microfiber-tops-bc-0231', size: 'X-Large' }"
microfiber-tops-bc-0231,Microfiber Tops- BC-0231,Size,2XL,"{ productHandle: 'microfiber-tops-bc-0231', size: '2XL' }"
microfiber-tops-bc-0231,Microfiber Tops- BC-0231,Size,3XL,"{ productHandle: 'microfiber-tops-bc-0231', size: '3XL' }"
microfiber-tops-bc-0232,Microfiber Tops- BC-0232,Size,Small,"{ productHandle: 'microfiber-tops-bc-0232', size: 'Small' }"
microfiber-tops-bc-0232,Microfiber Tops- BC-0232,Size,Medium,"{ productHandle: 'microfiber-tops-bc-0232', size: 'Medium' }"
microfiber-tops-bc-0232,Microfiber Tops- BC-0232,Size,Large,"{ productHandle: 'microfiber-tops-bc-0232', size: 'Large' }"
microfiber-tops-bc-0232,Microfiber Tops- BC-0232,Size,X-Large,"{ productHandle: 'microfiber-tops-bc-0232', size: 'X-Large' }"
microfiber-tops-bc-0232,Microfiber Tops- BC-0232,Size,2XL,"{ productHandle: 'microfiber-tops-bc-0232', size: '2XL' }"
microfiber-tops-bc-0232,Microfiber Tops- BC-0232,Size,3XL,"{ productHandle: 'microfiber-tops-bc-0232', size: '3XL' }"
microfiber-tops-bc-0233,Microfiber Tops- BC-0233,Size,Small,"{ productHandle: 'microfiber-tops-bc-0233', size: 'Small' }"
microfiber-tops-bc-0233,Microfiber Tops- BC-0233,Size,Medium,"{ productHandle: 'microfiber-tops-bc-0233', size: 'Medium' }"
microfiber-tops-bc-0233,Microfiber Tops- BC-0233,Size,Large,"{ productHandle: 'microfiber-tops-bc-0233', size: 'Large' }"
microfiber-tops-bc-0233,Microfiber Tops- BC-0233,Size,X-Large,"{ productHandle: 'microfiber-tops-bc-0233', size: 'X-Large' }"
microfiber-tops-bc-0233,Microfiber Tops- BC-0233,Size,2XL,"{ productHandle: 'microfiber-tops-bc-0233', size: '2XL' }"
microfiber-tops-bc-0233,Microfiber Tops- BC-0233,Size,3XL,"{ productHandle: 'microfiber-tops-bc-0233', size: '3XL' }"
microfiber-tops-bc-0234,Microfiber Tops- BC-0234,Size,Small,"{ productHandle: 'microfiber-tops-bc-0234', size: 'Small' }"
microfiber-tops-bc-0234,Microfiber Tops- BC-0234,Size,Medium,"{ productHandle: 'microfiber-tops-bc-0234', size: 'Medium' }"
microfiber-tops-bc-0234,Microfiber Tops- BC-0234,Size,Large,"{ productHandle: 'microfiber-tops-bc-0234', size: 'Large' }"
microfiber-tops-bc-0234,Microfiber Tops- BC-0234,Size,X-Large,"{ productHandle: 'microfiber-tops-bc-0234', size: 'X-Large' }"
microfiber-tops-bc-0234,Microfiber Tops- BC-0234,Size,2XL,"{ productHandle: 'microfiber-tops-bc-0234', size: '2XL' }"
microfiber-tops-bc-0234,Microfiber Tops- BC-0234,Size,3XL,"{ productHandle: 'microfiber-tops-bc-0234', size: '3XL' }"
microfiber-tops-bc-0235,Microfiber Tops- BC-0235,Size,Small,"{ productHandle: 'microfiber-tops-bc-0235', size: 'Small' }"
microfiber-tops-bc-0235,Microfiber Tops- BC-0235,Size,Medium,"{ productHandle: 'microfiber-tops-bc-0235', size: 'Medium' }"
microfiber-tops-bc-0235,Microfiber Tops- BC-0235,Size,Large,"{ productHandle: 'microfiber-tops-bc-0235', size: 'Large' }"
microfiber-tops-bc-0235,Microfiber Tops- BC-0235,Size,X-Large,"{ productHandle: 'microfiber-tops-bc-0235', size: 'X-Large' }"
microfiber-tops-bc-0235,Microfiber Tops- BC-0235,Size,2XL,"{ productHandle: 'microfiber-tops-bc-0235', size: '2XL' }"
microfiber-tops-bc-0235,Microfiber Tops- BC-0235,Size,3XL,"{ productHandle: 'microfiber-tops-bc-0235', size: '3XL' }"
microfiber-tops-bc-0236,Microfiber Tops- BC-0236,Size,Small,"{ productHandle: 'microfiber-tops-bc-0236', size: 'Small' }"
microfiber-tops-bc-0236,Microfiber Tops- BC-0236,Size,Medium,"{ productHandle: 'microfiber-tops-bc-0236', size: 'Medium' }"
microfiber-tops-bc-0236,Microfiber Tops- BC-0236,Size,Large,"{ productHandle: 'microfiber-tops-bc-0236', size: 'Large' }"
microfiber-tops-bc-0236,Microfiber Tops- BC-0236,Size,X-Large,"{ productHandle: 'microfiber-tops-bc-0236', size: 'X-Large' }"
microfiber-tops-bc-0236,Microfiber Tops- BC-0236,Size,2XL,"{ productHandle: 'microfiber-tops-bc-0236', size: '2XL' }"
microfiber-tops-bc-0236,Microfiber Tops- BC-0236,Size,3XL,"{ productHandle: 'microfiber-tops-bc-0236', size: '3XL' }"
teacher-hoddie,Teacher Hoddie,Size,adult-small,{ productHandle: 'teacher-hoddie' }
teacher-hoddie,Teacher Hoddie,Title,adult-medium,{ productHandle: 'teacher-hoddie' }
teacher-hoddie,Teacher Hoddie,Title,adult-large,{ productHandle: 'teacher-hoddie' }
teacher-hoddie,Teacher Hoddie,Title,adult-extra-large,{ productHandle: 'teacher-hoddie' }
teacher-hoddie,Teacher Hoddie,Title,adult-2-xl,{ productHandle: 'teacher-hoddie' }
teacher-polo-shirt,Teacher Polo Shirt,Size,adult-small,{ productHandle: 'teacher-polo-shirt' }
teacher-polo-shirt,Teacher Polo Shirt,Title,adult-small,{ productHandle: 'teacher-polo-shirt' }
teacher-polo-shirt,Teacher Polo Shirt,Title,adult-small,{ productHandle: 'teacher-polo-shirt' }
teacher-polo-shirt,Teacher Polo Shirt,Title,adult-medium,{ productHandle: 'teacher-polo-shirt' }
teacher-polo-shirt,Teacher Polo Shirt,Title,adult-medium,{ productHandle: 'teacher-polo-shirt' }
teacher-polo-shirt,Teacher Polo Shirt,Title,adult-medium,{ productHandle: 'teacher-polo-shirt' }
teacher-polo-shirt,Teacher Polo Shirt,Title,adult-large,{ productHandle: 'teacher-polo-shirt' }
teacher-polo-shirt,Teacher Polo Shirt,Title,adult-large,{ productHandle: 'teacher-polo-shirt' }
teacher-polo-shirt,Teacher Polo Shirt,Title,adult-large,{ productHandle: 'teacher-polo-shirt' }
teacher-polo-shirt,Teacher Polo Shirt,Title,adult-extra-large,{ productHandle: 'teacher-polo-shirt' }
teacher-polo-shirt,Teacher Polo Shirt,Title,adult-extra-large,{ productHandle: 'teacher-polo-shirt' }
teacher-polo-shirt,Teacher Polo Shirt,Title,adult-extra-large,{ productHandle: 'teacher-polo-shirt' }
teacher-polo-shirt,Teacher Polo Shirt,Title,adult-2-xl,{ productHandle: 'teacher-polo-shirt' }
teacher-polo-shirt,Teacher Polo Shirt,Title,adult-2-xl,{ productHandle: 'teacher-polo-shirt' }
teacher-polo-shirt,Teacher Polo Shirt,Title,adult-2-xl,{ productHandle: 'teacher-polo-shirt' }
long-sleeve-tshirt,Long Sleeve TShirt,Size,adult-small,{ productHandle: 'long-sleeve-tshirt' }
long-sleeve-tshirt,Long Sleeve TShirt,Title,adult-small,{ productHandle: 'long-sleeve-tshirt' }
long-sleeve-tshirt,Long Sleeve TShirt,Title,adult-small,{ productHandle: 'long-sleeve-tshirt' }
long-sleeve-tshirt,Long Sleeve TShirt,Title,adult-small,{ productHandle: 'long-sleeve-tshirt' }
long-sleeve-tshirt,Long Sleeve TShirt,Title,adult-medium,{ productHandle: 'long-sleeve-tshirt' }
long-sleeve-tshirt,Long Sleeve TShirt,Title,adult-medium,{ productHandle: 'long-sleeve-tshirt' }
long-sleeve-tshirt,Long Sleeve TShirt,Title,adult-medium,{ productHandle: 'long-sleeve-tshirt' }
long-sleeve-tshirt,Long Sleeve TShirt,Title,adult-medium,{ productHandle: 'long-sleeve-tshirt' }
long-sleeve-tshirt,Long Sleeve TShirt,Title,adult-large,{ productHandle: 'long-sleeve-tshirt' }
long-sleeve-tshirt,Long Sleeve TShirt,Title,adult-large,{ productHandle: 'long-sleeve-tshirt' }
long-sleeve-tshirt,Long Sleeve TShirt,Title,adult-large,{ productHandle: 'long-sleeve-tshirt' }
long-sleeve-tshirt,Long Sleeve TShirt,Title,adult-large,{ productHandle: 'long-sleeve-tshirt' }
long-sleeve-tshirt,Long Sleeve TShirt,Title,adult-extra-large,{ productHandle: 'long-sleeve-tshirt' }
long-sleeve-tshirt,Long Sleeve TShirt,Title,adult-extra-large,{ productHandle: 'long-sleeve-tshirt' }
long-sleeve-tshirt,Long Sleeve TShirt,Title,adult-extra-large,{ productHandle: 'long-sleeve-tshirt' }
long-sleeve-tshirt,Long Sleeve TShirt,Title,adult-extra-large,{ productHandle: 'long-sleeve-tshirt' }
long-sleeve-tshirt,Long Sleeve TShirt,Title,adult-2-xl,{ productHandle: 'long-sleeve-tshirt' }
long-sleeve-tshirt,Long Sleeve TShirt,Title,adult-2-xl,{ productHandle: 'long-sleeve-tshirt' }
long-sleeve-tshirt,Long Sleeve TShirt,Title,adult-2-xl,{ productHandle: 'long-sleeve-tshirt' }
long-sleeve-tshirt,Long Sleeve TShirt,Title,adult-2-xl,{ productHandle: 'long-sleeve-tshirt' }
teacher-hoddied-shirt-black,Teacher Hoddied Shirt (Black),Size,adult-small,{ productHandle: 'teacher-hoddied-shirt-black' }
teacher-hoddied-shirt-black,Teacher Hoddied Shirt (Black),Title,adult-medium,{ productHandle: 'teacher-hoddied-shirt-black' }
teacher-hoddied-shirt-black,Teacher Hoddied Shirt (Black),Title,adult-large,{ productHandle: 'teacher-hoddied-shirt-black' }
teacher-hoddied-shirt-black,Teacher Hoddied Shirt (Black),Title,adult-extra-large,{ productHandle: 'teacher-hoddied-shirt-black' }
teacher-hoddied-shirt-black,Teacher Hoddied Shirt (Black),Title,adult-2-xl,{ productHandle: 'teacher-hoddied-shirt-black' }
microfiber-tops-bc-0237,Microfiber Tops- BC-0237,Size,Small,"{ productHandle: 'microfiber-tops-bc-0237', size: 'Small' }"
microfiber-tops-bc-0237,Microfiber Tops- BC-0237,Size,Medium,"{ productHandle: 'microfiber-tops-bc-0237', size: 'Medium' }"
microfiber-tops-bc-0237,Microfiber Tops- BC-0237,Size,Large,"{ productHandle: 'microfiber-tops-bc-0237', size: 'Large' }"
microfiber-tops-bc-0237,Microfiber Tops- BC-0237,Size,X-Large,"{ productHandle: 'microfiber-tops-bc-0237', size: 'X-Large' }"
microfiber-tops-bc-0237,Microfiber Tops- BC-0237,Size,2XL,"{ productHandle: 'microfiber-tops-bc-0237', size: '2XL' }"
microfiber-tops-bc-0237,Microfiber Tops- BC-0237,Size,3XL,"{ productHandle: 'microfiber-tops-bc-0237', size: '3XL' }"
sports-bra-bc-0472,Sports Bra- BC-0472,Size,X-Small,"{ productHandle: 'sports-bra-bc-0472', size: 'X-Small' }"
sports-bra-bc-0472,Sports Bra- BC-0472,Size,Small,"{ productHandle: 'sports-bra-bc-0472', size: 'Small' }"
sports-bra-bc-0472,Sports Bra- BC-0472,Size,Medium,"{ productHandle: 'sports-bra-bc-0472', size: 'Medium' }"
sports-bra-bc-0472,Sports Bra- BC-0472,Size,Large,"{ productHandle: 'sports-bra-bc-0472', size: 'Large' }"
sports-bra-bc-0472,Sports Bra- BC-0472,Size,X-Large,"{ productHandle: 'sports-bra-bc-0472', size: 'X-Large' }"
sports-bra-bc-0472,Sports Bra- BC-0472,Size,2XL,"{ productHandle: 'sports-bra-bc-0472', size: '2XL' }"
sports-bra-bc-0471,Sports Bra- BC-0471,Size,X-Small,"{ productHandle: 'sports-bra-bc-0471', size: 'X-Small' }"
sports-bra-bc-0471,Sports Bra- BC-0471,Size,Small,"{ productHandle: 'sports-bra-bc-0471', size: 'Small' }"
sports-bra-bc-0471,Sports Bra- BC-0471,Size,Medium,"{ productHandle: 'sports-bra-bc-0471', size: 'Medium' }"
sports-bra-bc-0471,Sports Bra- BC-0471,Size,Large,"{ productHandle: 'sports-bra-bc-0471', size: 'Large' }"
sports-bra-bc-0471,Sports Bra- BC-0471,Size,X-Large,"{ productHandle: 'sports-bra-bc-0471', size: 'X-Large' }"
sports-bra-bc-0471,Sports Bra- BC-0471,Size,2XL,"{ productHandle: 'sports-bra-bc-0471', size: '2XL' }"
sports-bra-bc-0470,Sports Bra- BC-0470,Size,X-Small,"{ productHandle: 'sports-bra-bc-0470', size: 'X-Small' }"
sports-bra-bc-0470,Sports Bra- BC-0470,Size,Small,"{ productHandle: 'sports-bra-bc-0470', size: 'Small' }"
sports-bra-bc-0470,Sports Bra- BC-0470,Size,Medium,"{ productHandle: 'sports-bra-bc-0470', size: 'Medium' }"
sports-bra-bc-0470,Sports Bra- BC-0470,Size,Large,"{ productHandle: 'sports-bra-bc-0470', size: 'Large' }"
sports-bra-bc-0470,Sports Bra- BC-0470,Size,X-Large,"{ productHandle: 'sports-bra-bc-0470', size: 'X-Large' }"
sports-bra-bc-0470,Sports Bra- BC-0470,Size,2XL,"{ productHandle: 'sports-bra-bc-0470', size: '2XL' }"
sports-bra-bc-0469,Sports Bra- BC-0469,Size,X-Small,"{ productHandle: 'sports-bra-bc-0469', size: 'X-Small' }"
sports-bra-bc-0469,Sports Bra- BC-0469,Size,Small,"{ productHandle: 'sports-bra-bc-0469', size: 'Small' }"
sports-bra-bc-0469,Sports Bra- BC-0469,Size,Medium,"{ productHandle: 'sports-bra-bc-0469', size: 'Medium' }"
sports-bra-bc-0469,Sports Bra- BC-0469,Size,Large,"{ productHandle: 'sports-bra-bc-0469', size: 'Large' }"
sports-bra-bc-0469,Sports Bra- BC-0469,Size,X-Large,"{ productHandle: 'sports-bra-bc-0469', size: 'X-Large' }"
sports-bra-bc-0469,Sports Bra- BC-0469,Size,2XL,"{ productHandle: 'sports-bra-bc-0469', size: '2XL' }"
sports-bra-bc-0468,Sports Bra- BC-0468,Size,X-Small,"{ productHandle: 'sports-bra-bc-0468', size: 'X-Small' }"
sports-bra-bc-0468,Sports Bra- BC-0468,Size,Small,"{ productHandle: 'sports-bra-bc-0468', size: 'Small' }"
sports-bra-bc-0468,Sports Bra- BC-0468,Size,Medium,"{ productHandle: 'sports-bra-bc-0468', size: 'Medium' }"
sports-bra-bc-0468,Sports Bra- BC-0468,Size,Large,"{ productHandle: 'sports-bra-bc-0468', size: 'Large' }"
sports-bra-bc-0468,Sports Bra- BC-0468,Size,X-Large,"{ productHandle: 'sports-bra-bc-0468', size: 'X-Large' }"
sports-bra-bc-0468,Sports Bra- BC-0468,Size,2XL,"{ productHandle: 'sports-bra-bc-0468', size: '2XL' }"
sports-bra-bc-0467,Sports Bra- BC-0467,Size,X-Small,"{ productHandle: 'sports-bra-bc-0467', size: 'X-Small' }"
sports-bra-bc-0467,Sports Bra- BC-0467,Size,Small,"{ productHandle: 'sports-bra-bc-0467', size: 'Small' }"
sports-bra-bc-0467,Sports Bra- BC-0467,Size,Medium,"{ productHandle: 'sports-bra-bc-0467', size: 'Medium' }"
sports-bra-bc-0467,Sports Bra- BC-0467,Size,Large,"{ productHandle: 'sports-bra-bc-0467', size: 'Large' }"
sports-bra-bc-0467,Sports Bra- BC-0467,Size,X-Large,"{ productHandle: 'sports-bra-bc-0467', size: 'X-Large' }"
sports-bra-bc-0467,Sports Bra- BC-0467,Size,2XL,"{ productHandle: 'sports-bra-bc-0467', size: '2XL' }"
sports-bra-bc-0466,Sports Bra- BC-0466,Size,X-Small,"{ productHandle: 'sports-bra-bc-0466', size: 'X-Small' }"
sports-bra-bc-0466,Sports Bra- BC-0466,Size,Small,"{ productHandle: 'sports-bra-bc-0466', size: 'Small' }"
sports-bra-bc-0466,Sports Bra- BC-0466,Size,Medium,"{ productHandle: 'sports-bra-bc-0466', size: 'Medium' }"
sports-bra-bc-0466,Sports Bra- BC-0466,Size,Large,"{ productHandle: 'sports-bra-bc-0466', size: 'Large' }"
sports-bra-bc-0466,Sports Bra- BC-0466,Size,X-Large,"{ productHandle: 'sports-bra-bc-0466', size: 'X-Large' }"
sports-bra-bc-0466,Sports Bra- BC-0466,Size,2XL,"{ productHandle: 'sports-bra-bc-0466', size: '2XL' }"
sports-bra-bc-0465,Sports Bra- BC-0465,Size,X-Small,"{ productHandle: 'sports-bra-bc-0465', size: 'X-Small' }"
sports-bra-bc-0465,Sports Bra- BC-0465,Size,Small,"{ productHandle: 'sports-bra-bc-0465', size: 'Small' }"
sports-bra-bc-0465,Sports Bra- BC-0465,Size,Medium,"{ productHandle: 'sports-bra-bc-0465', size: 'Medium' }"
sports-bra-bc-0465,Sports Bra- BC-0465,Size,Large,"{ productHandle: 'sports-bra-bc-0465', size: 'Large' }"
sports-bra-bc-0465,Sports Bra- BC-0465,Size,X-Large,"{ productHandle: 'sports-bra-bc-0465', size: 'X-Large' }"
sports-bra-bc-0465,Sports Bra- BC-0465,Size,2XL,"{ productHandle: 'sports-bra-bc-0465', size: '2XL' }"
sports-bra-bc-0464,Sports Bra- BC-0464,Size,X-Small,"{ productHandle: 'sports-bra-bc-0464', size: 'X-Small' }"
sports-bra-bc-0464,Sports Bra- BC-0464,Size,Small,"{ productHandle: 'sports-bra-bc-0464', size: 'Small' }"
sports-bra-bc-0464,Sports Bra- BC-0464,Size,Medium,"{ productHandle: 'sports-bra-bc-0464', size: 'Medium' }"
sports-bra-bc-0464,Sports Bra- BC-0464,Size,Large,"{ productHandle: 'sports-bra-bc-0464', size: 'Large' }"
sports-bra-bc-0464,Sports Bra- BC-0464,Size,X-Large,"{ productHandle: 'sports-bra-bc-0464', size: 'X-Large' }"
sports-bra-bc-0464,Sports Bra- BC-0464,Size,2XL,"{ productHandle: 'sports-bra-bc-0464', size: '2XL' }"
sports-bra-bc-0463,Sports Bra- BC-0463,Size,X-Small,"{ productHandle: 'sports-bra-bc-0463', size: 'X-Small' }"
sports-bra-bc-0463,Sports Bra- BC-0463,Size,Small,"{ productHandle: 'sports-bra-bc-0463', size: 'Small' }"
sports-bra-bc-0463,Sports Bra- BC-0463,Size,Medium,"{ productHandle: 'sports-bra-bc-0463', size: 'Medium' }"
sports-bra-bc-0463,Sports Bra- BC-0463,Size,Large,"{ productHandle: 'sports-bra-bc-0463', size: 'Large' }"
sports-bra-bc-0463,Sports Bra- BC-0463,Size,X-Large,"{ productHandle: 'sports-bra-bc-0463', size: 'X-Large' }"
sports-bra-bc-0463,Sports Bra- BC-0463,Size,2XL,"{ productHandle: 'sports-bra-bc-0463', size: '2XL' }"
sports-bra-bc-0462,Sports Bra- BC-0462,Size,X-Small,"{ productHandle: 'sports-bra-bc-0462', size: 'X-Small' }"
sports-bra-bc-0462,Sports Bra- BC-0462,Size,Small,"{ productHandle: 'sports-bra-bc-0462', size: 'Small' }"
sports-bra-bc-0462,Sports Bra- BC-0462,Size,Medium,"{ productHandle: 'sports-bra-bc-0462', size: 'Medium' }"
sports-bra-bc-0462,Sports Bra- BC-0462,Size,Large,"{ productHandle: 'sports-bra-bc-0462', size: 'Large' }"
sports-bra-bc-0462,Sports Bra- BC-0462,Size,X-Large,"{ productHandle: 'sports-bra-bc-0462', size: 'X-Large' }"
sports-bra-bc-0462,Sports Bra- BC-0462,Size,2XL,"{ productHandle: 'sports-bra-bc-0462', size: '2XL' }"
sports-bra-bc-0461,Sports Bra- BC-0461,Size,X-Small,"{ productHandle: 'sports-bra-bc-0461', size: 'X-Small' }"
sports-bra-bc-0461,Sports Bra- BC-0461,Size,Small,"{ productHandle: 'sports-bra-bc-0461', size: 'Small' }"
sports-bra-bc-0461,Sports Bra- BC-0461,Size,Medium,"{ productHandle: 'sports-bra-bc-0461', size: 'Medium' }"
sports-bra-bc-0461,Sports Bra- BC-0461,Size,Large,"{ productHandle: 'sports-bra-bc-0461', size: 'Large' }"
sports-bra-bc-0461,Sports Bra- BC-0461,Size,X-Large,"{ productHandle: 'sports-bra-bc-0461', size: 'X-Large' }"
sports-bra-bc-0461,Sports Bra- BC-0461,Size,2XL,"{ productHandle: 'sports-bra-bc-0461', size: '2XL' }"
sports-bra-bc-0460,Sports Bra- BC-0460,Size,X-Small,"{ productHandle: 'sports-bra-bc-0460', size: 'X-Small' }"
sports-bra-bc-0460,Sports Bra- BC-0460,Size,Small,"{ productHandle: 'sports-bra-bc-0460', size: 'Small' }"
sports-bra-bc-0460,Sports Bra- BC-0460,Size,Medium,"{ productHandle: 'sports-bra-bc-0460', size: 'Medium' }"
sports-bra-bc-0460,Sports Bra- BC-0460,Size,Large,"{ productHandle: 'sports-bra-bc-0460', size: 'Large' }"
sports-bra-bc-0460,Sports Bra- BC-0460,Size,X-Large,"{ productHandle: 'sports-bra-bc-0460', size: 'X-Large' }"
sports-bra-bc-0460,Sports Bra- BC-0460,Size,2XL,"{ productHandle: 'sports-bra-bc-0460', size: '2XL' }"
sports-bra-bc-0459,Sports Bra- BC-0459,Size,X-Small,"{ productHandle: 'sports-bra-bc-0459', size: 'X-Small' }"
sports-bra-bc-0459,Sports Bra- BC-0459,Size,Small,"{ productHandle: 'sports-bra-bc-0459', size: 'Small' }"
sports-bra-bc-0459,Sports Bra- BC-0459,Size,Medium,"{ productHandle: 'sports-bra-bc-0459', size: 'Medium' }"
sports-bra-bc-0459,Sports Bra- BC-0459,Size,Large,"{ productHandle: 'sports-bra-bc-0459', size: 'Large' }"
sports-bra-bc-0459,Sports Bra- BC-0459,Size,X-Large,"{ productHandle: 'sports-bra-bc-0459', size: 'X-Large' }"
sports-bra-bc-0459,Sports Bra- BC-0459,Size,2XL,"{ productHandle: 'sports-bra-bc-0459', size: '2XL' }"
sports-bra-bc-0458,Sports Bra- BC-0458,Size,X-Small,"{ productHandle: 'sports-bra-bc-0458', size: 'X-Small' }"
sports-bra-bc-0458,Sports Bra- BC-0458,Size,Small,"{ productHandle: 'sports-bra-bc-0458', size: 'Small' }"
sports-bra-bc-0458,Sports Bra- BC-0458,Size,Medium,"{ productHandle: 'sports-bra-bc-0458', size: 'Medium' }"
sports-bra-bc-0458,Sports Bra- BC-0458,Size,Large,"{ productHandle: 'sports-bra-bc-0458', size: 'Large' }"
sports-bra-bc-0458,Sports Bra- BC-0458,Size,X-Large,"{ productHandle: 'sports-bra-bc-0458', size: 'X-Large' }"
sports-bra-bc-0458,Sports Bra- BC-0458,Size,2XL,"{ productHandle: 'sports-bra-bc-0458', size: '2XL' }"
sports-bra-bc-0457,Sports Bra- BC-0457,Size,X-Small,"{ productHandle: 'sports-bra-bc-0457', size: 'X-Small' }"
sports-bra-bc-0457,Sports Bra- BC-0457,Size,Small,"{ productHandle: 'sports-bra-bc-0457', size: 'Small' }"
sports-bra-bc-0457,Sports Bra- BC-0457,Size,Medium,"{ productHandle: 'sports-bra-bc-0457', size: 'Medium' }"
sports-bra-bc-0457,Sports Bra- BC-0457,Size,Large,"{ productHandle: 'sports-bra-bc-0457', size: 'Large' }"
sports-bra-bc-0457,Sports Bra- BC-0457,Size,X-Large,"{ productHandle: 'sports-bra-bc-0457', size: 'X-Large' }"
sports-bra-bc-0457,Sports Bra- BC-0457,Size,2XL,"{ productHandle: 'sports-bra-bc-0457', size: '2XL' }"
sports-bra-bc-0456,Sports Bra- BC-0456,Size,X-Small,"{ productHandle: 'sports-bra-bc-0456', size: 'X-Small' }"
sports-bra-bc-0456,Sports Bra- BC-0456,Size,Small,"{ productHandle: 'sports-bra-bc-0456', size: 'Small' }"
sports-bra-bc-0456,Sports Bra- BC-0456,Size,Medium,"{ productHandle: 'sports-bra-bc-0456', size: 'Medium' }"
sports-bra-bc-0456,Sports Bra- BC-0456,Size,Large,"{ productHandle: 'sports-bra-bc-0456', size: 'Large' }"
sports-bra-bc-0456,Sports Bra- BC-0456,Size,X-Large,"{ productHandle: 'sports-bra-bc-0456', size: 'X-Large' }"
sports-bra-bc-0456,Sports Bra- BC-0456,Size,2XL,"{ productHandle: 'sports-bra-bc-0456', size: '2XL' }"
sports-bra-bc-0455,Sports Bra- BC-0455,Size,X-Small,"{ productHandle: 'sports-bra-bc-0455', size: 'X-Small' }"
sports-bra-bc-0455,Sports Bra- BC-0455,Size,Small,"{ productHandle: 'sports-bra-bc-0455', size: 'Small' }"
sports-bra-bc-0455,Sports Bra- BC-0455,Size,Medium,"{ productHandle: 'sports-bra-bc-0455', size: 'Medium' }"
sports-bra-bc-0455,Sports Bra- BC-0455,Size,Large,"{ productHandle: 'sports-bra-bc-0455', size: 'Large' }"
sports-bra-bc-0455,Sports Bra- BC-0455,Size,X-Large,"{ productHandle: 'sports-bra-bc-0455', size: 'X-Large' }"
sports-bra-bc-0455,Sports Bra- BC-0455,Size,2XL,"{ productHandle: 'sports-bra-bc-0455', size: '2XL' }"
stringer-vest-bc-0484,Stringer Vest- BC-0484,Size,Small,"{ productHandle: 'stringer-vest-bc-0484', size: 'Small' }"
stringer-vest-bc-0484,Stringer Vest- BC-0484,Size,Medium,"{ productHandle: 'stringer-vest-bc-0484', size: 'Medium' }"
stringer-vest-bc-0484,Stringer Vest- BC-0484,Size,Large,"{ productHandle: 'stringer-vest-bc-0484', size: 'Large' }"
stringer-vest-bc-0484,Stringer Vest- BC-0484,Size,X-Large,"{ productHandle: 'stringer-vest-bc-0484', size: 'X-Large' }"
stringer-vest-bc-0484,Stringer Vest- BC-0484,Size,2XL,"{ productHandle: 'stringer-vest-bc-0484', size: '2XL' }"
stringer-vest-bc-0484,Stringer Vest- BC-0484,Size,3XL,"{ productHandle: 'stringer-vest-bc-0484', size: '3XL' }"
stringer-vest-bc-0483,Stringer Vest- BC-0483,Size,Small,"{ productHandle: 'stringer-vest-bc-0483', size: 'Small' }"
stringer-vest-bc-0483,Stringer Vest- BC-0483,Size,Medium,"{ productHandle: 'stringer-vest-bc-0483', size: 'Medium' }"
stringer-vest-bc-0483,Stringer Vest- BC-0483,Size,Large,"{ productHandle: 'stringer-vest-bc-0483', size: 'Large' }"
stringer-vest-bc-0483,Stringer Vest- BC-0483,Size,X-Large,"{ productHandle: 'stringer-vest-bc-0483', size: 'X-Large' }"
stringer-vest-bc-0483,Stringer Vest- BC-0483,Size,2XL,"{ productHandle: 'stringer-vest-bc-0483', size: '2XL' }"
stringer-vest-bc-0483,Stringer Vest- BC-0483,Size,3XL,"{ productHandle: 'stringer-vest-bc-0483', size: '3XL' }"
stringer-vest-bc-0482,Stringer Vest- BC-0482,Title,Default Title,{ productHandle: 'stringer-vest-bc-0482' }
stringer-vest-bc-0481,Stringer Vest- BC-0481,Size,Small,"{ productHandle: 'stringer-vest-bc-0481', size: 'Small' }"
stringer-vest-bc-0481,Stringer Vest- BC-0481,Size,Medium,"{ productHandle: 'stringer-vest-bc-0481', size: 'Medium' }"
stringer-vest-bc-0481,Stringer Vest- BC-0481,Size,Large,"{ productHandle: 'stringer-vest-bc-0481', size: 'Large' }"
stringer-vest-bc-0481,Stringer Vest- BC-0481,Size,X-Large,"{ productHandle: 'stringer-vest-bc-0481', size: 'X-Large' }"
stringer-vest-bc-0481,Stringer Vest- BC-0481,Size,2XL,"{ productHandle: 'stringer-vest-bc-0481', size: '2XL' }"
stringer-vest-bc-0481,Stringer Vest- BC-0481,Size,3XL,"{ productHandle: 'stringer-vest-bc-0481', size: '3XL' }"
stringer-vest-bc-0480,Stringer Vest- BC-0480,Size,Small,"{ productHandle: 'stringer-vest-bc-0480', size: 'Small' }"
stringer-vest-bc-0480,Stringer Vest- BC-0480,Size,Medium,"{ productHandle: 'stringer-vest-bc-0480', size: 'Medium' }"
stringer-vest-bc-0480,Stringer Vest- BC-0480,Size,Large,"{ productHandle: 'stringer-vest-bc-0480', size: 'Large' }"
stringer-vest-bc-0480,Stringer Vest- BC-0480,Size,X-Large,"{ productHandle: 'stringer-vest-bc-0480', size: 'X-Large' }"
stringer-vest-bc-0480,Stringer Vest- BC-0480,Size,2XL,"{ productHandle: 'stringer-vest-bc-0480', size: '2XL' }"
stringer-vest-bc-0480,Stringer Vest- BC-0480,Size,3XL,"{ productHandle: 'stringer-vest-bc-0480', size: '3XL' }"
stringer-vest-bc-0479,Stringer Vest- BC-0479,Size,Small,"{ productHandle: 'stringer-vest-bc-0479', size: 'Small' }"
stringer-vest-bc-0479,Stringer Vest- BC-0479,Size,Medium,"{ productHandle: 'stringer-vest-bc-0479', size: 'Medium' }"
stringer-vest-bc-0479,Stringer Vest- BC-0479,Size,Large,"{ productHandle: 'stringer-vest-bc-0479', size: 'Large' }"
stringer-vest-bc-0479,Stringer Vest- BC-0479,Size,X-Large,"{ productHandle: 'stringer-vest-bc-0479', size: 'X-Large' }"
stringer-vest-bc-0479,Stringer Vest- BC-0479,Size,2XL,"{ productHandle: 'stringer-vest-bc-0479', size: '2XL' }"
stringer-vest-bc-0479,Stringer Vest- BC-0479,Size,3XL,"{ productHandle: 'stringer-vest-bc-0479', size: '3XL' }"
stringer-vest-bc-0478,Stringer Vest- BC-0478,Size,Small,"{ productHandle: 'stringer-vest-bc-0478', size: 'Small' }"
stringer-vest-bc-0478,Stringer Vest- BC-0478,Size,Medium,"{ productHandle: 'stringer-vest-bc-0478', size: 'Medium' }"
stringer-vest-bc-0478,Stringer Vest- BC-0478,Size,Large,"{ productHandle: 'stringer-vest-bc-0478', size: 'Large' }"
stringer-vest-bc-0478,Stringer Vest- BC-0478,Size,X-Large,"{ productHandle: 'stringer-vest-bc-0478', size: 'X-Large' }"
stringer-vest-bc-0478,Stringer Vest- BC-0478,Size,2XL,"{ productHandle: 'stringer-vest-bc-0478', size: '2XL' }"
stringer-vest-bc-0478,Stringer Vest- BC-0478,Size,3XL,"{ productHandle: 'stringer-vest-bc-0478', size: '3XL' }"
shenandoah-middle-school-hoodie-blac,Shenandoah Middle School Hoodie Black,Size,adult-2-xl,{ productHandle: 'shenandoah-middle-school-hoodie-blac' }
shenandoah-middle-school-hoodie-blac,Shenandoah Middle School Hoodie Black,Title,adult-extra-large,{ productHandle: 'shenandoah-middle-school-hoodie-blac' }
shenandoah-middle-school-hoodie-blac,Shenandoah Middle School Hoodie Black,Title,adult-large,{ productHandle: 'shenandoah-middle-school-hoodie-blac' }
shenandoah-middle-school-hoodie-blac,Shenandoah Middle School Hoodie Black,Title,adult-medium,{ productHandle: 'shenandoah-middle-school-hoodie-blac' }
shenandoah-middle-school-hoodie-blac,Shenandoah Middle School Hoodie Black,Title,adult-small,{ productHandle: 'shenandoah-middle-school-hoodie-blac' }
shenandoah-middle-school-hoodie-blac,Shenandoah Middle School Hoodie Black,Title,adult-extra-small,{ productHandle: 'shenandoah-middle-school-hoodie-blac' }
shenandoah-middle-school-hoodie-blac,Shenandoah Middle School Hoodie Black,Title,youth-extra-large,{ productHandle: 'shenandoah-middle-school-hoodie-blac' }
shenandoah-middle-school-hoodie-blac,Shenandoah Middle School Hoodie Black,Title,youth-large,{ productHandle: 'shenandoah-middle-school-hoodie-blac' }
shenandoah-middle-school-hoodie,Shenandoah Middle School Hoodie Gray,Size,adult-2-xl,{ productHandle: 'shenandoah-middle-school-hoodie' }
shenandoah-middle-school-hoodie,Shenandoah Middle School Hoodie Gray,Title,adult-extra-large,{ productHandle: 'shenandoah-middle-school-hoodie' }
shenandoah-middle-school-hoodie,Shenandoah Middle School Hoodie Gray,Title,adult-large,{ productHandle: 'shenandoah-middle-school-hoodie' }
shenandoah-middle-school-hoodie,Shenandoah Middle School Hoodie Gray,Title,adult-medium,{ productHandle: 'shenandoah-middle-school-hoodie' }
shenandoah-middle-school-hoodie,Shenandoah Middle School Hoodie Gray,Title,adult-small,{ productHandle: 'shenandoah-middle-school-hoodie' }
shenandoah-middle-school-hoodie,Shenandoah Middle School Hoodie Gray,Title,adult-extra-small,{ productHandle: 'shenandoah-middle-school-hoodie' }
shenandoah-middle-school-hoodie,Shenandoah Middle School Hoodie Gray,Title,youth-extra-large,{ productHandle: 'shenandoah-middle-school-hoodie' }
shenandoah-middle-school-hoodie,Shenandoah Middle School Hoodie Gray,Title,youth-large,{ productHandle: 'shenandoah-middle-school-hoodie' }
stringer-vest-bc-0477,Stringer Vest- BC-0477,Size,Small,"{ productHandle: 'stringer-vest-bc-0477', size: 'Small' }"
stringer-vest-bc-0477,Stringer Vest- BC-0477,Size,Medium,"{ productHandle: 'stringer-vest-bc-0477', size: 'Medium' }"
stringer-vest-bc-0477,Stringer Vest- BC-0477,Size,Large,"{ productHandle: 'stringer-vest-bc-0477', size: 'Large' }"
stringer-vest-bc-0477,Stringer Vest- BC-0477,Size,X-Large,"{ productHandle: 'stringer-vest-bc-0477', size: 'X-Large' }"
stringer-vest-bc-0477,Stringer Vest- BC-0477,Size,2XL,"{ productHandle: 'stringer-vest-bc-0477', size: '2XL' }"
stringer-vest-bc-0477,Stringer Vest- BC-0477,Size,3XL,"{ productHandle: 'stringer-vest-bc-0477', size: '3XL' }"
stringer-vest-bc-0476,Stringer Vest- BC-0476,Size,Small,"{ productHandle: 'stringer-vest-bc-0476', size: 'Small' }"
stringer-vest-bc-0476,Stringer Vest- BC-0476,Size,Medium,"{ productHandle: 'stringer-vest-bc-0476', size: 'Medium' }"
stringer-vest-bc-0476,Stringer Vest- BC-0476,Size,Large,"{ productHandle: 'stringer-vest-bc-0476', size: 'Large' }"
stringer-vest-bc-0476,Stringer Vest- BC-0476,Size,X-Large,"{ productHandle: 'stringer-vest-bc-0476', size: 'X-Large' }"
stringer-vest-bc-0476,Stringer Vest- BC-0476,Size,2XL,"{ productHandle: 'stringer-vest-bc-0476', size: '2XL' }"
stringer-vest-bc-0476,Stringer Vest- BC-0476,Size,3XL,"{ productHandle: 'stringer-vest-bc-0476', size: '3XL' }"
stringer-vest-bc-0475,Stringer Vest- BC-0475,Size,Small,"{ productHandle: 'stringer-vest-bc-0475', size: 'Small' }"
stringer-vest-bc-0475,Stringer Vest- BC-0475,Size,Medium,"{ productHandle: 'stringer-vest-bc-0475', size: 'Medium' }"
stringer-vest-bc-0475,Stringer Vest- BC-0475,Size,Large,"{ productHandle: 'stringer-vest-bc-0475', size: 'Large' }"
stringer-vest-bc-0475,Stringer Vest- BC-0475,Size,X-Large,"{ productHandle: 'stringer-vest-bc-0475', size: 'X-Large' }"
stringer-vest-bc-0475,Stringer Vest- BC-0475,Size,2XL,"{ productHandle: 'stringer-vest-bc-0475', size: '2XL' }"
stringer-vest-bc-0475,Stringer Vest- BC-0475,Size,3XL,"{ productHandle: 'stringer-vest-bc-0475', size: '3XL' }"
stringer-vest-bc-0474,Stringer Vest- BC-0474,Size,Small,"{ productHandle: 'stringer-vest-bc-0474', size: 'Small' }"
stringer-vest-bc-0474,Stringer Vest- BC-0474,Size,Medium,"{ productHandle: 'stringer-vest-bc-0474', size: 'Medium' }"
stringer-vest-bc-0474,Stringer Vest- BC-0474,Size,Large,"{ productHandle: 'stringer-vest-bc-0474', size: 'Large' }"
stringer-vest-bc-0474,Stringer Vest- BC-0474,Size,X-Large,"{ productHandle: 'stringer-vest-bc-0474', size: 'X-Large' }"
stringer-vest-bc-0474,Stringer Vest- BC-0474,Size,2XL,"{ productHandle: 'stringer-vest-bc-0474', size: '2XL' }"
stringer-vest-bc-0474,Stringer Vest- BC-0474,Size,3XL,"{ productHandle: 'stringer-vest-bc-0474', size: '3XL' }"
stringer-vest-bc-473,Stringer Vest- BC-0473,Size,Small,"{ productHandle: 'stringer-vest-bc-473', size: 'Small' }"
stringer-vest-bc-473,Stringer Vest- BC-0473,Size,Medium,"{ productHandle: 'stringer-vest-bc-473', size: 'Medium' }"
stringer-vest-bc-473,Stringer Vest- BC-0473,Size,Large,"{ productHandle: 'stringer-vest-bc-473', size: 'Large' }"
stringer-vest-bc-473,Stringer Vest- BC-0473,Size,X-Large,"{ productHandle: 'stringer-vest-bc-473', size: 'X-Large' }"
stringer-vest-bc-473,Stringer Vest- BC-0473,Size,2XL,"{ productHandle: 'stringer-vest-bc-473', size: '2XL' }"
stringer-vest-bc-473,Stringer Vest- BC-0473,Size,3XL,"{ productHandle: 'stringer-vest-bc-473', size: '3XL' }"
tank-top-men-women-bc-0580,Tank Top Men / Women- BC-0580,Size,X-Small,"{ productHandle: 'tank-top-men-women-bc-0580', size: 'X-Small' }"
tank-top-men-women-bc-0580,Tank Top Men / Women- BC-0580,Size,Small,"{ productHandle: 'tank-top-men-women-bc-0580', size: 'Small' }"
tank-top-men-women-bc-0580,Tank Top Men / Women- BC-0580,Size,Medium,"{ productHandle: 'tank-top-men-women-bc-0580', size: 'Medium' }"
tank-top-men-women-bc-0580,Tank Top Men / Women- BC-0580,Size,Large,"{ productHandle: 'tank-top-men-women-bc-0580', size: 'Large' }"
tank-top-men-women-bc-0580,Tank Top Men / Women- BC-0580,Size,X-Large,"{ productHandle: 'tank-top-men-women-bc-0580', size: 'X-Large' }"
tank-top-men-women-bc-0580,Tank Top Men / Women- BC-0580,Size,2XL,"{ productHandle: 'tank-top-men-women-bc-0580', size: '2XL' }"
tank-top-men-women-bc-0579,Tank Top Men / Women- BC-0579,Size,X-Small,"{ productHandle: 'tank-top-men-women-bc-0579', size: 'X-Small' }"
tank-top-men-women-bc-0579,Tank Top Men / Women- BC-0579,Size,Small,"{ productHandle: 'tank-top-men-women-bc-0579', size: 'Small' }"
tank-top-men-women-bc-0579,Tank Top Men / Women- BC-0579,Size,Medium,"{ productHandle: 'tank-top-men-women-bc-0579', size: 'Medium' }"
tank-top-men-women-bc-0579,Tank Top Men / Women- BC-0579,Size,Large,"{ productHandle: 'tank-top-men-women-bc-0579', size: 'Large' }"
tank-top-men-women-bc-0579,Tank Top Men / Women- BC-0579,Size,X-Large,"{ productHandle: 'tank-top-men-women-bc-0579', size: 'X-Large' }"
tank-top-men-women-bc-0579,Tank Top Men / Women- BC-0579,Size,2XL,"{ productHandle: 'tank-top-men-women-bc-0579', size: '2XL' }"
tank-top-men-women-bc-0578,Tank Top Men / Women- BC-0578,Size,X-Small,"{ productHandle: 'tank-top-men-women-bc-0578', size: 'X-Small' }"
tank-top-men-women-bc-0578,Tank Top Men / Women- BC-0578,Size,Small,"{ productHandle: 'tank-top-men-women-bc-0578', size: 'Small' }"
tank-top-men-women-bc-0578,Tank Top Men / Women- BC-0578,Size,Medium,"{ productHandle: 'tank-top-men-women-bc-0578', size: 'Medium' }"
tank-top-men-women-bc-0578,Tank Top Men / Women- BC-0578,Size,Large,"{ productHandle: 'tank-top-men-women-bc-0578', size: 'Large' }"
tank-top-men-women-bc-0578,Tank Top Men / Women- BC-0578,Size,X-Large,"{ productHandle: 'tank-top-men-women-bc-0578', size: 'X-Large' }"
tank-top-men-women-bc-0578,Tank Top Men / Women- BC-0578,Size,2XL,"{ productHandle: 'tank-top-men-women-bc-0578', size: '2XL' }"
tank-top-men-women-bc-0577,Tank Top Men / Women- BC-0577,Size,X-Small,"{ productHandle: 'tank-top-men-women-bc-0577', size: 'X-Small' }"
tank-top-men-women-bc-0577,Tank Top Men / Women- BC-0577,Size,Small,"{ productHandle: 'tank-top-men-women-bc-0577', size: 'Small' }"
tank-top-men-women-bc-0577,Tank Top Men / Women- BC-0577,Size,Medium,"{ productHandle: 'tank-top-men-women-bc-0577', size: 'Medium' }"
tank-top-men-women-bc-0577,Tank Top Men / Women- BC-0577,Size,Large,"{ productHandle: 'tank-top-men-women-bc-0577', size: 'Large' }"
tank-top-men-women-bc-0577,Tank Top Men / Women- BC-0577,Size,X-Large,"{ productHandle: 'tank-top-men-women-bc-0577', size: 'X-Large' }"
tank-top-men-women-bc-0577,Tank Top Men / Women- BC-0577,Size,2XL,"{ productHandle: 'tank-top-men-women-bc-0577', size: '2XL' }"
tank-top-men-women-bc-0576,Tank Top Men / Women- BC-0576,Size,X-Small,"{ productHandle: 'tank-top-men-women-bc-0576', size: 'X-Small' }"
tank-top-men-women-bc-0576,Tank Top Men / Women- BC-0576,Size,Small,"{ productHandle: 'tank-top-men-women-bc-0576', size: 'Small' }"
tank-top-men-women-bc-0576,Tank Top Men / Women- BC-0576,Size,Medium,"{ productHandle: 'tank-top-men-women-bc-0576', size: 'Medium' }"
tank-top-men-women-bc-0576,Tank Top Men / Women- BC-0576,Size,Large,"{ productHandle: 'tank-top-men-women-bc-0576', size: 'Large' }"
tank-top-men-women-bc-0576,Tank Top Men / Women- BC-0576,Size,X-Large,"{ productHandle: 'tank-top-men-women-bc-0576', size: 'X-Large' }"
tank-top-men-women-bc-0576,Tank Top Men / Women- BC-0576,Size,2XL,"{ productHandle: 'tank-top-men-women-bc-0576', size: '2XL' }"
tank-top-men-women-bc-0575,Tank Top Men / Women- BC-0575,Size,X-Small,"{ productHandle: 'tank-top-men-women-bc-0575', size: 'X-Small' }"
tank-top-men-women-bc-0575,Tank Top Men / Women- BC-0575,Size,Small,"{ productHandle: 'tank-top-men-women-bc-0575', size: 'Small' }"
tank-top-men-women-bc-0575,Tank Top Men / Women- BC-0575,Size,Medium,"{ productHandle: 'tank-top-men-women-bc-0575', size: 'Medium' }"
tank-top-men-women-bc-0575,Tank Top Men / Women- BC-0575,Size,Large,"{ productHandle: 'tank-top-men-women-bc-0575', size: 'Large' }"
tank-top-men-women-bc-0575,Tank Top Men / Women- BC-0575,Size,X-Large,"{ productHandle: 'tank-top-men-women-bc-0575', size: 'X-Large' }"
tank-top-men-women-bc-0575,Tank Top Men / Women- BC-0575,Size,2XL,"{ productHandle: 'tank-top-men-women-bc-0575', size: '2XL' }"
tank-top-men-women-bc-0574,Tank Top Men / Women- BC-0574,Size,X-Small,"{ productHandle: 'tank-top-men-women-bc-0574', size: 'X-Small' }"
tank-top-men-women-bc-0574,Tank Top Men / Women- BC-0574,Size,Small,"{ productHandle: 'tank-top-men-women-bc-0574', size: 'Small' }"
tank-top-men-women-bc-0574,Tank Top Men / Women- BC-0574,Size,Medium,"{ productHandle: 'tank-top-men-women-bc-0574', size: 'Medium' }"
tank-top-men-women-bc-0574,Tank Top Men / Women- BC-0574,Size,Large,"{ productHandle: 'tank-top-men-women-bc-0574', size: 'Large' }"
tank-top-men-women-bc-0574,Tank Top Men / Women- BC-0574,Size,X-Large,"{ productHandle: 'tank-top-men-women-bc-0574', size: 'X-Large' }"
tank-top-men-women-bc-0574,Tank Top Men / Women- BC-0574,Size,2XL,"{ productHandle: 'tank-top-men-women-bc-0574', size: '2XL' }"
tank-top-men-women-bc-0573,Tank Top Men / Women- BC-0573,Size,X-Small,"{ productHandle: 'tank-top-men-women-bc-0573', size: 'X-Small' }"
tank-top-men-women-bc-0573,Tank Top Men / Women- BC-0573,Size,Small,"{ productHandle: 'tank-top-men-women-bc-0573', size: 'Small' }"
tank-top-men-women-bc-0573,Tank Top Men / Women- BC-0573,Size,Medium,"{ productHandle: 'tank-top-men-women-bc-0573', size: 'Medium' }"
tank-top-men-women-bc-0573,Tank Top Men / Women- BC-0573,Size,Large,"{ productHandle: 'tank-top-men-women-bc-0573', size: 'Large' }"
tank-top-men-women-bc-0573,Tank Top Men / Women- BC-0573,Size,X-Large,"{ productHandle: 'tank-top-men-women-bc-0573', size: 'X-Large' }"
tank-top-men-women-bc-0573,Tank Top Men / Women- BC-0573,Size,2XL,"{ productHandle: 'tank-top-men-women-bc-0573', size: '2XL' }"
tank-top-men-women-bc-0572,Tank Top Men / Women- BC-0572,Size,X-Small,"{ productHandle: 'tank-top-men-women-bc-0572', size: 'X-Small' }"
tank-top-men-women-bc-0572,Tank Top Men / Women- BC-0572,Size,Small,"{ productHandle: 'tank-top-men-women-bc-0572', size: 'Small' }"
tank-top-men-women-bc-0572,Tank Top Men / Women- BC-0572,Size,Medium,"{ productHandle: 'tank-top-men-women-bc-0572', size: 'Medium' }"
tank-top-men-women-bc-0572,Tank Top Men / Women- BC-0572,Size,Large,"{ productHandle: 'tank-top-men-women-bc-0572', size: 'Large' }"
tank-top-men-women-bc-0572,Tank Top Men / Women- BC-0572,Size,X-Large,"{ productHandle: 'tank-top-men-women-bc-0572', size: 'X-Large' }"
tank-top-men-women-bc-0572,Tank Top Men / Women- BC-0572,Size,2XL,"{ productHandle: 'tank-top-men-women-bc-0572', size: '2XL' }"
tank-top-men-women-bc-0571,Tank Top Men / Women- BC-0571,Size,X-Small,"{ productHandle: 'tank-top-men-women-bc-0571', size: 'X-Small' }"
tank-top-men-women-bc-0571,Tank Top Men / Women- BC-0571,Size,Small,"{ productHandle: 'tank-top-men-women-bc-0571', size: 'Small' }"
tank-top-men-women-bc-0571,Tank Top Men / Women- BC-0571,Size,Medium,"{ productHandle: 'tank-top-men-women-bc-0571', size: 'Medium' }"
tank-top-men-women-bc-0571,Tank Top Men / Women- BC-0571,Size,Large,"{ productHandle: 'tank-top-men-women-bc-0571', size: 'Large' }"
tank-top-men-women-bc-0571,Tank Top Men / Women- BC-0571,Size,X-Large,"{ productHandle: 'tank-top-men-women-bc-0571', size: 'X-Large' }"
tank-top-men-women-bc-0571,Tank Top Men / Women- BC-0571,Size,2XL,"{ productHandle: 'tank-top-men-women-bc-0571', size: '2XL' }"
tank-top-men-women-bc-0570,Tank Top Men / Women- BC-0570,Size,X-Small,"{ productHandle: 'tank-top-men-women-bc-0570', size: 'X-Small' }"
tank-top-men-women-bc-0570,Tank Top Men / Women- BC-0570,Size,Small,"{ productHandle: 'tank-top-men-women-bc-0570', size: 'Small' }"
tank-top-men-women-bc-0570,Tank Top Men / Women- BC-0570,Size,Medium,"{ productHandle: 'tank-top-men-women-bc-0570', size: 'Medium' }"
tank-top-men-women-bc-0570,Tank Top Men / Women- BC-0570,Size,Large,"{ productHandle: 'tank-top-men-women-bc-0570', size: 'Large' }"
tank-top-men-women-bc-0570,Tank Top Men / Women- BC-0570,Size,X-Large,"{ productHandle: 'tank-top-men-women-bc-0570', size: 'X-Large' }"
tank-top-men-women-bc-0570,Tank Top Men / Women- BC-0570,Size,2XL,"{ productHandle: 'tank-top-men-women-bc-0570', size: '2XL' }"
tank-top-men-women-bc-0569,Tank Top Men / Women- BC-0569,Size,X-Small,"{ productHandle: 'tank-top-men-women-bc-0569', size: 'X-Small' }"
tank-top-men-women-bc-0569,Tank Top Men / Women- BC-0569,Size,Small,"{ productHandle: 'tank-top-men-women-bc-0569', size: 'Small' }"
tank-top-men-women-bc-0569,Tank Top Men / Women- BC-0569,Size,Medium,"{ productHandle: 'tank-top-men-women-bc-0569', size: 'Medium' }"
tank-top-men-women-bc-0569,Tank Top Men / Women- BC-0569,Size,Large,"{ productHandle: 'tank-top-men-women-bc-0569', size: 'Large' }"
tank-top-men-women-bc-0569,Tank Top Men / Women- BC-0569,Size,X-Large,"{ productHandle: 'tank-top-men-women-bc-0569', size: 'X-Large' }"
tank-top-men-women-bc-0569,Tank Top Men / Women- BC-0569,Size,2XL,"{ productHandle: 'tank-top-men-women-bc-0569', size: '2XL' }"
tank-top-men-women-bc-0568,Tank Top Men / Women- BC-0568,Size,X-Small,"{ productHandle: 'tank-top-men-women-bc-0568', size: 'X-Small' }"
tank-top-men-women-bc-0568,Tank Top Men / Women- BC-0568,Size,Small,"{ productHandle: 'tank-top-men-women-bc-0568', size: 'Small' }"
tank-top-men-women-bc-0568,Tank Top Men / Women- BC-0568,Size,Medium,"{ productHandle: 'tank-top-men-women-bc-0568', size: 'Medium' }"
tank-top-men-women-bc-0568,Tank Top Men / Women- BC-0568,Size,Large,"{ productHandle: 'tank-top-men-women-bc-0568', size: 'Large' }"
tank-top-men-women-bc-0568,Tank Top Men / Women- BC-0568,Size,X-Large,"{ productHandle: 'tank-top-men-women-bc-0568', size: 'X-Large' }"
tank-top-men-women-bc-0568,Tank Top Men / Women- BC-0568,Size,2XL,"{ productHandle: 'tank-top-men-women-bc-0568', size: '2XL' }"
tank-top-men-women-bc-0567,Tank Top Men / Women- BC-0567,Size,X-Small,"{ productHandle: 'tank-top-men-women-bc-0567', size: 'X-Small' }"
tank-top-men-women-bc-0567,Tank Top Men / Women- BC-0567,Size,Small,"{ productHandle: 'tank-top-men-women-bc-0567', size: 'Small' }"
tank-top-men-women-bc-0567,Tank Top Men / Women- BC-0567,Size,Medium,"{ productHandle: 'tank-top-men-women-bc-0567', size: 'Medium' }"
tank-top-men-women-bc-0567,Tank Top Men / Women- BC-0567,Size,Large,"{ productHandle: 'tank-top-men-women-bc-0567', size: 'Large' }"
tank-top-men-women-bc-0567,Tank Top Men / Women- BC-0567,Size,X-Large,"{ productHandle: 'tank-top-men-women-bc-0567', size: 'X-Large' }"
tank-top-men-women-bc-0567,Tank Top Men / Women- BC-0567,Size,2XL,"{ productHandle: 'tank-top-men-women-bc-0567', size: '2XL' }"
tank-top-men-women-bc-0566,Tank Top Men / Women- BC-0566,Size,X-Small,"{ productHandle: 'tank-top-men-women-bc-0566', size: 'X-Small' }"
tank-top-men-women-bc-0566,Tank Top Men / Women- BC-0566,Size,Small,"{ productHandle: 'tank-top-men-women-bc-0566', size: 'Small' }"
tank-top-men-women-bc-0566,Tank Top Men / Women- BC-0566,Size,Medium,"{ productHandle: 'tank-top-men-women-bc-0566', size: 'Medium' }"
tank-top-men-women-bc-0566,Tank Top Men / Women- BC-0566,Size,Large,"{ productHandle: 'tank-top-men-women-bc-0566', size: 'Large' }"
tank-top-men-women-bc-0566,Tank Top Men / Women- BC-0566,Size,X-Large,"{ productHandle: 'tank-top-men-women-bc-0566', size: 'X-Large' }"
tank-top-men-women-bc-0566,Tank Top Men / Women- BC-0566,Size,2XL,"{ productHandle: 'tank-top-men-women-bc-0566', size: '2XL' }"
tank-top-men-women-bc-0565,Tank Top Men / Women- BC-0565,Size,X-Small,"{ productHandle: 'tank-top-men-women-bc-0565', size: 'X-Small' }"
tank-top-men-women-bc-0565,Tank Top Men / Women- BC-0565,Size,Small,"{ productHandle: 'tank-top-men-women-bc-0565', size: 'Small' }"
tank-top-men-women-bc-0565,Tank Top Men / Women- BC-0565,Size,Medium,"{ productHandle: 'tank-top-men-women-bc-0565', size: 'Medium' }"
tank-top-men-women-bc-0565,Tank Top Men / Women- BC-0565,Size,Large,"{ productHandle: 'tank-top-men-women-bc-0565', size: 'Large' }"
tank-top-men-women-bc-0565,Tank Top Men / Women- BC-0565,Size,X-Large,"{ productHandle: 'tank-top-men-women-bc-0565', size: 'X-Large' }"
tank-top-men-women-bc-0565,Tank Top Men / Women- BC-0565,Size,2XL,"{ productHandle: 'tank-top-men-women-bc-0565', size: '2XL' }"
tank-top-men-women-bc-0564,Tank Top Men / Women- BC-0564,Size,X-Small,"{ productHandle: 'tank-top-men-women-bc-0564', size: 'X-Small' }"
tank-top-men-women-bc-0564,Tank Top Men / Women- BC-0564,Size,Small,"{ productHandle: 'tank-top-men-women-bc-0564', size: 'Small' }"
tank-top-men-women-bc-0564,Tank Top Men / Women- BC-0564,Size,Medium,"{ productHandle: 'tank-top-men-women-bc-0564', size: 'Medium' }"
tank-top-men-women-bc-0564,Tank Top Men / Women- BC-0564,Size,Large,"{ productHandle: 'tank-top-men-women-bc-0564', size: 'Large' }"
tank-top-men-women-bc-0564,Tank Top Men / Women- BC-0564,Size,X-Large,"{ productHandle: 'tank-top-men-women-bc-0564', size: 'X-Large' }"
tank-top-men-women-bc-0564,Tank Top Men / Women- BC-0564,Size,2XL,"{ productHandle: 'tank-top-men-women-bc-0564', size: '2XL' }"
tank-top-men-women-bc-0563,Tank Top Men / Women- BC-0563,Size,X-Small,"{ productHandle: 'tank-top-men-women-bc-0563', size: 'X-Small' }"
tank-top-men-women-bc-0563,Tank Top Men / Women- BC-0563,Size,Small,"{ productHandle: 'tank-top-men-women-bc-0563', size: 'Small' }"
tank-top-men-women-bc-0563,Tank Top Men / Women- BC-0563,Size,Medium,"{ productHandle: 'tank-top-men-women-bc-0563', size: 'Medium' }"
tank-top-men-women-bc-0563,Tank Top Men / Women- BC-0563,Size,Large,"{ productHandle: 'tank-top-men-women-bc-0563', size: 'Large' }"
tank-top-men-women-bc-0563,Tank Top Men / Women- BC-0563,Size,X-Large,"{ productHandle: 'tank-top-men-women-bc-0563', size: 'X-Large' }"
tank-top-men-women-bc-0563,Tank Top Men / Women- BC-0563,Size,2XL,"{ productHandle: 'tank-top-men-women-bc-0563', size: '2XL' }"
tank-top-men-women-bc-0562,Tank Top Men / Women- BC-0562,Size,X-Small,"{ productHandle: 'tank-top-men-women-bc-0562', size: 'X-Small' }"
tank-top-men-women-bc-0562,Tank Top Men / Women- BC-0562,Size,Small,"{ productHandle: 'tank-top-men-women-bc-0562', size: 'Small' }"
tank-top-men-women-bc-0562,Tank Top Men / Women- BC-0562,Size,Medium,"{ productHandle: 'tank-top-men-women-bc-0562', size: 'Medium' }"
tank-top-men-women-bc-0562,Tank Top Men / Women- BC-0562,Size,Large,"{ productHandle: 'tank-top-men-women-bc-0562', size: 'Large' }"
tank-top-men-women-bc-0562,Tank Top Men / Women- BC-0562,Size,X-Large,"{ productHandle: 'tank-top-men-women-bc-0562', size: 'X-Large' }"
tank-top-men-women-bc-0562,Tank Top Men / Women- BC-0562,Size,2XL,"{ productHandle: 'tank-top-men-women-bc-0562', size: '2XL' }"
tank-top-men-women-bc-0561,Tank Top Men / Women- BC-0561,Size,X-Small,"{ productHandle: 'tank-top-men-women-bc-0561', size: 'X-Small' }"
tank-top-men-women-bc-0561,Tank Top Men / Women- BC-0561,Size,Small,"{ productHandle: 'tank-top-men-women-bc-0561', size: 'Small' }"
tank-top-men-women-bc-0561,Tank Top Men / Women- BC-0561,Size,Medium,"{ productHandle: 'tank-top-men-women-bc-0561', size: 'Medium' }"
tank-top-men-women-bc-0561,Tank Top Men / Women- BC-0561,Size,Large,"{ productHandle: 'tank-top-men-women-bc-0561', size: 'Large' }"
tank-top-men-women-bc-0561,Tank Top Men / Women- BC-0561,Size,X-Large,"{ productHandle: 'tank-top-men-women-bc-0561', size: 'X-Large' }"
tank-top-men-women-bc-0561,Tank Top Men / Women- BC-0561,Size,2XL,"{ productHandle: 'tank-top-men-women-bc-0561', size: '2XL' }"
tank-top-men-women-bc-0560,Tank Top Men / Women- BC-0560,Size,X-Small,"{ productHandle: 'tank-top-men-women-bc-0560', size: 'X-Small' }"
tank-top-men-women-bc-0560,Tank Top Men / Women- BC-0560,Size,Small,"{ productHandle: 'tank-top-men-women-bc-0560', size: 'Small' }"
tank-top-men-women-bc-0560,Tank Top Men / Women- BC-0560,Size,Medium,"{ productHandle: 'tank-top-men-women-bc-0560', size: 'Medium' }"
tank-top-men-women-bc-0560,Tank Top Men / Women- BC-0560,Size,Large,"{ productHandle: 'tank-top-men-women-bc-0560', size: 'Large' }"
tank-top-men-women-bc-0560,Tank Top Men / Women- BC-0560,Size,X-Large,"{ productHandle: 'tank-top-men-women-bc-0560', size: 'X-Large' }"
tank-top-men-women-bc-0560,Tank Top Men / Women- BC-0560,Size,2XL,"{ productHandle: 'tank-top-men-women-bc-0560', size: '2XL' }"
tank-top-men-women-bc-0559,Tank Top Men / Women- BC-0559,Size,X-Small,"{ productHandle: 'tank-top-men-women-bc-0559', size: 'X-Small' }"
tank-top-men-women-bc-0559,Tank Top Men / Women- BC-0559,Size,Small,"{ productHandle: 'tank-top-men-women-bc-0559', size: 'Small' }"
tank-top-men-women-bc-0559,Tank Top Men / Women- BC-0559,Size,Medium,"{ productHandle: 'tank-top-men-women-bc-0559', size: 'Medium' }"
tank-top-men-women-bc-0559,Tank Top Men / Women- BC-0559,Size,Large,"{ productHandle: 'tank-top-men-women-bc-0559', size: 'Large' }"
tank-top-men-women-bc-0559,Tank Top Men / Women- BC-0559,Size,X-Large,"{ productHandle: 'tank-top-men-women-bc-0559', size: 'X-Large' }"
tank-top-men-women-bc-0559,Tank Top Men / Women- BC-0559,Size,2XL,"{ productHandle: 'tank-top-men-women-bc-0559', size: '2XL' }"
tank-top-men-women-bc-0558,Tank Top Men / Women- BC-0558,Size,X-Small,"{ productHandle: 'tank-top-men-women-bc-0558', size: 'X-Small' }"
tank-top-men-women-bc-0558,Tank Top Men / Women- BC-0558,Size,Small,"{ productHandle: 'tank-top-men-women-bc-0558', size: 'Small' }"
tank-top-men-women-bc-0558,Tank Top Men / Women- BC-0558,Size,Medium,"{ productHandle: 'tank-top-men-women-bc-0558', size: 'Medium' }"
tank-top-men-women-bc-0558,Tank Top Men / Women- BC-0558,Size,Large,"{ productHandle: 'tank-top-men-women-bc-0558', size: 'Large' }"
tank-top-men-women-bc-0558,Tank Top Men / Women- BC-0558,Size,X-Large,"{ productHandle: 'tank-top-men-women-bc-0558', size: 'X-Large' }"
tank-top-men-women-bc-0558,Tank Top Men / Women- BC-0558,Size,2XL,"{ productHandle: 'tank-top-men-women-bc-0558', size: '2XL' }"
tank-top-men-women-bc-0557,Tank Top Men / Women- BC-0557,Size,X-Small,"{ productHandle: 'tank-top-men-women-bc-0557', size: 'X-Small' }"
tank-top-men-women-bc-0557,Tank Top Men / Women- BC-0557,Size,Small,"{ productHandle: 'tank-top-men-women-bc-0557', size: 'Small' }"
tank-top-men-women-bc-0557,Tank Top Men / Women- BC-0557,Size,Medium,"{ productHandle: 'tank-top-men-women-bc-0557', size: 'Medium' }"
tank-top-men-women-bc-0557,Tank Top Men / Women- BC-0557,Size,Large,"{ productHandle: 'tank-top-men-women-bc-0557', size: 'Large' }"
tank-top-men-women-bc-0557,Tank Top Men / Women- BC-0557,Size,X-Large,"{ productHandle: 'tank-top-men-women-bc-0557', size: 'X-Large' }"
tank-top-men-women-bc-0557,Tank Top Men / Women- BC-0557,Size,2XL,"{ productHandle: 'tank-top-men-women-bc-0557', size: '2XL' }"
tank-top-men-women-bc-0555,Tank Top Men / Women- BC-0555,Size,X-Small,"{ productHandle: 'tank-top-men-women-bc-0555', size: 'X-Small' }"
tank-top-men-women-bc-0555,Tank Top Men / Women- BC-0555,Size,Small,"{ productHandle: 'tank-top-men-women-bc-0555', size: 'Small' }"
tank-top-men-women-bc-0555,Tank Top Men / Women- BC-0555,Size,Medium,"{ productHandle: 'tank-top-men-women-bc-0555', size: 'Medium' }"
tank-top-men-women-bc-0555,Tank Top Men / Women- BC-0555,Size,Large,"{ productHandle: 'tank-top-men-women-bc-0555', size: 'Large' }"
tank-top-men-women-bc-0555,Tank Top Men / Women- BC-0555,Size,X-Large,"{ productHandle: 'tank-top-men-women-bc-0555', size: 'X-Large' }"
tank-top-men-women-bc-0555,Tank Top Men / Women- BC-0555,Size,2XL,"{ productHandle: 'tank-top-men-women-bc-0555', size: '2XL' }"
tank-top-men-women-bc-0554,Tank Top Men / Women- BC-0554,Size,X-Small,"{ productHandle: 'tank-top-men-women-bc-0554', size: 'X-Small' }"
tank-top-men-women-bc-0554,Tank Top Men / Women- BC-0554,Size,Small,"{ productHandle: 'tank-top-men-women-bc-0554', size: 'Small' }"
tank-top-men-women-bc-0554,Tank Top Men / Women- BC-0554,Size,Medium,"{ productHandle: 'tank-top-men-women-bc-0554', size: 'Medium' }"
tank-top-men-women-bc-0554,Tank Top Men / Women- BC-0554,Size,Large,"{ productHandle: 'tank-top-men-women-bc-0554', size: 'Large' }"
tank-top-men-women-bc-0554,Tank Top Men / Women- BC-0554,Size,X-Large,"{ productHandle: 'tank-top-men-women-bc-0554', size: 'X-Large' }"
tank-top-men-women-bc-0554,Tank Top Men / Women- BC-0554,Size,2XL,"{ productHandle: 'tank-top-men-women-bc-0554', size: '2XL' }"
tank-top-men-women-bc-0552,Tank Top Men / Women- BC-0552,Size,X-Small,"{ productHandle: 'tank-top-men-women-bc-0552', size: 'X-Small' }"
tank-top-men-women-bc-0552,Tank Top Men / Women- BC-0552,Size,Small,"{ productHandle: 'tank-top-men-women-bc-0552', size: 'Small' }"
tank-top-men-women-bc-0552,Tank Top Men / Women- BC-0552,Size,Medium,"{ productHandle: 'tank-top-men-women-bc-0552', size: 'Medium' }"
tank-top-men-women-bc-0552,Tank Top Men / Women- BC-0552,Size,Large,"{ productHandle: 'tank-top-men-women-bc-0552', size: 'Large' }"
tank-top-men-women-bc-0552,Tank Top Men / Women- BC-0552,Size,X-Large,"{ productHandle: 'tank-top-men-women-bc-0552', size: 'X-Large' }"
tank-top-men-women-bc-0552,Tank Top Men / Women- BC-0552,Size,2XL,"{ productHandle: 'tank-top-men-women-bc-0552', size: '2XL' }"
tank-top-men-women-bc-0551,Tank Top Men / Women- BC-0551,Size,X-Small,"{ productHandle: 'tank-top-men-women-bc-0551', size: 'X-Small' }"
tank-top-men-women-bc-0551,Tank Top Men / Women- BC-0551,Size,Small,"{ productHandle: 'tank-top-men-women-bc-0551', size: 'Small' }"
tank-top-men-women-bc-0551,Tank Top Men / Women- BC-0551,Size,Medium,"{ productHandle: 'tank-top-men-women-bc-0551', size: 'Medium' }"
tank-top-men-women-bc-0551,Tank Top Men / Women- BC-0551,Size,Large,"{ productHandle: 'tank-top-men-women-bc-0551', size: 'Large' }"
tank-top-men-women-bc-0551,Tank Top Men / Women- BC-0551,Size,X-Large,"{ productHandle: 'tank-top-men-women-bc-0551', size: 'X-Large' }"
tank-top-men-women-bc-0551,Tank Top Men / Women- BC-0551,Size,2XL,"{ productHandle: 'tank-top-men-women-bc-0551', size: '2XL' }"
tank-top-men-women-bc-0549,Tank Top Men / Women- BC-0549,Size,X-Small,"{ productHandle: 'tank-top-men-women-bc-0549', size: 'X-Small' }"
tank-top-men-women-bc-0549,Tank Top Men / Women- BC-0549,Size,Small,"{ productHandle: 'tank-top-men-women-bc-0549', size: 'Small' }"
tank-top-men-women-bc-0549,Tank Top Men / Women- BC-0549,Size,Medium,"{ productHandle: 'tank-top-men-women-bc-0549', size: 'Medium' }"
tank-top-men-women-bc-0549,Tank Top Men / Women- BC-0549,Size,Large,"{ productHandle: 'tank-top-men-women-bc-0549', size: 'Large' }"
tank-top-men-women-bc-0549,Tank Top Men / Women- BC-0549,Size,X-Large,"{ productHandle: 'tank-top-men-women-bc-0549', size: 'X-Large' }"
tank-top-men-women-bc-0549,Tank Top Men / Women- BC-0549,Size,2XL,"{ productHandle: 'tank-top-men-women-bc-0549', size: '2XL' }"
tank-top-men-women-bc-0548,Tank Top Men / Women- BC-0548,Size,X-Small,"{ productHandle: 'tank-top-men-women-bc-0548', size: 'X-Small' }"
tank-top-men-women-bc-0548,Tank Top Men / Women- BC-0548,Size,Small,"{ productHandle: 'tank-top-men-women-bc-0548', size: 'Small' }"
tank-top-men-women-bc-0548,Tank Top Men / Women- BC-0548,Size,Medium,"{ productHandle: 'tank-top-men-women-bc-0548', size: 'Medium' }"
tank-top-men-women-bc-0548,Tank Top Men / Women- BC-0548,Size,Large,"{ productHandle: 'tank-top-men-women-bc-0548', size: 'Large' }"
tank-top-men-women-bc-0548,Tank Top Men / Women- BC-0548,Size,X-Large,"{ productHandle: 'tank-top-men-women-bc-0548', size: 'X-Large' }"
tank-top-men-women-bc-0548,Tank Top Men / Women- BC-0548,Size,2XL,"{ productHandle: 'tank-top-men-women-bc-0548', size: '2XL' }"
tank-top-men-women-bc-0547,Tank Top Men / Women- BC-0547,Size,X-Small,"{ productHandle: 'tank-top-men-women-bc-0547', size: 'X-Small' }"
tank-top-men-women-bc-0547,Tank Top Men / Women- BC-0547,Size,Small,"{ productHandle: 'tank-top-men-women-bc-0547', size: 'Small' }"
tank-top-men-women-bc-0547,Tank Top Men / Women- BC-0547,Size,Medium,"{ productHandle: 'tank-top-men-women-bc-0547', size: 'Medium' }"
tank-top-men-women-bc-0547,Tank Top Men / Women- BC-0547,Size,Large,"{ productHandle: 'tank-top-men-women-bc-0547', size: 'Large' }"
tank-top-men-women-bc-0547,Tank Top Men / Women- BC-0547,Size,X-Large,"{ productHandle: 'tank-top-men-women-bc-0547', size: 'X-Large' }"
tank-top-men-women-bc-0547,Tank Top Men / Women- BC-0547,Size,2XL,"{ productHandle: 'tank-top-men-women-bc-0547', size: '2XL' }"
tank-top-men-women-bc-0545,Tank Top Men / Women- BC-0545,Size,X-Small,"{ productHandle: 'tank-top-men-women-bc-0545', size: 'X-Small' }"
tank-top-men-women-bc-0545,Tank Top Men / Women- BC-0545,Size,Small,"{ productHandle: 'tank-top-men-women-bc-0545', size: 'Small' }"
tank-top-men-women-bc-0545,Tank Top Men / Women- BC-0545,Size,Medium,"{ productHandle: 'tank-top-men-women-bc-0545', size: 'Medium' }"
tank-top-men-women-bc-0545,Tank Top Men / Women- BC-0545,Size,Large,"{ productHandle: 'tank-top-men-women-bc-0545', size: 'Large' }"
tank-top-men-women-bc-0545,Tank Top Men / Women- BC-0545,Size,X-Large,"{ productHandle: 'tank-top-men-women-bc-0545', size: 'X-Large' }"
tank-top-men-women-bc-0545,Tank Top Men / Women- BC-0545,Size,2XL,"{ productHandle: 'tank-top-men-women-bc-0545', size: '2XL' }"
tank-top-men-women-bc-544,Tank Top Men / Women- BC-0544,Size,X-Small,"{ productHandle: 'tank-top-men-women-bc-544', size: 'X-Small' }"
tank-top-men-women-bc-544,Tank Top Men / Women- BC-0544,Size,Small,"{ productHandle: 'tank-top-men-women-bc-544', size: 'Small' }"
tank-top-men-women-bc-544,Tank Top Men / Women- BC-0544,Size,Medium,"{ productHandle: 'tank-top-men-women-bc-544', size: 'Medium' }"
tank-top-men-women-bc-544,Tank Top Men / Women- BC-0544,Size,Large,"{ productHandle: 'tank-top-men-women-bc-544', size: 'Large' }"
tank-top-men-women-bc-544,Tank Top Men / Women- BC-0544,Size,X-Large,"{ productHandle: 'tank-top-men-women-bc-544', size: 'X-Large' }"
tank-top-men-women-bc-544,Tank Top Men / Women- BC-0544,Size,2XL,"{ productHandle: 'tank-top-men-women-bc-544', size: '2XL' }"
tank-top-men-women-bc-543,Tank Top Men / Women- BC-0543,Size,X-Small,"{ productHandle: 'tank-top-men-women-bc-543', size: 'X-Small' }"
tank-top-men-women-bc-543,Tank Top Men / Women- BC-0543,Size,Small,"{ productHandle: 'tank-top-men-women-bc-543', size: 'Small' }"
tank-top-men-women-bc-543,Tank Top Men / Women- BC-0543,Size,Medium,"{ productHandle: 'tank-top-men-women-bc-543', size: 'Medium' }"
tank-top-men-women-bc-543,Tank Top Men / Women- BC-0543,Size,Large,"{ productHandle: 'tank-top-men-women-bc-543', size: 'Large' }"
tank-top-men-women-bc-543,Tank Top Men / Women- BC-0543,Size,X-Large,"{ productHandle: 'tank-top-men-women-bc-543', size: 'X-Large' }"
tank-top-men-women-bc-543,Tank Top Men / Women- BC-0543,Size,2XL,"{ productHandle: 'tank-top-men-women-bc-543', size: '2XL' }"
tank-top-men-women-bc-542,Tank Top Men / Women- BC-0542,Size,X-Small,"{ productHandle: 'tank-top-men-women-bc-542', size: 'X-Small' }"
tank-top-men-women-bc-542,Tank Top Men / Women- BC-0542,Size,Small,"{ productHandle: 'tank-top-men-women-bc-542', size: 'Small' }"
tank-top-men-women-bc-542,Tank Top Men / Women- BC-0542,Size,Medium,"{ productHandle: 'tank-top-men-women-bc-542', size: 'Medium' }"
tank-top-men-women-bc-542,Tank Top Men / Women- BC-0542,Size,Large,"{ productHandle: 'tank-top-men-women-bc-542', size: 'Large' }"
tank-top-men-women-bc-542,Tank Top Men / Women- BC-0542,Size,X-Large,"{ productHandle: 'tank-top-men-women-bc-542', size: 'X-Large' }"
tank-top-men-women-bc-542,Tank Top Men / Women- BC-0542,Size,2XL,"{ productHandle: 'tank-top-men-women-bc-542', size: '2XL' }"
volleyball-uniform-bc-0664,Volleyball Uniform- BC-0664,Size,Youth Small,"{ productHandle: 'volleyball-uniform-bc-0664', size: 'Youth Small' }"
volleyball-uniform-bc-0664,Volleyball Uniform- BC-0664,Size,Youth Medium,"{ productHandle: 'volleyball-uniform-bc-0664', size: 'Youth Medium' }"
volleyball-uniform-bc-0664,Volleyball Uniform- BC-0664,Size,Youth Large,"{ productHandle: 'volleyball-uniform-bc-0664', size: 'Youth Large' }"
volleyball-uniform-bc-0664,Volleyball Uniform- BC-0664,Size,Adult X-Small,"{ productHandle: 'volleyball-uniform-bc-0664', size: 'Adult X-Small' }"
volleyball-uniform-bc-0664,Volleyball Uniform- BC-0664,Size,Adult Small,"{ productHandle: 'volleyball-uniform-bc-0664', size: 'Adult Small' }"
volleyball-uniform-bc-0664,Volleyball Uniform- BC-0664,Size,Adult Medium,"{ productHandle: 'volleyball-uniform-bc-0664', size: 'Adult Medium' }"
volleyball-uniform-bc-0664,Volleyball Uniform- BC-0664,Size,Adult Large,"{ productHandle: 'volleyball-uniform-bc-0664', size: 'Adult Large' }"
volleyball-uniform-bc-0664,Volleyball Uniform- BC-0664,Size,Adult X-Large,"{ productHandle: 'volleyball-uniform-bc-0664', size: 'Adult X-Large' }"
volleyball-uniform-bc-0664,Volleyball Uniform- BC-0664,Size,Adult 2XL,"{ productHandle: 'volleyball-uniform-bc-0664', size: 'Adult 2XL' }"
volleyball-uniform-bc-0664,Volleyball Uniform- BC-0664,Size,Adult 3XL,"{ productHandle: 'volleyball-uniform-bc-0664', size: 'Adult 3XL' }"
volleyball-uniform-bc-0663,Volleyball Uniform- BC-0663,Size,Youth Small,"{ productHandle: 'volleyball-uniform-bc-0663', size: 'Youth Small' }"
volleyball-uniform-bc-0663,Volleyball Uniform- BC-0663,Size,Youth Medium,"{ productHandle: 'volleyball-uniform-bc-0663', size: 'Youth Medium' }"
volleyball-uniform-bc-0663,Volleyball Uniform- BC-0663,Size,Youth Large,"{ productHandle: 'volleyball-uniform-bc-0663', size: 'Youth Large' }"
volleyball-uniform-bc-0663,Volleyball Uniform- BC-0663,Size,Adult X-Small,"{ productHandle: 'volleyball-uniform-bc-0663', size: 'Adult X-Small' }"
volleyball-uniform-bc-0663,Volleyball Uniform- BC-0663,Size,Adult Small,"{ productHandle: 'volleyball-uniform-bc-0663', size: 'Adult Small' }"
volleyball-uniform-bc-0663,Volleyball Uniform- BC-0663,Size,Adult Medium,"{ productHandle: 'volleyball-uniform-bc-0663', size: 'Adult Medium' }"
volleyball-uniform-bc-0663,Volleyball Uniform- BC-0663,Size,Adult Large,"{ productHandle: 'volleyball-uniform-bc-0663', size: 'Adult Large' }"
volleyball-uniform-bc-0663,Volleyball Uniform- BC-0663,Size,Adult X-Large,"{ productHandle: 'volleyball-uniform-bc-0663', size: 'Adult X-Large' }"
volleyball-uniform-bc-0663,Volleyball Uniform- BC-0663,Size,Adult 2XL,"{ productHandle: 'volleyball-uniform-bc-0663', size: 'Adult 2XL' }"
volleyball-uniform-bc-0663,Volleyball Uniform- BC-0663,Size,Adult 3XL,"{ productHandle: 'volleyball-uniform-bc-0663', size: 'Adult 3XL' }"
volleyball-uniform-bc-0662,Volleyball Uniform- BC-0662,Size,Youth Small,"{ productHandle: 'volleyball-uniform-bc-0662', size: 'Youth Small' }"
volleyball-uniform-bc-0662,Volleyball Uniform- BC-0662,Size,Youth Medium,"{ productHandle: 'volleyball-uniform-bc-0662', size: 'Youth Medium' }"
volleyball-uniform-bc-0662,Volleyball Uniform- BC-0662,Size,Youth Large,"{ productHandle: 'volleyball-uniform-bc-0662', size: 'Youth Large' }"
volleyball-uniform-bc-0662,Volleyball Uniform- BC-0662,Size,Adult X-Small,"{ productHandle: 'volleyball-uniform-bc-0662', size: 'Adult X-Small' }"
volleyball-uniform-bc-0662,Volleyball Uniform- BC-0662,Size,Adult Small,"{ productHandle: 'volleyball-uniform-bc-0662', size: 'Adult Small' }"
volleyball-uniform-bc-0662,Volleyball Uniform- BC-0662,Size,Adult Medium,"{ productHandle: 'volleyball-uniform-bc-0662', size: 'Adult Medium' }"
volleyball-uniform-bc-0662,Volleyball Uniform- BC-0662,Size,Adult Large,"{ productHandle: 'volleyball-uniform-bc-0662', size: 'Adult Large' }"
volleyball-uniform-bc-0662,Volleyball Uniform- BC-0662,Size,Adult X-Large,"{ productHandle: 'volleyball-uniform-bc-0662', size: 'Adult X-Large' }"
volleyball-uniform-bc-0662,Volleyball Uniform- BC-0662,Size,Adult 2XL,"{ productHandle: 'volleyball-uniform-bc-0662', size: 'Adult 2XL' }"
volleyball-uniform-bc-0662,Volleyball Uniform- BC-0662,Size,Adult 3XL,"{ productHandle: 'volleyball-uniform-bc-0662', size: 'Adult 3XL' }"
volleyball-uniform-bc-0661,Volleyball Uniform- BC-0661,Size,Youth Small,"{ productHandle: 'volleyball-uniform-bc-0661', size: 'Youth Small' }"
volleyball-uniform-bc-0661,Volleyball Uniform- BC-0661,Size,Youth Medium,"{ productHandle: 'volleyball-uniform-bc-0661', size: 'Youth Medium' }"
volleyball-uniform-bc-0661,Volleyball Uniform- BC-0661,Size,Youth Large,"{ productHandle: 'volleyball-uniform-bc-0661', size: 'Youth Large' }"
volleyball-uniform-bc-0661,Volleyball Uniform- BC-0661,Size,Adult X-Small,"{ productHandle: 'volleyball-uniform-bc-0661', size: 'Adult X-Small' }"
volleyball-uniform-bc-0661,Volleyball Uniform- BC-0661,Size,Adult Small,"{ productHandle: 'volleyball-uniform-bc-0661', size: 'Adult Small' }"
volleyball-uniform-bc-0661,Volleyball Uniform- BC-0661,Size,Adult Medium,"{ productHandle: 'volleyball-uniform-bc-0661', size: 'Adult Medium' }"
volleyball-uniform-bc-0661,Volleyball Uniform- BC-0661,Size,Adult Large,"{ productHandle: 'volleyball-uniform-bc-0661', size: 'Adult Large' }"
volleyball-uniform-bc-0661,Volleyball Uniform- BC-0661,Size,Adult X-Large,"{ productHandle: 'volleyball-uniform-bc-0661', size: 'Adult X-Large' }"
volleyball-uniform-bc-0661,Volleyball Uniform- BC-0661,Size,Adult 2XL,"{ productHandle: 'volleyball-uniform-bc-0661', size: 'Adult 2XL' }"
volleyball-uniform-bc-0661,Volleyball Uniform- BC-0661,Size,Adult 3XL,"{ productHandle: 'volleyball-uniform-bc-0661', size: 'Adult 3XL' }"
volleyball-uniform-bc-0660,Volleyball Uniform- BC-0660,Size,Youth Small,"{ productHandle: 'volleyball-uniform-bc-0660', size: 'Youth Small' }"
volleyball-uniform-bc-0660,Volleyball Uniform- BC-0660,Size,Youth Medium,"{ productHandle: 'volleyball-uniform-bc-0660', size: 'Youth Medium' }"
volleyball-uniform-bc-0660,Volleyball Uniform- BC-0660,Size,Youth Large,"{ productHandle: 'volleyball-uniform-bc-0660', size: 'Youth Large' }"
volleyball-uniform-bc-0660,Volleyball Uniform- BC-0660,Size,Adult X-Small,"{ productHandle: 'volleyball-uniform-bc-0660', size: 'Adult X-Small' }"
volleyball-uniform-bc-0660,Volleyball Uniform- BC-0660,Size,Adult Small,"{ productHandle: 'volleyball-uniform-bc-0660', size: 'Adult Small' }"
volleyball-uniform-bc-0660,Volleyball Uniform- BC-0660,Size,Adult Medium,"{ productHandle: 'volleyball-uniform-bc-0660', size: 'Adult Medium' }"
volleyball-uniform-bc-0660,Volleyball Uniform- BC-0660,Size,Adult Large,"{ productHandle: 'volleyball-uniform-bc-0660', size: 'Adult Large' }"
volleyball-uniform-bc-0660,Volleyball Uniform- BC-0660,Size,Adult X-Large,"{ productHandle: 'volleyball-uniform-bc-0660', size: 'Adult X-Large' }"
volleyball-uniform-bc-0660,Volleyball Uniform- BC-0660,Size,Adult 2XL,"{ productHandle: 'volleyball-uniform-bc-0660', size: 'Adult 2XL' }"
volleyball-uniform-bc-0660,Volleyball Uniform- BC-0660,Size,Adult 3XL,"{ productHandle: 'volleyball-uniform-bc-0660', size: 'Adult 3XL' }"
volleyball-uniform-bc-0659,Volleyball Uniform- BC-0659,Size,Youth Small,"{ productHandle: 'volleyball-uniform-bc-0659', size: 'Youth Small' }"
volleyball-uniform-bc-0659,Volleyball Uniform- BC-0659,Size,Youth Medium,"{ productHandle: 'volleyball-uniform-bc-0659', size: 'Youth Medium' }"
volleyball-uniform-bc-0659,Volleyball Uniform- BC-0659,Size,Youth Large,"{ productHandle: 'volleyball-uniform-bc-0659', size: 'Youth Large' }"
volleyball-uniform-bc-0659,Volleyball Uniform- BC-0659,Size,Adult X-Small,"{ productHandle: 'volleyball-uniform-bc-0659', size: 'Adult X-Small' }"
volleyball-uniform-bc-0659,Volleyball Uniform- BC-0659,Size,Adult Small,"{ productHandle: 'volleyball-uniform-bc-0659', size: 'Adult Small' }"
volleyball-uniform-bc-0659,Volleyball Uniform- BC-0659,Size,Adult Medium,"{ productHandle: 'volleyball-uniform-bc-0659', size: 'Adult Medium' }"
volleyball-uniform-bc-0659,Volleyball Uniform- BC-0659,Size,Adult Large,"{ productHandle: 'volleyball-uniform-bc-0659', size: 'Adult Large' }"
volleyball-uniform-bc-0659,Volleyball Uniform- BC-0659,Size,Adult X-Large,"{ productHandle: 'volleyball-uniform-bc-0659', size: 'Adult X-Large' }"
volleyball-uniform-bc-0659,Volleyball Uniform- BC-0659,Size,Adult 2XL,"{ productHandle: 'volleyball-uniform-bc-0659', size: 'Adult 2XL' }"
volleyball-uniform-bc-0659,Volleyball Uniform- BC-0659,Size,Adult 3XL,"{ productHandle: 'volleyball-uniform-bc-0659', size: 'Adult 3XL' }"
volleyball-uniform-bc-0658,Volleyball Uniform- BC-0658,Size,Youth Small,"{ productHandle: 'volleyball-uniform-bc-0658', size: 'Youth Small' }"
volleyball-uniform-bc-0658,Volleyball Uniform- BC-0658,Size,Youth Medium,"{ productHandle: 'volleyball-uniform-bc-0658', size: 'Youth Medium' }"
volleyball-uniform-bc-0658,Volleyball Uniform- BC-0658,Size,Youth Large,"{ productHandle: 'volleyball-uniform-bc-0658', size: 'Youth Large' }"
volleyball-uniform-bc-0658,Volleyball Uniform- BC-0658,Size,Adult X-Small,"{ productHandle: 'volleyball-uniform-bc-0658', size: 'Adult X-Small' }"
volleyball-uniform-bc-0658,Volleyball Uniform- BC-0658,Size,Adult Small,"{ productHandle: 'volleyball-uniform-bc-0658', size: 'Adult Small' }"
volleyball-uniform-bc-0658,Volleyball Uniform- BC-0658,Size,Adult Medium,"{ productHandle: 'volleyball-uniform-bc-0658', size: 'Adult Medium' }"
volleyball-uniform-bc-0658,Volleyball Uniform- BC-0658,Size,Adult Large,"{ productHandle: 'volleyball-uniform-bc-0658', size: 'Adult Large' }"
volleyball-uniform-bc-0658,Volleyball Uniform- BC-0658,Size,Adult X-Large,"{ productHandle: 'volleyball-uniform-bc-0658', size: 'Adult X-Large' }"
volleyball-uniform-bc-0658,Volleyball Uniform- BC-0658,Size,Adult 2XL,"{ productHandle: 'volleyball-uniform-bc-0658', size: 'Adult 2XL' }"
volleyball-uniform-bc-0658,Volleyball Uniform- BC-0658,Size,Adult 3XL,"{ productHandle: 'volleyball-uniform-bc-0658', size: 'Adult 3XL' }"
volleyball-uniform-bc-0657,Volleyball Uniform- BC-0657,Size,Youth Small,"{ productHandle: 'volleyball-uniform-bc-0657', size: 'Youth Small' }"
volleyball-uniform-bc-0657,Volleyball Uniform- BC-0657,Size,Youth Medium,"{ productHandle: 'volleyball-uniform-bc-0657', size: 'Youth Medium' }"
volleyball-uniform-bc-0657,Volleyball Uniform- BC-0657,Size,Youth Large,"{ productHandle: 'volleyball-uniform-bc-0657', size: 'Youth Large' }"
volleyball-uniform-bc-0657,Volleyball Uniform- BC-0657,Size,Adult X-Small,"{ productHandle: 'volleyball-uniform-bc-0657', size: 'Adult X-Small' }"
volleyball-uniform-bc-0657,Volleyball Uniform- BC-0657,Size,Adult Small,"{ productHandle: 'volleyball-uniform-bc-0657', size: 'Adult Small' }"
volleyball-uniform-bc-0657,Volleyball Uniform- BC-0657,Size,Adult Medium,"{ productHandle: 'volleyball-uniform-bc-0657', size: 'Adult Medium' }"
volleyball-uniform-bc-0657,Volleyball Uniform- BC-0657,Size,Adult Large,"{ productHandle: 'volleyball-uniform-bc-0657', size: 'Adult Large' }"
volleyball-uniform-bc-0657,Volleyball Uniform- BC-0657,Size,Adult X-Large,"{ productHandle: 'volleyball-uniform-bc-0657', size: 'Adult X-Large' }"
volleyball-uniform-bc-0657,Volleyball Uniform- BC-0657,Size,Adult 2XL,"{ productHandle: 'volleyball-uniform-bc-0657', size: 'Adult 2XL' }"
volleyball-uniform-bc-0657,Volleyball Uniform- BC-0657,Size,Adult 3XL,"{ productHandle: 'volleyball-uniform-bc-0657', size: 'Adult 3XL' }"
volleyball-uniform-bc-0656,Volleyball Uniform- BC-0656,Size,Youth Small,"{ productHandle: 'volleyball-uniform-bc-0656', size: 'Youth Small' }"
volleyball-uniform-bc-0656,Volleyball Uniform- BC-0656,Size,Youth Medium,"{ productHandle: 'volleyball-uniform-bc-0656', size: 'Youth Medium' }"
volleyball-uniform-bc-0656,Volleyball Uniform- BC-0656,Size,Youth Large,"{ productHandle: 'volleyball-uniform-bc-0656', size: 'Youth Large' }"
volleyball-uniform-bc-0656,Volleyball Uniform- BC-0656,Size,Adult X-Small,"{ productHandle: 'volleyball-uniform-bc-0656', size: 'Adult X-Small' }"
volleyball-uniform-bc-0656,Volleyball Uniform- BC-0656,Size,Adult Small,"{ productHandle: 'volleyball-uniform-bc-0656', size: 'Adult Small' }"
volleyball-uniform-bc-0656,Volleyball Uniform- BC-0656,Size,Adult Medium,"{ productHandle: 'volleyball-uniform-bc-0656', size: 'Adult Medium' }"
volleyball-uniform-bc-0656,Volleyball Uniform- BC-0656,Size,Adult Large,"{ productHandle: 'volleyball-uniform-bc-0656', size: 'Adult Large' }"
volleyball-uniform-bc-0656,Volleyball Uniform- BC-0656,Size,Adult X-Large,"{ productHandle: 'volleyball-uniform-bc-0656', size: 'Adult X-Large' }"
volleyball-uniform-bc-0656,Volleyball Uniform- BC-0656,Size,Adult 2XL,"{ productHandle: 'volleyball-uniform-bc-0656', size: 'Adult 2XL' }"
volleyball-uniform-bc-0656,Volleyball Uniform- BC-0656,Size,Adult 3XL,"{ productHandle: 'volleyball-uniform-bc-0656', size: 'Adult 3XL' }"
volleyball-uniform-bc-0655,Volleyball Uniform- BC-0655,Size,Youth Small,"{ productHandle: 'volleyball-uniform-bc-0655', size: 'Youth Small' }"
volleyball-uniform-bc-0655,Volleyball Uniform- BC-0655,Size,Youth Medium,"{ productHandle: 'volleyball-uniform-bc-0655', size: 'Youth Medium' }"
volleyball-uniform-bc-0655,Volleyball Uniform- BC-0655,Size,Youth Large,"{ productHandle: 'volleyball-uniform-bc-0655', size: 'Youth Large' }"
volleyball-uniform-bc-0655,Volleyball Uniform- BC-0655,Size,Adult X-Small,"{ productHandle: 'volleyball-uniform-bc-0655', size: 'Adult X-Small' }"
volleyball-uniform-bc-0655,Volleyball Uniform- BC-0655,Size,Adult Small,"{ productHandle: 'volleyball-uniform-bc-0655', size: 'Adult Small' }"
volleyball-uniform-bc-0655,Volleyball Uniform- BC-0655,Size,Adult Medium,"{ productHandle: 'volleyball-uniform-bc-0655', size: 'Adult Medium' }"
volleyball-uniform-bc-0655,Volleyball Uniform- BC-0655,Size,Adult Large,"{ productHandle: 'volleyball-uniform-bc-0655', size: 'Adult Large' }"
volleyball-uniform-bc-0655,Volleyball Uniform- BC-0655,Size,Adult X-Large,"{ productHandle: 'volleyball-uniform-bc-0655', size: 'Adult X-Large' }"
volleyball-uniform-bc-0655,Volleyball Uniform- BC-0655,Size,Adult 2XL,"{ productHandle: 'volleyball-uniform-bc-0655', size: 'Adult 2XL' }"
volleyball-uniform-bc-0655,Volleyball Uniform- BC-0655,Size,Adult 3XL,"{ productHandle: 'volleyball-uniform-bc-0655', size: 'Adult 3XL' }"
volleyball-uniform-bc-0654,Volleyball Uniform- BC-0654,Size,Youth Small,"{ productHandle: 'volleyball-uniform-bc-0654', size: 'Youth Small' }"
volleyball-uniform-bc-0654,Volleyball Uniform- BC-0654,Size,Youth Medium,"{ productHandle: 'volleyball-uniform-bc-0654', size: 'Youth Medium' }"
volleyball-uniform-bc-0654,Volleyball Uniform- BC-0654,Size,Youth Large,"{ productHandle: 'volleyball-uniform-bc-0654', size: 'Youth Large' }"
volleyball-uniform-bc-0654,Volleyball Uniform- BC-0654,Size,Adult X-Small,"{ productHandle: 'volleyball-uniform-bc-0654', size: 'Adult X-Small' }"
volleyball-uniform-bc-0654,Volleyball Uniform- BC-0654,Size,Adult Small,"{ productHandle: 'volleyball-uniform-bc-0654', size: 'Adult Small' }"
volleyball-uniform-bc-0654,Volleyball Uniform- BC-0654,Size,Adult Medium,"{ productHandle: 'volleyball-uniform-bc-0654', size: 'Adult Medium' }"
volleyball-uniform-bc-0654,Volleyball Uniform- BC-0654,Size,Adult Large,"{ productHandle: 'volleyball-uniform-bc-0654', size: 'Adult Large' }"
volleyball-uniform-bc-0654,Volleyball Uniform- BC-0654,Size,Adult X-Large,"{ productHandle: 'volleyball-uniform-bc-0654', size: 'Adult X-Large' }"
volleyball-uniform-bc-0654,Volleyball Uniform- BC-0654,Size,Adult 2XL,"{ productHandle: 'volleyball-uniform-bc-0654', size: 'Adult 2XL' }"
volleyball-uniform-bc-0654,Volleyball Uniform- BC-0654,Size,Adult 3XL,"{ productHandle: 'volleyball-uniform-bc-0654', size: 'Adult 3XL' }"
volleyball-uniform-bc-0653,Volleyball Uniform- BC-0653,Size,Youth Small,"{ productHandle: 'volleyball-uniform-bc-0653', size: 'Youth Small' }"
volleyball-uniform-bc-0653,Volleyball Uniform- BC-0653,Size,Youth Medium,"{ productHandle: 'volleyball-uniform-bc-0653', size: 'Youth Medium' }"
volleyball-uniform-bc-0653,Volleyball Uniform- BC-0653,Size,Youth Large,"{ productHandle: 'volleyball-uniform-bc-0653', size: 'Youth Large' }"
volleyball-uniform-bc-0653,Volleyball Uniform- BC-0653,Size,Adult X-Small,"{ productHandle: 'volleyball-uniform-bc-0653', size: 'Adult X-Small' }"
volleyball-uniform-bc-0653,Volleyball Uniform- BC-0653,Size,Adult Small,"{ productHandle: 'volleyball-uniform-bc-0653', size: 'Adult Small' }"
volleyball-uniform-bc-0653,Volleyball Uniform- BC-0653,Size,Adult Medium,"{ productHandle: 'volleyball-uniform-bc-0653', size: 'Adult Medium' }"
volleyball-uniform-bc-0653,Volleyball Uniform- BC-0653,Size,Adult Large,"{ productHandle: 'volleyball-uniform-bc-0653', size: 'Adult Large' }"
volleyball-uniform-bc-0653,Volleyball Uniform- BC-0653,Size,Adult X-Large,"{ productHandle: 'volleyball-uniform-bc-0653', size: 'Adult X-Large' }"
volleyball-uniform-bc-0653,Volleyball Uniform- BC-0653,Size,Adult 2XL,"{ productHandle: 'volleyball-uniform-bc-0653', size: 'Adult 2XL' }"
volleyball-uniform-bc-0653,Volleyball Uniform- BC-0653,Size,Adult 3XL,"{ productHandle: 'volleyball-uniform-bc-0653', size: 'Adult 3XL' }"
volleyball-uniform-bc-0652,Volleyball Uniform- BC-0652,Size,Youth Small,"{ productHandle: 'volleyball-uniform-bc-0652', size: 'Youth Small' }"
volleyball-uniform-bc-0652,Volleyball Uniform- BC-0652,Size,Youth Medium,"{ productHandle: 'volleyball-uniform-bc-0652', size: 'Youth Medium' }"
volleyball-uniform-bc-0652,Volleyball Uniform- BC-0652,Size,Youth Large,"{ productHandle: 'volleyball-uniform-bc-0652', size: 'Youth Large' }"
volleyball-uniform-bc-0652,Volleyball Uniform- BC-0652,Size,Adult X-Small,"{ productHandle: 'volleyball-uniform-bc-0652', size: 'Adult X-Small' }"
volleyball-uniform-bc-0652,Volleyball Uniform- BC-0652,Size,Adult Small,"{ productHandle: 'volleyball-uniform-bc-0652', size: 'Adult Small' }"
volleyball-uniform-bc-0652,Volleyball Uniform- BC-0652,Size,Adult Medium,"{ productHandle: 'volleyball-uniform-bc-0652', size: 'Adult Medium' }"
volleyball-uniform-bc-0652,Volleyball Uniform- BC-0652,Size,Adult Large,"{ productHandle: 'volleyball-uniform-bc-0652', size: 'Adult Large' }"
volleyball-uniform-bc-0652,Volleyball Uniform- BC-0652,Size,Adult X-Large,"{ productHandle: 'volleyball-uniform-bc-0652', size: 'Adult X-Large' }"
volleyball-uniform-bc-0652,Volleyball Uniform- BC-0652,Size,Adult 2XL,"{ productHandle: 'volleyball-uniform-bc-0652', size: 'Adult 2XL' }"
volleyball-uniform-bc-0652,Volleyball Uniform- BC-0652,Size,Adult 3XL,"{ productHandle: 'volleyball-uniform-bc-0652', size: 'Adult 3XL' }"
volleyball-uniform-bc-0651,Volleyball Uniform- BC-0651,Size,Youth Small,"{ productHandle: 'volleyball-uniform-bc-0651', size: 'Youth Small' }"
volleyball-uniform-bc-0651,Volleyball Uniform- BC-0651,Size,Youth Medium,"{ productHandle: 'volleyball-uniform-bc-0651', size: 'Youth Medium' }"
volleyball-uniform-bc-0651,Volleyball Uniform- BC-0651,Size,Youth Large,"{ productHandle: 'volleyball-uniform-bc-0651', size: 'Youth Large' }"
volleyball-uniform-bc-0651,Volleyball Uniform- BC-0651,Size,Adult X-Small,"{ productHandle: 'volleyball-uniform-bc-0651', size: 'Adult X-Small' }"
volleyball-uniform-bc-0651,Volleyball Uniform- BC-0651,Size,Adult Small,"{ productHandle: 'volleyball-uniform-bc-0651', size: 'Adult Small' }"
volleyball-uniform-bc-0651,Volleyball Uniform- BC-0651,Size,Adult Medium,"{ productHandle: 'volleyball-uniform-bc-0651', size: 'Adult Medium' }"
volleyball-uniform-bc-0651,Volleyball Uniform- BC-0651,Size,Adult Large,"{ productHandle: 'volleyball-uniform-bc-0651', size: 'Adult Large' }"
volleyball-uniform-bc-0651,Volleyball Uniform- BC-0651,Size,Adult X-Large,"{ productHandle: 'volleyball-uniform-bc-0651', size: 'Adult X-Large' }"
volleyball-uniform-bc-0651,Volleyball Uniform- BC-0651,Size,Adult 2XL,"{ productHandle: 'volleyball-uniform-bc-0651', size: 'Adult 2XL' }"
volleyball-uniform-bc-0651,Volleyball Uniform- BC-0651,Size,Adult 3XL,"{ productHandle: 'volleyball-uniform-bc-0651', size: 'Adult 3XL' }"
volleyball-uniform-bc-0650,Volleyball Uniform- BC-0650,Size,Youth Small,"{ productHandle: 'volleyball-uniform-bc-0650', size: 'Youth Small' }"
volleyball-uniform-bc-0650,Volleyball Uniform- BC-0650,Size,Youth Medium,"{ productHandle: 'volleyball-uniform-bc-0650', size: 'Youth Medium' }"
volleyball-uniform-bc-0650,Volleyball Uniform- BC-0650,Size,Youth Large,"{ productHandle: 'volleyball-uniform-bc-0650', size: 'Youth Large' }"
volleyball-uniform-bc-0650,Volleyball Uniform- BC-0650,Size,Adult X-Small,"{ productHandle: 'volleyball-uniform-bc-0650', size: 'Adult X-Small' }"
volleyball-uniform-bc-0650,Volleyball Uniform- BC-0650,Size,Adult Small,"{ productHandle: 'volleyball-uniform-bc-0650', size: 'Adult Small' }"
volleyball-uniform-bc-0650,Volleyball Uniform- BC-0650,Size,Adult Medium,"{ productHandle: 'volleyball-uniform-bc-0650', size: 'Adult Medium' }"
volleyball-uniform-bc-0650,Volleyball Uniform- BC-0650,Size,Adult Large,"{ productHandle: 'volleyball-uniform-bc-0650', size: 'Adult Large' }"
volleyball-uniform-bc-0650,Volleyball Uniform- BC-0650,Size,Adult X-Large,"{ productHandle: 'volleyball-uniform-bc-0650', size: 'Adult X-Large' }"
volleyball-uniform-bc-0650,Volleyball Uniform- BC-0650,Size,Adult 2XL,"{ productHandle: 'volleyball-uniform-bc-0650', size: 'Adult 2XL' }"
volleyball-uniform-bc-0650,Volleyball Uniform- BC-0650,Size,Adult 3XL,"{ productHandle: 'volleyball-uniform-bc-0650', size: 'Adult 3XL' }"
volleyball-uniform-bc-0649,Volleyball Uniform-  BC-0649,Size,Youth Small,"{ productHandle: 'volleyball-uniform-bc-0649', size: 'Youth Small' }"
volleyball-uniform-bc-0649,Volleyball Uniform-  BC-0649,Size,Youth Medium,"{ productHandle: 'volleyball-uniform-bc-0649', size: 'Youth Medium' }"
volleyball-uniform-bc-0649,Volleyball Uniform-  BC-0649,Size,Youth Large,"{ productHandle: 'volleyball-uniform-bc-0649', size: 'Youth Large' }"
volleyball-uniform-bc-0649,Volleyball Uniform-  BC-0649,Size,Adult X-Small,"{ productHandle: 'volleyball-uniform-bc-0649', size: 'Adult X-Small' }"
volleyball-uniform-bc-0649,Volleyball Uniform-  BC-0649,Size,Adult Small,"{ productHandle: 'volleyball-uniform-bc-0649', size: 'Adult Small' }"
volleyball-uniform-bc-0649,Volleyball Uniform-  BC-0649,Size,Adult Medium,"{ productHandle: 'volleyball-uniform-bc-0649', size: 'Adult Medium' }"
volleyball-uniform-bc-0649,Volleyball Uniform-  BC-0649,Size,Adult Large,"{ productHandle: 'volleyball-uniform-bc-0649', size: 'Adult Large' }"
volleyball-uniform-bc-0649,Volleyball Uniform-  BC-0649,Size,Adult X-Large,"{ productHandle: 'volleyball-uniform-bc-0649', size: 'Adult X-Large' }"
volleyball-uniform-bc-0649,Volleyball Uniform-  BC-0649,Size,Adult 2XL,"{ productHandle: 'volleyball-uniform-bc-0649', size: 'Adult 2XL' }"
volleyball-uniform-bc-0649,Volleyball Uniform-  BC-0649,Size,Adult 3XL,"{ productHandle: 'volleyball-uniform-bc-0649', size: 'Adult 3XL' }"
volleyball-uniform-bc-0648,Volleyball Uniform- BC-0648,Size,Youth Small,"{ productHandle: 'volleyball-uniform-bc-0648', size: 'Youth Small' }"
volleyball-uniform-bc-0648,Volleyball Uniform- BC-0648,Size,Youth Medium,"{ productHandle: 'volleyball-uniform-bc-0648', size: 'Youth Medium' }"
volleyball-uniform-bc-0648,Volleyball Uniform- BC-0648,Size,Youth Large,"{ productHandle: 'volleyball-uniform-bc-0648', size: 'Youth Large' }"
volleyball-uniform-bc-0648,Volleyball Uniform- BC-0648,Size,Adult X-Small,"{ productHandle: 'volleyball-uniform-bc-0648', size: 'Adult X-Small' }"
volleyball-uniform-bc-0648,Volleyball Uniform- BC-0648,Size,Adult Small,"{ productHandle: 'volleyball-uniform-bc-0648', size: 'Adult Small' }"
volleyball-uniform-bc-0648,Volleyball Uniform- BC-0648,Size,Adult Medium,"{ productHandle: 'volleyball-uniform-bc-0648', size: 'Adult Medium' }"
volleyball-uniform-bc-0648,Volleyball Uniform- BC-0648,Size,Adult Large,"{ productHandle: 'volleyball-uniform-bc-0648', size: 'Adult Large' }"
volleyball-uniform-bc-0648,Volleyball Uniform- BC-0648,Size,Adult X-Large,"{ productHandle: 'volleyball-uniform-bc-0648', size: 'Adult X-Large' }"
volleyball-uniform-bc-0648,Volleyball Uniform- BC-0648,Size,Adult 2XL,"{ productHandle: 'volleyball-uniform-bc-0648', size: 'Adult 2XL' }"
volleyball-uniform-bc-0648,Volleyball Uniform- BC-0648,Size,Adult 3XL,"{ productHandle: 'volleyball-uniform-bc-0648', size: 'Adult 3XL' }"
tennis-uniform-bc-0757,Tennis Uniform- BC-0757,Size,Youth Small,"{ productHandle: 'tennis-uniform-bc-0757', size: 'Youth Small' }"
tennis-uniform-bc-0757,Tennis Uniform- BC-0757,Size,Youth Medium,"{ productHandle: 'tennis-uniform-bc-0757', size: 'Youth Medium' }"
tennis-uniform-bc-0757,Tennis Uniform- BC-0757,Size,Youth Large,"{ productHandle: 'tennis-uniform-bc-0757', size: 'Youth Large' }"
tennis-uniform-bc-0757,Tennis Uniform- BC-0757,Size,Adult X-Small,"{ productHandle: 'tennis-uniform-bc-0757', size: 'Adult X-Small' }"
tennis-uniform-bc-0757,Tennis Uniform- BC-0757,Size,Adult Small,"{ productHandle: 'tennis-uniform-bc-0757', size: 'Adult Small' }"
tennis-uniform-bc-0757,Tennis Uniform- BC-0757,Size,Adult Medium,"{ productHandle: 'tennis-uniform-bc-0757', size: 'Adult Medium' }"
tennis-uniform-bc-0757,Tennis Uniform- BC-0757,Size,Adult Large,"{ productHandle: 'tennis-uniform-bc-0757', size: 'Adult Large' }"
tennis-uniform-bc-0757,Tennis Uniform- BC-0757,Size,Adult X-Large,"{ productHandle: 'tennis-uniform-bc-0757', size: 'Adult X-Large' }"
tennis-uniform-bc-0757,Tennis Uniform- BC-0757,Size,Adult 2XL,"{ productHandle: 'tennis-uniform-bc-0757', size: 'Adult 2XL' }"
tennis-uniform-bc-0757,Tennis Uniform- BC-0757,Size,Adult 3XL,"{ productHandle: 'tennis-uniform-bc-0757', size: 'Adult 3XL' }"
tennis-uniform-bc-0756,Tennis Uniform- BC-0756,Size,Youth Small,"{ productHandle: 'tennis-uniform-bc-0756', size: 'Youth Small' }"
tennis-uniform-bc-0756,Tennis Uniform- BC-0756,Size,Youth Medium,"{ productHandle: 'tennis-uniform-bc-0756', size: 'Youth Medium' }"
tennis-uniform-bc-0756,Tennis Uniform- BC-0756,Size,Youth Large,"{ productHandle: 'tennis-uniform-bc-0756', size: 'Youth Large' }"
tennis-uniform-bc-0756,Tennis Uniform- BC-0756,Size,Adult X-Small,"{ productHandle: 'tennis-uniform-bc-0756', size: 'Adult X-Small' }"
tennis-uniform-bc-0756,Tennis Uniform- BC-0756,Size,Adult Small,"{ productHandle: 'tennis-uniform-bc-0756', size: 'Adult Small' }"
tennis-uniform-bc-0756,Tennis Uniform- BC-0756,Size,Adult Medium,"{ productHandle: 'tennis-uniform-bc-0756', size: 'Adult Medium' }"
tennis-uniform-bc-0756,Tennis Uniform- BC-0756,Size,Adult Large,"{ productHandle: 'tennis-uniform-bc-0756', size: 'Adult Large' }"
tennis-uniform-bc-0756,Tennis Uniform- BC-0756,Size,Adult X-Large,"{ productHandle: 'tennis-uniform-bc-0756', size: 'Adult X-Large' }"
tennis-uniform-bc-0756,Tennis Uniform- BC-0756,Size,Adult 2XL,"{ productHandle: 'tennis-uniform-bc-0756', size: 'Adult 2XL' }"
tennis-uniform-bc-0756,Tennis Uniform- BC-0756,Size,Adult 3XL,"{ productHandle: 'tennis-uniform-bc-0756', size: 'Adult 3XL' }"
tennis-uniform-bc-0755,Tennis Uniform- BC-0755,Size,Youth Small,"{ productHandle: 'tennis-uniform-bc-0755', size: 'Youth Small' }"
tennis-uniform-bc-0755,Tennis Uniform- BC-0755,Size,Youth Medium,"{ productHandle: 'tennis-uniform-bc-0755', size: 'Youth Medium' }"
tennis-uniform-bc-0755,Tennis Uniform- BC-0755,Size,Youth Large,"{ productHandle: 'tennis-uniform-bc-0755', size: 'Youth Large' }"
tennis-uniform-bc-0755,Tennis Uniform- BC-0755,Size,Adult X-Small,"{ productHandle: 'tennis-uniform-bc-0755', size: 'Adult X-Small' }"
tennis-uniform-bc-0755,Tennis Uniform- BC-0755,Size,Adult Small,"{ productHandle: 'tennis-uniform-bc-0755', size: 'Adult Small' }"
tennis-uniform-bc-0755,Tennis Uniform- BC-0755,Size,Adult Medium,"{ productHandle: 'tennis-uniform-bc-0755', size: 'Adult Medium' }"
tennis-uniform-bc-0755,Tennis Uniform- BC-0755,Size,Adult Large,"{ productHandle: 'tennis-uniform-bc-0755', size: 'Adult Large' }"
tennis-uniform-bc-0755,Tennis Uniform- BC-0755,Size,Adult X-Large,"{ productHandle: 'tennis-uniform-bc-0755', size: 'Adult X-Large' }"
tennis-uniform-bc-0755,Tennis Uniform- BC-0755,Size,Adult 2XL,"{ productHandle: 'tennis-uniform-bc-0755', size: 'Adult 2XL' }"
tennis-uniform-bc-0755,Tennis Uniform- BC-0755,Size,Adult 3XL,"{ productHandle: 'tennis-uniform-bc-0755', size: 'Adult 3XL' }"
tennis-uniform-bc-0754,Tennis Uniform- BC-0754,Size,Youth Small,"{ productHandle: 'tennis-uniform-bc-0754', size: 'Youth Small' }"
tennis-uniform-bc-0754,Tennis Uniform- BC-0754,Size,Youth Medium,"{ productHandle: 'tennis-uniform-bc-0754', size: 'Youth Medium' }"
tennis-uniform-bc-0754,Tennis Uniform- BC-0754,Size,Youth Large,"{ productHandle: 'tennis-uniform-bc-0754', size: 'Youth Large' }"
tennis-uniform-bc-0754,Tennis Uniform- BC-0754,Size,Adult X-Small,"{ productHandle: 'tennis-uniform-bc-0754', size: 'Adult X-Small' }"
tennis-uniform-bc-0754,Tennis Uniform- BC-0754,Size,Adult Small,"{ productHandle: 'tennis-uniform-bc-0754', size: 'Adult Small' }"
tennis-uniform-bc-0754,Tennis Uniform- BC-0754,Size,Adult Medium,"{ productHandle: 'tennis-uniform-bc-0754', size: 'Adult Medium' }"
tennis-uniform-bc-0754,Tennis Uniform- BC-0754,Size,Adult Large,"{ productHandle: 'tennis-uniform-bc-0754', size: 'Adult Large' }"
tennis-uniform-bc-0754,Tennis Uniform- BC-0754,Size,Adult X-Large,"{ productHandle: 'tennis-uniform-bc-0754', size: 'Adult X-Large' }"
tennis-uniform-bc-0754,Tennis Uniform- BC-0754,Size,Adult 2XL,"{ productHandle: 'tennis-uniform-bc-0754', size: 'Adult 2XL' }"
tennis-uniform-bc-0754,Tennis Uniform- BC-0754,Size,Adult 3XL,"{ productHandle: 'tennis-uniform-bc-0754', size: 'Adult 3XL' }"
tennis-uniform-bc-0753,Tennis Uniform- BC-0753,Size,Youth Small,"{ productHandle: 'tennis-uniform-bc-0753', size: 'Youth Small' }"
tennis-uniform-bc-0753,Tennis Uniform- BC-0753,Size,Youth Medium,"{ productHandle: 'tennis-uniform-bc-0753', size: 'Youth Medium' }"
tennis-uniform-bc-0753,Tennis Uniform- BC-0753,Size,Youth Large,"{ productHandle: 'tennis-uniform-bc-0753', size: 'Youth Large' }"
tennis-uniform-bc-0753,Tennis Uniform- BC-0753,Size,Adult X-Small,"{ productHandle: 'tennis-uniform-bc-0753', size: 'Adult X-Small' }"
tennis-uniform-bc-0753,Tennis Uniform- BC-0753,Size,Adult Small,"{ productHandle: 'tennis-uniform-bc-0753', size: 'Adult Small' }"
tennis-uniform-bc-0753,Tennis Uniform- BC-0753,Size,Adult Medium,"{ productHandle: 'tennis-uniform-bc-0753', size: 'Adult Medium' }"
tennis-uniform-bc-0753,Tennis Uniform- BC-0753,Size,Adult Large,"{ productHandle: 'tennis-uniform-bc-0753', size: 'Adult Large' }"
tennis-uniform-bc-0753,Tennis Uniform- BC-0753,Size,Adult X-Large,"{ productHandle: 'tennis-uniform-bc-0753', size: 'Adult X-Large' }"
tennis-uniform-bc-0753,Tennis Uniform- BC-0753,Size,Adult 2XL,"{ productHandle: 'tennis-uniform-bc-0753', size: 'Adult 2XL' }"
tennis-uniform-bc-0753,Tennis Uniform- BC-0753,Size,Adult 3XL,"{ productHandle: 'tennis-uniform-bc-0753', size: 'Adult 3XL' }"
tennis-uniform-bc-0752,Tennis Uniform- BC-0752,Size,Youth Small,"{ productHandle: 'tennis-uniform-bc-0752', size: 'Youth Small' }"
tennis-uniform-bc-0752,Tennis Uniform- BC-0752,Size,Youth Medium,"{ productHandle: 'tennis-uniform-bc-0752', size: 'Youth Medium' }"
tennis-uniform-bc-0752,Tennis Uniform- BC-0752,Size,Youth Large,"{ productHandle: 'tennis-uniform-bc-0752', size: 'Youth Large' }"
tennis-uniform-bc-0752,Tennis Uniform- BC-0752,Size,Adult X-Small,"{ productHandle: 'tennis-uniform-bc-0752', size: 'Adult X-Small' }"
tennis-uniform-bc-0752,Tennis Uniform- BC-0752,Size,Adult Small,"{ productHandle: 'tennis-uniform-bc-0752', size: 'Adult Small' }"
tennis-uniform-bc-0752,Tennis Uniform- BC-0752,Size,Adult Medium,"{ productHandle: 'tennis-uniform-bc-0752', size: 'Adult Medium' }"
tennis-uniform-bc-0752,Tennis Uniform- BC-0752,Size,Adult Large,"{ productHandle: 'tennis-uniform-bc-0752', size: 'Adult Large' }"
tennis-uniform-bc-0752,Tennis Uniform- BC-0752,Size,Adult X-Large,"{ productHandle: 'tennis-uniform-bc-0752', size: 'Adult X-Large' }"
tennis-uniform-bc-0752,Tennis Uniform- BC-0752,Size,Adult 2XL,"{ productHandle: 'tennis-uniform-bc-0752', size: 'Adult 2XL' }"
tennis-uniform-bc-0752,Tennis Uniform- BC-0752,Size,Adult 3XL,"{ productHandle: 'tennis-uniform-bc-0752', size: 'Adult 3XL' }"
tennis-uniform-bc-0751,Tennis Uniform- BC-0751,Size,Youth Small,"{ productHandle: 'tennis-uniform-bc-0751', size: 'Youth Small' }"
tennis-uniform-bc-0751,Tennis Uniform- BC-0751,Size,Youth Medium,"{ productHandle: 'tennis-uniform-bc-0751', size: 'Youth Medium' }"
tennis-uniform-bc-0751,Tennis Uniform- BC-0751,Size,Youth Large,"{ productHandle: 'tennis-uniform-bc-0751', size: 'Youth Large' }"
tennis-uniform-bc-0751,Tennis Uniform- BC-0751,Size,Adult X-Small,"{ productHandle: 'tennis-uniform-bc-0751', size: 'Adult X-Small' }"
tennis-uniform-bc-0751,Tennis Uniform- BC-0751,Size,Adult Small,"{ productHandle: 'tennis-uniform-bc-0751', size: 'Adult Small' }"
tennis-uniform-bc-0751,Tennis Uniform- BC-0751,Size,Adult Medium,"{ productHandle: 'tennis-uniform-bc-0751', size: 'Adult Medium' }"
tennis-uniform-bc-0751,Tennis Uniform- BC-0751,Size,Adult Large,"{ productHandle: 'tennis-uniform-bc-0751', size: 'Adult Large' }"
tennis-uniform-bc-0751,Tennis Uniform- BC-0751,Size,Adult X-Large,"{ productHandle: 'tennis-uniform-bc-0751', size: 'Adult X-Large' }"
tennis-uniform-bc-0751,Tennis Uniform- BC-0751,Size,Adult 2XL,"{ productHandle: 'tennis-uniform-bc-0751', size: 'Adult 2XL' }"
tennis-uniform-bc-0751,Tennis Uniform- BC-0751,Size,Adult 3XL,"{ productHandle: 'tennis-uniform-bc-0751', size: 'Adult 3XL' }"
tennis-uniform-bc-0750,Tennis Uniform- BC-0750,Size,Youth Small,"{ productHandle: 'tennis-uniform-bc-0750', size: 'Youth Small' }"
tennis-uniform-bc-0750,Tennis Uniform- BC-0750,Size,Youth Medium,"{ productHandle: 'tennis-uniform-bc-0750', size: 'Youth Medium' }"
tennis-uniform-bc-0750,Tennis Uniform- BC-0750,Size,Youth Large,"{ productHandle: 'tennis-uniform-bc-0750', size: 'Youth Large' }"
tennis-uniform-bc-0750,Tennis Uniform- BC-0750,Size,Adult X-Small,"{ productHandle: 'tennis-uniform-bc-0750', size: 'Adult X-Small' }"
tennis-uniform-bc-0750,Tennis Uniform- BC-0750,Size,Adult Small,"{ productHandle: 'tennis-uniform-bc-0750', size: 'Adult Small' }"
tennis-uniform-bc-0750,Tennis Uniform- BC-0750,Size,Adult Medium,"{ productHandle: 'tennis-uniform-bc-0750', size: 'Adult Medium' }"
tennis-uniform-bc-0750,Tennis Uniform- BC-0750,Size,Adult Large,"{ productHandle: 'tennis-uniform-bc-0750', size: 'Adult Large' }"
tennis-uniform-bc-0750,Tennis Uniform- BC-0750,Size,Adult X-Large,"{ productHandle: 'tennis-uniform-bc-0750', size: 'Adult X-Large' }"
tennis-uniform-bc-0750,Tennis Uniform- BC-0750,Size,Adult 2XL,"{ productHandle: 'tennis-uniform-bc-0750', size: 'Adult 2XL' }"
tennis-uniform-bc-0750,Tennis Uniform- BC-0750,Size,Adult 3XL,"{ productHandle: 'tennis-uniform-bc-0750', size: 'Adult 3XL' }"
tennis-uniform-product-code-bc-0749,Tennis Uniform- BC-0749,Size,Youth Small,"{ productHandle: 'tennis-uniform-product-code-bc-0749', size: 'Youth Small' }"
tennis-uniform-product-code-bc-0749,Tennis Uniform- BC-0749,Size,Youth Medium,"{ productHandle: 'tennis-uniform-product-code-bc-0749', size: 'Youth Medium' }"
tennis-uniform-product-code-bc-0749,Tennis Uniform- BC-0749,Size,Youth Large,"{ productHandle: 'tennis-uniform-product-code-bc-0749', size: 'Youth Large' }"
tennis-uniform-product-code-bc-0749,Tennis Uniform- BC-0749,Size,Adult X-Small,"{ productHandle: 'tennis-uniform-product-code-bc-0749', size: 'Adult X-Small' }"
tennis-uniform-product-code-bc-0749,Tennis Uniform- BC-0749,Size,Adult Small,"{ productHandle: 'tennis-uniform-product-code-bc-0749', size: 'Adult Small' }"
tennis-uniform-product-code-bc-0749,Tennis Uniform- BC-0749,Size,Adult Medium,"{ productHandle: 'tennis-uniform-product-code-bc-0749', size: 'Adult Medium' }"
tennis-uniform-product-code-bc-0749,Tennis Uniform- BC-0749,Size,Adult Large,"{ productHandle: 'tennis-uniform-product-code-bc-0749', size: 'Adult Large' }"
tennis-uniform-product-code-bc-0749,Tennis Uniform- BC-0749,Size,Adult X-Large,"{ productHandle: 'tennis-uniform-product-code-bc-0749', size: 'Adult X-Large' }"
tennis-uniform-product-code-bc-0749,Tennis Uniform- BC-0749,Size,Adult 2XL,"{ productHandle: 'tennis-uniform-product-code-bc-0749', size: 'Adult 2XL' }"
tennis-uniform-product-code-bc-0749,Tennis Uniform- BC-0749,Size,Adult 3XL,"{ productHandle: 'tennis-uniform-product-code-bc-0749', size: 'Adult 3XL' }"
tennis-uniform-bc-0748,Tennis Uniform- BC-0748,Size,Youth Small,"{ productHandle: 'tennis-uniform-bc-0748', size: 'Youth Small' }"
tennis-uniform-bc-0748,Tennis Uniform- BC-0748,Size,Youth Medium,"{ productHandle: 'tennis-uniform-bc-0748', size: 'Youth Medium' }"
tennis-uniform-bc-0748,Tennis Uniform- BC-0748,Size,Youth Large,"{ productHandle: 'tennis-uniform-bc-0748', size: 'Youth Large' }"
tennis-uniform-bc-0748,Tennis Uniform- BC-0748,Size,Adult X-Small,"{ productHandle: 'tennis-uniform-bc-0748', size: 'Adult X-Small' }"
tennis-uniform-bc-0748,Tennis Uniform- BC-0748,Size,Adult Small,"{ productHandle: 'tennis-uniform-bc-0748', size: 'Adult Small' }"
tennis-uniform-bc-0748,Tennis Uniform- BC-0748,Size,Adult Medium,"{ productHandle: 'tennis-uniform-bc-0748', size: 'Adult Medium' }"
tennis-uniform-bc-0748,Tennis Uniform- BC-0748,Size,Adult Large,"{ productHandle: 'tennis-uniform-bc-0748', size: 'Adult Large' }"
tennis-uniform-bc-0748,Tennis Uniform- BC-0748,Size,Adult X-Large,"{ productHandle: 'tennis-uniform-bc-0748', size: 'Adult X-Large' }"
tennis-uniform-bc-0748,Tennis Uniform- BC-0748,Size,Adult 2XL,"{ productHandle: 'tennis-uniform-bc-0748', size: 'Adult 2XL' }"
tennis-uniform-bc-0748,Tennis Uniform- BC-0748,Size,Adult 3XL,"{ productHandle: 'tennis-uniform-bc-0748', size: 'Adult 3XL' }"
tennis-uniform-bc-0747,Tennis Uniform- BC-0747,Size,Youth Small,"{ productHandle: 'tennis-uniform-bc-0747', size: 'Youth Small' }"
tennis-uniform-bc-0747,Tennis Uniform- BC-0747,Size,Youth Medium,"{ productHandle: 'tennis-uniform-bc-0747', size: 'Youth Medium' }"
tennis-uniform-bc-0747,Tennis Uniform- BC-0747,Size,Youth Large,"{ productHandle: 'tennis-uniform-bc-0747', size: 'Youth Large' }"
tennis-uniform-bc-0747,Tennis Uniform- BC-0747,Size,Adult X-Small,"{ productHandle: 'tennis-uniform-bc-0747', size: 'Adult X-Small' }"
tennis-uniform-bc-0747,Tennis Uniform- BC-0747,Size,Adult Small,"{ productHandle: 'tennis-uniform-bc-0747', size: 'Adult Small' }"
tennis-uniform-bc-0747,Tennis Uniform- BC-0747,Size,Adult Medium,"{ productHandle: 'tennis-uniform-bc-0747', size: 'Adult Medium' }"
tennis-uniform-bc-0747,Tennis Uniform- BC-0747,Size,Adult Large,"{ productHandle: 'tennis-uniform-bc-0747', size: 'Adult Large' }"
tennis-uniform-bc-0747,Tennis Uniform- BC-0747,Size,Adult X-Large,"{ productHandle: 'tennis-uniform-bc-0747', size: 'Adult X-Large' }"
tennis-uniform-bc-0747,Tennis Uniform- BC-0747,Size,Adult 2XL,"{ productHandle: 'tennis-uniform-bc-0747', size: 'Adult 2XL' }"
tennis-uniform-bc-0747,Tennis Uniform- BC-0747,Size,Adult 3XL,"{ productHandle: 'tennis-uniform-bc-0747', size: 'Adult 3XL' }"
tennis-uniform-bc-0746,Tennis Uniform- BC-0746,Size,Youth Small,"{ productHandle: 'tennis-uniform-bc-0746', size: 'Youth Small' }"
tennis-uniform-bc-0746,Tennis Uniform- BC-0746,Size,Youth Medium,"{ productHandle: 'tennis-uniform-bc-0746', size: 'Youth Medium' }"
tennis-uniform-bc-0746,Tennis Uniform- BC-0746,Size,Youth Large,"{ productHandle: 'tennis-uniform-bc-0746', size: 'Youth Large' }"
tennis-uniform-bc-0746,Tennis Uniform- BC-0746,Size,Adult X-Small,"{ productHandle: 'tennis-uniform-bc-0746', size: 'Adult X-Small' }"
tennis-uniform-bc-0746,Tennis Uniform- BC-0746,Size,Adult Small,"{ productHandle: 'tennis-uniform-bc-0746', size: 'Adult Small' }"
tennis-uniform-bc-0746,Tennis Uniform- BC-0746,Size,Adult Medium,"{ productHandle: 'tennis-uniform-bc-0746', size: 'Adult Medium' }"
tennis-uniform-bc-0746,Tennis Uniform- BC-0746,Size,Adult Large,"{ productHandle: 'tennis-uniform-bc-0746', size: 'Adult Large' }"
tennis-uniform-bc-0746,Tennis Uniform- BC-0746,Size,Adult X-Large,"{ productHandle: 'tennis-uniform-bc-0746', size: 'Adult X-Large' }"
tennis-uniform-bc-0746,Tennis Uniform- BC-0746,Size,Adult 2XL,"{ productHandle: 'tennis-uniform-bc-0746', size: 'Adult 2XL' }"
tennis-uniform-bc-0746,Tennis Uniform- BC-0746,Size,Adult 3XL,"{ productHandle: 'tennis-uniform-bc-0746', size: 'Adult 3XL' }"
tennis-uniform-bc-0745,Tennis Uniform- BC-0745,Size,Youth Small,"{ productHandle: 'tennis-uniform-bc-0745', size: 'Youth Small' }"
tennis-uniform-bc-0745,Tennis Uniform- BC-0745,Size,Youth Medium,"{ productHandle: 'tennis-uniform-bc-0745', size: 'Youth Medium' }"
tennis-uniform-bc-0745,Tennis Uniform- BC-0745,Size,Youth Large,"{ productHandle: 'tennis-uniform-bc-0745', size: 'Youth Large' }"
tennis-uniform-bc-0745,Tennis Uniform- BC-0745,Size,Adult X-Small,"{ productHandle: 'tennis-uniform-bc-0745', size: 'Adult X-Small' }"
tennis-uniform-bc-0745,Tennis Uniform- BC-0745,Size,Adult Small,"{ productHandle: 'tennis-uniform-bc-0745', size: 'Adult Small' }"
tennis-uniform-bc-0745,Tennis Uniform- BC-0745,Size,Adult Medium,"{ productHandle: 'tennis-uniform-bc-0745', size: 'Adult Medium' }"
tennis-uniform-bc-0745,Tennis Uniform- BC-0745,Size,Adult Large,"{ productHandle: 'tennis-uniform-bc-0745', size: 'Adult Large' }"
tennis-uniform-bc-0745,Tennis Uniform- BC-0745,Size,Adult X-Large,"{ productHandle: 'tennis-uniform-bc-0745', size: 'Adult X-Large' }"
tennis-uniform-bc-0745,Tennis Uniform- BC-0745,Size,Adult 2XL,"{ productHandle: 'tennis-uniform-bc-0745', size: 'Adult 2XL' }"
tennis-uniform-bc-0745,Tennis Uniform- BC-0745,Size,Adult 3XL,"{ productHandle: 'tennis-uniform-bc-0745', size: 'Adult 3XL' }"
tennis-uniform-bc-0744,Tennis Uniform- BC-0744,Size,Youth Small,"{ productHandle: 'tennis-uniform-bc-0744', size: 'Youth Small' }"
tennis-uniform-bc-0744,Tennis Uniform- BC-0744,Size,Youth Medium,"{ productHandle: 'tennis-uniform-bc-0744', size: 'Youth Medium' }"
tennis-uniform-bc-0744,Tennis Uniform- BC-0744,Size,Youth Large,"{ productHandle: 'tennis-uniform-bc-0744', size: 'Youth Large' }"
tennis-uniform-bc-0744,Tennis Uniform- BC-0744,Size,Adult X-Small,"{ productHandle: 'tennis-uniform-bc-0744', size: 'Adult X-Small' }"
tennis-uniform-bc-0744,Tennis Uniform- BC-0744,Size,Adult Small,"{ productHandle: 'tennis-uniform-bc-0744', size: 'Adult Small' }"
tennis-uniform-bc-0744,Tennis Uniform- BC-0744,Size,Adult Medium,"{ productHandle: 'tennis-uniform-bc-0744', size: 'Adult Medium' }"
tennis-uniform-bc-0744,Tennis Uniform- BC-0744,Size,Adult Large,"{ productHandle: 'tennis-uniform-bc-0744', size: 'Adult Large' }"
tennis-uniform-bc-0744,Tennis Uniform- BC-0744,Size,Adult X-Large,"{ productHandle: 'tennis-uniform-bc-0744', size: 'Adult X-Large' }"
tennis-uniform-bc-0744,Tennis Uniform- BC-0744,Size,Adult 2XL,"{ productHandle: 'tennis-uniform-bc-0744', size: 'Adult 2XL' }"
tennis-uniform-bc-0744,Tennis Uniform- BC-0744,Size,Adult 3XL,"{ productHandle: 'tennis-uniform-bc-0744', size: 'Adult 3XL' }"
tennis-uniform-bc-0743,Tennis Uniform- BC-0743,Size,Youth Small,"{ productHandle: 'tennis-uniform-bc-0743', size: 'Youth Small' }"
tennis-uniform-bc-0743,Tennis Uniform- BC-0743,Size,Youth Medium,"{ productHandle: 'tennis-uniform-bc-0743', size: 'Youth Medium' }"
tennis-uniform-bc-0743,Tennis Uniform- BC-0743,Size,Youth Large,"{ productHandle: 'tennis-uniform-bc-0743', size: 'Youth Large' }"
tennis-uniform-bc-0743,Tennis Uniform- BC-0743,Size,Adult X-Small,"{ productHandle: 'tennis-uniform-bc-0743', size: 'Adult X-Small' }"
tennis-uniform-bc-0743,Tennis Uniform- BC-0743,Size,Adult Small,"{ productHandle: 'tennis-uniform-bc-0743', size: 'Adult Small' }"
tennis-uniform-bc-0743,Tennis Uniform- BC-0743,Size,Adult Medium,"{ productHandle: 'tennis-uniform-bc-0743', size: 'Adult Medium' }"
tennis-uniform-bc-0743,Tennis Uniform- BC-0743,Size,Adult Large,"{ productHandle: 'tennis-uniform-bc-0743', size: 'Adult Large' }"
tennis-uniform-bc-0743,Tennis Uniform- BC-0743,Size,Adult X-Large,"{ productHandle: 'tennis-uniform-bc-0743', size: 'Adult X-Large' }"
tennis-uniform-bc-0743,Tennis Uniform- BC-0743,Size,Adult 2XL,"{ productHandle: 'tennis-uniform-bc-0743', size: 'Adult 2XL' }"
tennis-uniform-bc-0743,Tennis Uniform- BC-0743,Size,Adult 3XL,"{ productHandle: 'tennis-uniform-bc-0743', size: 'Adult 3XL' }"
tennis-uniform-bc-0742,Tennis Uniform- BC-0742,Size,Youth Small,"{ productHandle: 'tennis-uniform-bc-0742', size: 'Youth Small' }"
tennis-uniform-bc-0742,Tennis Uniform- BC-0742,Size,Youth Medium,"{ productHandle: 'tennis-uniform-bc-0742', size: 'Youth Medium' }"
tennis-uniform-bc-0742,Tennis Uniform- BC-0742,Size,Youth Large,"{ productHandle: 'tennis-uniform-bc-0742', size: 'Youth Large' }"
tennis-uniform-bc-0742,Tennis Uniform- BC-0742,Size,Adult X-Small,"{ productHandle: 'tennis-uniform-bc-0742', size: 'Adult X-Small' }"
tennis-uniform-bc-0742,Tennis Uniform- BC-0742,Size,Adult Small,"{ productHandle: 'tennis-uniform-bc-0742', size: 'Adult Small' }"
tennis-uniform-bc-0742,Tennis Uniform- BC-0742,Size,Adult Medium,"{ productHandle: 'tennis-uniform-bc-0742', size: 'Adult Medium' }"
tennis-uniform-bc-0742,Tennis Uniform- BC-0742,Size,Adult Large,"{ productHandle: 'tennis-uniform-bc-0742', size: 'Adult Large' }"
tennis-uniform-bc-0742,Tennis Uniform- BC-0742,Size,Adult X-Large,"{ productHandle: 'tennis-uniform-bc-0742', size: 'Adult X-Large' }"
tennis-uniform-bc-0742,Tennis Uniform- BC-0742,Size,Adult 2XL,"{ productHandle: 'tennis-uniform-bc-0742', size: 'Adult 2XL' }"
tennis-uniform-bc-0742,Tennis Uniform- BC-0742,Size,Adult 3XL,"{ productHandle: 'tennis-uniform-bc-0742', size: 'Adult 3XL' }"
tennis-uniform-bc-0741,Tennis Uniform- BC-0741,Size,Youth Small,"{ productHandle: 'tennis-uniform-bc-0741', size: 'Youth Small' }"
tennis-uniform-bc-0741,Tennis Uniform- BC-0741,Size,Youth Medium,"{ productHandle: 'tennis-uniform-bc-0741', size: 'Youth Medium' }"
tennis-uniform-bc-0741,Tennis Uniform- BC-0741,Size,Youth Large,"{ productHandle: 'tennis-uniform-bc-0741', size: 'Youth Large' }"
tennis-uniform-bc-0741,Tennis Uniform- BC-0741,Size,Adult X-Small,"{ productHandle: 'tennis-uniform-bc-0741', size: 'Adult X-Small' }"
tennis-uniform-bc-0741,Tennis Uniform- BC-0741,Size,Adult Small,"{ productHandle: 'tennis-uniform-bc-0741', size: 'Adult Small' }"
tennis-uniform-bc-0741,Tennis Uniform- BC-0741,Size,Adult Medium,"{ productHandle: 'tennis-uniform-bc-0741', size: 'Adult Medium' }"
tennis-uniform-bc-0741,Tennis Uniform- BC-0741,Size,Adult Large,"{ productHandle: 'tennis-uniform-bc-0741', size: 'Adult Large' }"
tennis-uniform-bc-0741,Tennis Uniform- BC-0741,Size,Adult X-Large,"{ productHandle: 'tennis-uniform-bc-0741', size: 'Adult X-Large' }"
tennis-uniform-bc-0741,Tennis Uniform- BC-0741,Size,Adult 2XL,"{ productHandle: 'tennis-uniform-bc-0741', size: 'Adult 2XL' }"
tennis-uniform-bc-0741,Tennis Uniform- BC-0741,Size,Adult 3XL,"{ productHandle: 'tennis-uniform-bc-0741', size: 'Adult 3XL' }"
tennis-uniform-bc-0740,Tennis Uniform- BC-0740,Size,Youth Small,"{ productHandle: 'tennis-uniform-bc-0740', size: 'Youth Small' }"
tennis-uniform-bc-0740,Tennis Uniform- BC-0740,Size,Youth Medium,"{ productHandle: 'tennis-uniform-bc-0740', size: 'Youth Medium' }"
tennis-uniform-bc-0740,Tennis Uniform- BC-0740,Size,Youth Large,"{ productHandle: 'tennis-uniform-bc-0740', size: 'Youth Large' }"
tennis-uniform-bc-0740,Tennis Uniform- BC-0740,Size,Adult X-Small,"{ productHandle: 'tennis-uniform-bc-0740', size: 'Adult X-Small' }"
tennis-uniform-bc-0740,Tennis Uniform- BC-0740,Size,Adult Small,"{ productHandle: 'tennis-uniform-bc-0740', size: 'Adult Small' }"
tennis-uniform-bc-0740,Tennis Uniform- BC-0740,Size,Adult Medium,"{ productHandle: 'tennis-uniform-bc-0740', size: 'Adult Medium' }"
tennis-uniform-bc-0740,Tennis Uniform- BC-0740,Size,Adult Large,"{ productHandle: 'tennis-uniform-bc-0740', size: 'Adult Large' }"
tennis-uniform-bc-0740,Tennis Uniform- BC-0740,Size,Adult X-Large,"{ productHandle: 'tennis-uniform-bc-0740', size: 'Adult X-Large' }"
tennis-uniform-bc-0740,Tennis Uniform- BC-0740,Size,Adult 2XL,"{ productHandle: 'tennis-uniform-bc-0740', size: 'Adult 2XL' }"
tennis-uniform-bc-0740,Tennis Uniform- BC-0740,Size,Adult 3XL,"{ productHandle: 'tennis-uniform-bc-0740', size: 'Adult 3XL' }"
tennis-uniform-bc-0739,Tennis Uniform- BC-0739,Size,Youth Small,"{ productHandle: 'tennis-uniform-bc-0739', size: 'Youth Small' }"
tennis-uniform-bc-0739,Tennis Uniform- BC-0739,Size,Youth Medium,"{ productHandle: 'tennis-uniform-bc-0739', size: 'Youth Medium' }"
tennis-uniform-bc-0739,Tennis Uniform- BC-0739,Size,Youth Large,"{ productHandle: 'tennis-uniform-bc-0739', size: 'Youth Large' }"
tennis-uniform-bc-0739,Tennis Uniform- BC-0739,Size,Adult X-Small,"{ productHandle: 'tennis-uniform-bc-0739', size: 'Adult X-Small' }"
tennis-uniform-bc-0739,Tennis Uniform- BC-0739,Size,Adult Small,"{ productHandle: 'tennis-uniform-bc-0739', size: 'Adult Small' }"
tennis-uniform-bc-0739,Tennis Uniform- BC-0739,Size,Adult Medium,"{ productHandle: 'tennis-uniform-bc-0739', size: 'Adult Medium' }"
tennis-uniform-bc-0739,Tennis Uniform- BC-0739,Size,Adult Large,"{ productHandle: 'tennis-uniform-bc-0739', size: 'Adult Large' }"
tennis-uniform-bc-0739,Tennis Uniform- BC-0739,Size,Adult X-Large,"{ productHandle: 'tennis-uniform-bc-0739', size: 'Adult X-Large' }"
tennis-uniform-bc-0739,Tennis Uniform- BC-0739,Size,Adult 2XL,"{ productHandle: 'tennis-uniform-bc-0739', size: 'Adult 2XL' }"
tennis-uniform-bc-0739,Tennis Uniform- BC-0739,Size,Adult 3XL,"{ productHandle: 'tennis-uniform-bc-0739', size: 'Adult 3XL' }"
tennis-uniform-bc-0738,Tennis Uniform- BC-0738,Size,Youth Small,"{ productHandle: 'tennis-uniform-bc-0738', size: 'Youth Small' }"
tennis-uniform-bc-0738,Tennis Uniform- BC-0738,Size,Youth Medium,"{ productHandle: 'tennis-uniform-bc-0738', size: 'Youth Medium' }"
tennis-uniform-bc-0738,Tennis Uniform- BC-0738,Size,Youth Large,"{ productHandle: 'tennis-uniform-bc-0738', size: 'Youth Large' }"
tennis-uniform-bc-0738,Tennis Uniform- BC-0738,Size,Adult X-Small,"{ productHandle: 'tennis-uniform-bc-0738', size: 'Adult X-Small' }"
tennis-uniform-bc-0738,Tennis Uniform- BC-0738,Size,Adult Small,"{ productHandle: 'tennis-uniform-bc-0738', size: 'Adult Small' }"
tennis-uniform-bc-0738,Tennis Uniform- BC-0738,Size,Adult Medium,"{ productHandle: 'tennis-uniform-bc-0738', size: 'Adult Medium' }"
tennis-uniform-bc-0738,Tennis Uniform- BC-0738,Size,Adult Large,"{ productHandle: 'tennis-uniform-bc-0738', size: 'Adult Large' }"
tennis-uniform-bc-0738,Tennis Uniform- BC-0738,Size,Adult X-Large,"{ productHandle: 'tennis-uniform-bc-0738', size: 'Adult X-Large' }"
tennis-uniform-bc-0738,Tennis Uniform- BC-0738,Size,Adult 2XL,"{ productHandle: 'tennis-uniform-bc-0738', size: 'Adult 2XL' }"
tennis-uniform-bc-0738,Tennis Uniform- BC-0738,Size,Adult 3XL,"{ productHandle: 'tennis-uniform-bc-0738', size: 'Adult 3XL' }"
tennis-uniform-bc-0737,Tennis Uniform- BC-0737,Size,Youth Small,"{ productHandle: 'tennis-uniform-bc-0737', size: 'Youth Small' }"
tennis-uniform-bc-0737,Tennis Uniform- BC-0737,Size,Youth Medium,"{ productHandle: 'tennis-uniform-bc-0737', size: 'Youth Medium' }"
tennis-uniform-bc-0737,Tennis Uniform- BC-0737,Size,Youth Large,"{ productHandle: 'tennis-uniform-bc-0737', size: 'Youth Large' }"
tennis-uniform-bc-0737,Tennis Uniform- BC-0737,Size,Adult X-Small,"{ productHandle: 'tennis-uniform-bc-0737', size: 'Adult X-Small' }"
tennis-uniform-bc-0737,Tennis Uniform- BC-0737,Size,Adult Small,"{ productHandle: 'tennis-uniform-bc-0737', size: 'Adult Small' }"
tennis-uniform-bc-0737,Tennis Uniform- BC-0737,Size,Adult Medium,"{ productHandle: 'tennis-uniform-bc-0737', size: 'Adult Medium' }"
tennis-uniform-bc-0737,Tennis Uniform- BC-0737,Size,Adult Large,"{ productHandle: 'tennis-uniform-bc-0737', size: 'Adult Large' }"
tennis-uniform-bc-0737,Tennis Uniform- BC-0737,Size,Adult X-Large,"{ productHandle: 'tennis-uniform-bc-0737', size: 'Adult X-Large' }"
tennis-uniform-bc-0737,Tennis Uniform- BC-0737,Size,Adult 2XL,"{ productHandle: 'tennis-uniform-bc-0737', size: 'Adult 2XL' }"
tennis-uniform-bc-0737,Tennis Uniform- BC-0737,Size,Adult 3XL,"{ productHandle: 'tennis-uniform-bc-0737', size: 'Adult 3XL' }"
tennis-uniform-bc-0736,Tennis Uniform- BC-0736,Size,Youth Small,"{ productHandle: 'tennis-uniform-bc-0736', size: 'Youth Small' }"
tennis-uniform-bc-0736,Tennis Uniform- BC-0736,Size,Youth Medium,"{ productHandle: 'tennis-uniform-bc-0736', size: 'Youth Medium' }"
tennis-uniform-bc-0736,Tennis Uniform- BC-0736,Size,Youth Large,"{ productHandle: 'tennis-uniform-bc-0736', size: 'Youth Large' }"
tennis-uniform-bc-0736,Tennis Uniform- BC-0736,Size,Adult X-Small,"{ productHandle: 'tennis-uniform-bc-0736', size: 'Adult X-Small' }"
tennis-uniform-bc-0736,Tennis Uniform- BC-0736,Size,Adult Small,"{ productHandle: 'tennis-uniform-bc-0736', size: 'Adult Small' }"
tennis-uniform-bc-0736,Tennis Uniform- BC-0736,Size,Adult Medium,"{ productHandle: 'tennis-uniform-bc-0736', size: 'Adult Medium' }"
tennis-uniform-bc-0736,Tennis Uniform- BC-0736,Size,Adult Large,"{ productHandle: 'tennis-uniform-bc-0736', size: 'Adult Large' }"
tennis-uniform-bc-0736,Tennis Uniform- BC-0736,Size,Adult X-Large,"{ productHandle: 'tennis-uniform-bc-0736', size: 'Adult X-Large' }"
tennis-uniform-bc-0736,Tennis Uniform- BC-0736,Size,Adult 2XL,"{ productHandle: 'tennis-uniform-bc-0736', size: 'Adult 2XL' }"
tennis-uniform-bc-0736,Tennis Uniform- BC-0736,Size,Adult 3XL,"{ productHandle: 'tennis-uniform-bc-0736', size: 'Adult 3XL' }"
tennis-uniform-bc-0735,Tennis Uniform- BC-0735,Size,Youth Small,"{ productHandle: 'tennis-uniform-bc-0735', size: 'Youth Small' }"
tennis-uniform-bc-0735,Tennis Uniform- BC-0735,Size,Youth Medium,"{ productHandle: 'tennis-uniform-bc-0735', size: 'Youth Medium' }"
tennis-uniform-bc-0735,Tennis Uniform- BC-0735,Size,Youth Large,"{ productHandle: 'tennis-uniform-bc-0735', size: 'Youth Large' }"
tennis-uniform-bc-0735,Tennis Uniform- BC-0735,Size,Adult X-Small,"{ productHandle: 'tennis-uniform-bc-0735', size: 'Adult X-Small' }"
tennis-uniform-bc-0735,Tennis Uniform- BC-0735,Size,Adult Small,"{ productHandle: 'tennis-uniform-bc-0735', size: 'Adult Small' }"
tennis-uniform-bc-0735,Tennis Uniform- BC-0735,Size,Adult Medium,"{ productHandle: 'tennis-uniform-bc-0735', size: 'Adult Medium' }"
tennis-uniform-bc-0735,Tennis Uniform- BC-0735,Size,Adult Large,"{ productHandle: 'tennis-uniform-bc-0735', size: 'Adult Large' }"
tennis-uniform-bc-0735,Tennis Uniform- BC-0735,Size,Adult X-Large,"{ productHandle: 'tennis-uniform-bc-0735', size: 'Adult X-Large' }"
tennis-uniform-bc-0735,Tennis Uniform- BC-0735,Size,Adult 2XL,"{ productHandle: 'tennis-uniform-bc-0735', size: 'Adult 2XL' }"
tennis-uniform-bc-0735,Tennis Uniform- BC-0735,Size,Adult 3XL,"{ productHandle: 'tennis-uniform-bc-0735', size: 'Adult 3XL' }"
tennis-uniform-bc-0734,Tennis Uniform- BC-0734,Size,Youth Small,"{ productHandle: 'tennis-uniform-bc-0734', size: 'Youth Small' }"
tennis-uniform-bc-0734,Tennis Uniform- BC-0734,Size,Youth Medium,"{ productHandle: 'tennis-uniform-bc-0734', size: 'Youth Medium' }"
tennis-uniform-bc-0734,Tennis Uniform- BC-0734,Size,Youth Large,"{ productHandle: 'tennis-uniform-bc-0734', size: 'Youth Large' }"
tennis-uniform-bc-0734,Tennis Uniform- BC-0734,Size,Adult X-Small,"{ productHandle: 'tennis-uniform-bc-0734', size: 'Adult X-Small' }"
tennis-uniform-bc-0734,Tennis Uniform- BC-0734,Size,Adult Small,"{ productHandle: 'tennis-uniform-bc-0734', size: 'Adult Small' }"
tennis-uniform-bc-0734,Tennis Uniform- BC-0734,Size,Adult Medium,"{ productHandle: 'tennis-uniform-bc-0734', size: 'Adult Medium' }"
tennis-uniform-bc-0734,Tennis Uniform- BC-0734,Size,Adult Large,"{ productHandle: 'tennis-uniform-bc-0734', size: 'Adult Large' }"
tennis-uniform-bc-0734,Tennis Uniform- BC-0734,Size,Adult X-Large,"{ productHandle: 'tennis-uniform-bc-0734', size: 'Adult X-Large' }"
tennis-uniform-bc-0734,Tennis Uniform- BC-0734,Size,Adult 2XL,"{ productHandle: 'tennis-uniform-bc-0734', size: 'Adult 2XL' }"
tennis-uniform-bc-0734,Tennis Uniform- BC-0734,Size,Adult 3XL,"{ productHandle: 'tennis-uniform-bc-0734', size: 'Adult 3XL' }"
tennis-uniform-bc-0733,Tennis Uniform- BC-0733,Size,Youth Small,"{ productHandle: 'tennis-uniform-bc-0733', size: 'Youth Small' }"
tennis-uniform-bc-0733,Tennis Uniform- BC-0733,Size,Youth Medium,"{ productHandle: 'tennis-uniform-bc-0733', size: 'Youth Medium' }"
tennis-uniform-bc-0733,Tennis Uniform- BC-0733,Size,Youth Large,"{ productHandle: 'tennis-uniform-bc-0733', size: 'Youth Large' }"
tennis-uniform-bc-0733,Tennis Uniform- BC-0733,Size,Adult X-Small,"{ productHandle: 'tennis-uniform-bc-0733', size: 'Adult X-Small' }"
tennis-uniform-bc-0733,Tennis Uniform- BC-0733,Size,Adult Small,"{ productHandle: 'tennis-uniform-bc-0733', size: 'Adult Small' }"
tennis-uniform-bc-0733,Tennis Uniform- BC-0733,Size,Adult Medium,"{ productHandle: 'tennis-uniform-bc-0733', size: 'Adult Medium' }"
tennis-uniform-bc-0733,Tennis Uniform- BC-0733,Size,Adult Large,"{ productHandle: 'tennis-uniform-bc-0733', size: 'Adult Large' }"
tennis-uniform-bc-0733,Tennis Uniform- BC-0733,Size,Adult X-Large,"{ productHandle: 'tennis-uniform-bc-0733', size: 'Adult X-Large' }"
tennis-uniform-bc-0733,Tennis Uniform- BC-0733,Size,Adult 2XL,"{ productHandle: 'tennis-uniform-bc-0733', size: 'Adult 2XL' }"
tennis-uniform-bc-0733,Tennis Uniform- BC-0733,Size,Adult 3XL,"{ productHandle: 'tennis-uniform-bc-0733', size: 'Adult 3XL' }"
tennis-uniform-bc-0732,Tennis Uniform- BC-0732,Size,Youth Small,"{ productHandle: 'tennis-uniform-bc-0732', size: 'Youth Small' }"
tennis-uniform-bc-0732,Tennis Uniform- BC-0732,Size,Youth Medium,"{ productHandle: 'tennis-uniform-bc-0732', size: 'Youth Medium' }"
tennis-uniform-bc-0732,Tennis Uniform- BC-0732,Size,Youth Large,"{ productHandle: 'tennis-uniform-bc-0732', size: 'Youth Large' }"
tennis-uniform-bc-0732,Tennis Uniform- BC-0732,Size,Adult X-Small,"{ productHandle: 'tennis-uniform-bc-0732', size: 'Adult X-Small' }"
tennis-uniform-bc-0732,Tennis Uniform- BC-0732,Size,Adult Small,"{ productHandle: 'tennis-uniform-bc-0732', size: 'Adult Small' }"
tennis-uniform-bc-0732,Tennis Uniform- BC-0732,Size,Adult Medium,"{ productHandle: 'tennis-uniform-bc-0732', size: 'Adult Medium' }"
tennis-uniform-bc-0732,Tennis Uniform- BC-0732,Size,Adult Large,"{ productHandle: 'tennis-uniform-bc-0732', size: 'Adult Large' }"
tennis-uniform-bc-0732,Tennis Uniform- BC-0732,Size,Adult X-Large,"{ productHandle: 'tennis-uniform-bc-0732', size: 'Adult X-Large' }"
tennis-uniform-bc-0732,Tennis Uniform- BC-0732,Size,Adult 2XL,"{ productHandle: 'tennis-uniform-bc-0732', size: 'Adult 2XL' }"
tennis-uniform-bc-0732,Tennis Uniform- BC-0732,Size,Adult 3XL,"{ productHandle: 'tennis-uniform-bc-0732', size: 'Adult 3XL' }"
tennis-uniform-bc-0731,Tennis Uniform- BC-0731,Size,Youth Small,"{ productHandle: 'tennis-uniform-bc-0731', size: 'Youth Small' }"
tennis-uniform-bc-0731,Tennis Uniform- BC-0731,Size,Youth Medium,"{ productHandle: 'tennis-uniform-bc-0731', size: 'Youth Medium' }"
tennis-uniform-bc-0731,Tennis Uniform- BC-0731,Size,Youth Large,"{ productHandle: 'tennis-uniform-bc-0731', size: 'Youth Large' }"
tennis-uniform-bc-0731,Tennis Uniform- BC-0731,Size,Adult X-Small,"{ productHandle: 'tennis-uniform-bc-0731', size: 'Adult X-Small' }"
tennis-uniform-bc-0731,Tennis Uniform- BC-0731,Size,Adult Small,"{ productHandle: 'tennis-uniform-bc-0731', size: 'Adult Small' }"
tennis-uniform-bc-0731,Tennis Uniform- BC-0731,Size,Adult Medium,"{ productHandle: 'tennis-uniform-bc-0731', size: 'Adult Medium' }"
tennis-uniform-bc-0731,Tennis Uniform- BC-0731,Size,Adult Large,"{ productHandle: 'tennis-uniform-bc-0731', size: 'Adult Large' }"
tennis-uniform-bc-0731,Tennis Uniform- BC-0731,Size,Adult X-Large,"{ productHandle: 'tennis-uniform-bc-0731', size: 'Adult X-Large' }"
tennis-uniform-bc-0731,Tennis Uniform- BC-0731,Size,Adult 2XL,"{ productHandle: 'tennis-uniform-bc-0731', size: 'Adult 2XL' }"
tennis-uniform-bc-0731,Tennis Uniform- BC-0731,Size,Adult 3XL,"{ productHandle: 'tennis-uniform-bc-0731', size: 'Adult 3XL' }"
tennis-uniform-bc-0730,Tennis Uniform- BC-0730,Size,Youth Small,"{ productHandle: 'tennis-uniform-bc-0730', size: 'Youth Small' }"
tennis-uniform-bc-0730,Tennis Uniform- BC-0730,Size,Youth Medium,"{ productHandle: 'tennis-uniform-bc-0730', size: 'Youth Medium' }"
tennis-uniform-bc-0730,Tennis Uniform- BC-0730,Size,Youth Large,"{ productHandle: 'tennis-uniform-bc-0730', size: 'Youth Large' }"
tennis-uniform-bc-0730,Tennis Uniform- BC-0730,Size,Adult X-Small,"{ productHandle: 'tennis-uniform-bc-0730', size: 'Adult X-Small' }"
tennis-uniform-bc-0730,Tennis Uniform- BC-0730,Size,Adult Small,"{ productHandle: 'tennis-uniform-bc-0730', size: 'Adult Small' }"
tennis-uniform-bc-0730,Tennis Uniform- BC-0730,Size,Adult Medium,"{ productHandle: 'tennis-uniform-bc-0730', size: 'Adult Medium' }"
tennis-uniform-bc-0730,Tennis Uniform- BC-0730,Size,Adult Large,"{ productHandle: 'tennis-uniform-bc-0730', size: 'Adult Large' }"
tennis-uniform-bc-0730,Tennis Uniform- BC-0730,Size,Adult X-Large,"{ productHandle: 'tennis-uniform-bc-0730', size: 'Adult X-Large' }"
tennis-uniform-bc-0730,Tennis Uniform- BC-0730,Size,Adult 2XL,"{ productHandle: 'tennis-uniform-bc-0730', size: 'Adult 2XL' }"
tennis-uniform-bc-0730,Tennis Uniform- BC-0730,Size,Adult 3XL,"{ productHandle: 'tennis-uniform-bc-0730', size: 'Adult 3XL' }"
tennis-uniform-bc-0729,Tennis Uniform- BC-0729,Size,Youth Small,"{ productHandle: 'tennis-uniform-bc-0729', size: 'Youth Small' }"
tennis-uniform-bc-0729,Tennis Uniform- BC-0729,Size,Youth Medium,"{ productHandle: 'tennis-uniform-bc-0729', size: 'Youth Medium' }"
tennis-uniform-bc-0729,Tennis Uniform- BC-0729,Size,Youth Large,"{ productHandle: 'tennis-uniform-bc-0729', size: 'Youth Large' }"
tennis-uniform-bc-0729,Tennis Uniform- BC-0729,Size,Adult X-Small,"{ productHandle: 'tennis-uniform-bc-0729', size: 'Adult X-Small' }"
tennis-uniform-bc-0729,Tennis Uniform- BC-0729,Size,Adult Small,"{ productHandle: 'tennis-uniform-bc-0729', size: 'Adult Small' }"
tennis-uniform-bc-0729,Tennis Uniform- BC-0729,Size,Adult Medium,"{ productHandle: 'tennis-uniform-bc-0729', size: 'Adult Medium' }"
tennis-uniform-bc-0729,Tennis Uniform- BC-0729,Size,Adult Large,"{ productHandle: 'tennis-uniform-bc-0729', size: 'Adult Large' }"
tennis-uniform-bc-0729,Tennis Uniform- BC-0729,Size,Adult X-Large,"{ productHandle: 'tennis-uniform-bc-0729', size: 'Adult X-Large' }"
tennis-uniform-bc-0729,Tennis Uniform- BC-0729,Size,Adult 2XL,"{ productHandle: 'tennis-uniform-bc-0729', size: 'Adult 2XL' }"
tennis-uniform-bc-0729,Tennis Uniform- BC-0729,Size,Adult 3XL,"{ productHandle: 'tennis-uniform-bc-0729', size: 'Adult 3XL' }"
soccer-uniforms-bc-1200,Soccer Uniforms- BC-1200,Size,Youth Small,"{ productHandle: 'soccer-uniforms-bc-1200', size: 'Youth Small' }"
soccer-uniforms-bc-1200,Soccer Uniforms- BC-1200,Size,Youth Medium,"{ productHandle: 'soccer-uniforms-bc-1200', size: 'Youth Medium' }"
soccer-uniforms-bc-1200,Soccer Uniforms- BC-1200,Size,Youth Large,"{ productHandle: 'soccer-uniforms-bc-1200', size: 'Youth Large' }"
soccer-uniforms-bc-1200,Soccer Uniforms- BC-1200,Size,Adult X-Small,"{ productHandle: 'soccer-uniforms-bc-1200', size: 'Adult X-Small' }"
soccer-uniforms-bc-1200,Soccer Uniforms- BC-1200,Size,Adult Small,"{ productHandle: 'soccer-uniforms-bc-1200', size: 'Adult Small' }"
soccer-uniforms-bc-1200,Soccer Uniforms- BC-1200,Size,Adult Medium,"{ productHandle: 'soccer-uniforms-bc-1200', size: 'Adult Medium' }"
soccer-uniforms-bc-1200,Soccer Uniforms- BC-1200,Size,Adult Large,"{ productHandle: 'soccer-uniforms-bc-1200', size: 'Adult Large' }"
soccer-uniforms-bc-1200,Soccer Uniforms- BC-1200,Size,Adult X-Large,"{ productHandle: 'soccer-uniforms-bc-1200', size: 'Adult X-Large' }"
soccer-uniforms-bc-1200,Soccer Uniforms- BC-1200,Size,Adult 2XL,"{ productHandle: 'soccer-uniforms-bc-1200', size: 'Adult 2XL' }"
soccer-uniforms-bc-1200,Soccer Uniforms- BC-1200,Size,Adult 3XL,"{ productHandle: 'soccer-uniforms-bc-1200', size: 'Adult 3XL' }"
soccer-uniforms-bc-1201,Soccer Uniforms- BC-1201,Size,Youth Small,"{ productHandle: 'soccer-uniforms-bc-1201', size: 'Youth Small' }"
soccer-uniforms-bc-1201,Soccer Uniforms- BC-1201,Size,Youth Medium,"{ productHandle: 'soccer-uniforms-bc-1201', size: 'Youth Medium' }"
soccer-uniforms-bc-1201,Soccer Uniforms- BC-1201,Size,Youth Large,"{ productHandle: 'soccer-uniforms-bc-1201', size: 'Youth Large' }"
soccer-uniforms-bc-1201,Soccer Uniforms- BC-1201,Size,Adult X-Small,"{ productHandle: 'soccer-uniforms-bc-1201', size: 'Adult X-Small' }"
soccer-uniforms-bc-1201,Soccer Uniforms- BC-1201,Size,Adult Small,"{ productHandle: 'soccer-uniforms-bc-1201', size: 'Adult Small' }"
soccer-uniforms-bc-1201,Soccer Uniforms- BC-1201,Size,Adult Medium,"{ productHandle: 'soccer-uniforms-bc-1201', size: 'Adult Medium' }"
soccer-uniforms-bc-1201,Soccer Uniforms- BC-1201,Size,Adult Large,"{ productHandle: 'soccer-uniforms-bc-1201', size: 'Adult Large' }"
soccer-uniforms-bc-1201,Soccer Uniforms- BC-1201,Size,Adult X-Large,"{ productHandle: 'soccer-uniforms-bc-1201', size: 'Adult X-Large' }"
soccer-uniforms-bc-1201,Soccer Uniforms- BC-1201,Size,Adult 2XL,"{ productHandle: 'soccer-uniforms-bc-1201', size: 'Adult 2XL' }"
soccer-uniforms-bc-1201,Soccer Uniforms- BC-1201,Size,Adult 3XL,"{ productHandle: 'soccer-uniforms-bc-1201', size: 'Adult 3XL' }"
soccer-uniforms-bc-1091,Soccer Uniforms- BC-1091,Size,Youth Small,"{ productHandle: 'soccer-uniforms-bc-1091', size: 'Youth Small' }"
soccer-uniforms-bc-1091,Soccer Uniforms- BC-1091,Size,Youth Medium,"{ productHandle: 'soccer-uniforms-bc-1091', size: 'Youth Medium' }"
soccer-uniforms-bc-1091,Soccer Uniforms- BC-1091,Size,Youth Large,"{ productHandle: 'soccer-uniforms-bc-1091', size: 'Youth Large' }"
soccer-uniforms-bc-1091,Soccer Uniforms- BC-1091,Size,Adult X-Small,"{ productHandle: 'soccer-uniforms-bc-1091', size: 'Adult X-Small' }"
soccer-uniforms-bc-1091,Soccer Uniforms- BC-1091,Size,Adult Small,"{ productHandle: 'soccer-uniforms-bc-1091', size: 'Adult Small' }"
soccer-uniforms-bc-1091,Soccer Uniforms- BC-1091,Size,Adult Medium,"{ productHandle: 'soccer-uniforms-bc-1091', size: 'Adult Medium' }"
soccer-uniforms-bc-1091,Soccer Uniforms- BC-1091,Size,Adult Large,"{ productHandle: 'soccer-uniforms-bc-1091', size: 'Adult Large' }"
soccer-uniforms-bc-1091,Soccer Uniforms- BC-1091,Size,Adult X-Large,"{ productHandle: 'soccer-uniforms-bc-1091', size: 'Adult X-Large' }"
soccer-uniforms-bc-1091,Soccer Uniforms- BC-1091,Size,Adult 2XL,"{ productHandle: 'soccer-uniforms-bc-1091', size: 'Adult 2XL' }"
soccer-uniforms-bc-1091,Soccer Uniforms- BC-1091,Size,Adult 3XL,"{ productHandle: 'soccer-uniforms-bc-1091', size: 'Adult 3XL' }"
soccer-uniforms-bc-1092,Soccer Uniforms- BC-1092,Size,Youth Small,"{ productHandle: 'soccer-uniforms-bc-1092', size: 'Youth Small' }"
soccer-uniforms-bc-1092,Soccer Uniforms- BC-1092,Size,Youth Medium,"{ productHandle: 'soccer-uniforms-bc-1092', size: 'Youth Medium' }"
soccer-uniforms-bc-1092,Soccer Uniforms- BC-1092,Size,Youth Large,"{ productHandle: 'soccer-uniforms-bc-1092', size: 'Youth Large' }"
soccer-uniforms-bc-1092,Soccer Uniforms- BC-1092,Size,Adult X-Small,"{ productHandle: 'soccer-uniforms-bc-1092', size: 'Adult X-Small' }"
soccer-uniforms-bc-1092,Soccer Uniforms- BC-1092,Size,Adult Small,"{ productHandle: 'soccer-uniforms-bc-1092', size: 'Adult Small' }"
soccer-uniforms-bc-1092,Soccer Uniforms- BC-1092,Size,Adult Medium,"{ productHandle: 'soccer-uniforms-bc-1092', size: 'Adult Medium' }"
soccer-uniforms-bc-1092,Soccer Uniforms- BC-1092,Size,Adult Large,"{ productHandle: 'soccer-uniforms-bc-1092', size: 'Adult Large' }"
soccer-uniforms-bc-1092,Soccer Uniforms- BC-1092,Size,Adult X-Large,"{ productHandle: 'soccer-uniforms-bc-1092', size: 'Adult X-Large' }"
soccer-uniforms-bc-1092,Soccer Uniforms- BC-1092,Size,Adult 2XL,"{ productHandle: 'soccer-uniforms-bc-1092', size: 'Adult 2XL' }"
soccer-uniforms-bc-1092,Soccer Uniforms- BC-1092,Size,Adult 3XL,"{ productHandle: 'soccer-uniforms-bc-1092', size: 'Adult 3XL' }"
soccer-uniforms-bc-1093,Soccer Uniforms- BC-1093,Size,Youth Small,"{ productHandle: 'soccer-uniforms-bc-1093', size: 'Youth Small' }"
soccer-uniforms-bc-1093,Soccer Uniforms- BC-1093,Size,Youth Medium,"{ productHandle: 'soccer-uniforms-bc-1093', size: 'Youth Medium' }"
soccer-uniforms-bc-1093,Soccer Uniforms- BC-1093,Size,Youth Large,"{ productHandle: 'soccer-uniforms-bc-1093', size: 'Youth Large' }"
soccer-uniforms-bc-1093,Soccer Uniforms- BC-1093,Size,Adult X-Small,"{ productHandle: 'soccer-uniforms-bc-1093', size: 'Adult X-Small' }"
soccer-uniforms-bc-1093,Soccer Uniforms- BC-1093,Size,Adult Small,"{ productHandle: 'soccer-uniforms-bc-1093', size: 'Adult Small' }"
soccer-uniforms-bc-1093,Soccer Uniforms- BC-1093,Size,Adult Medium,"{ productHandle: 'soccer-uniforms-bc-1093', size: 'Adult Medium' }"
soccer-uniforms-bc-1093,Soccer Uniforms- BC-1093,Size,Adult Large,"{ productHandle: 'soccer-uniforms-bc-1093', size: 'Adult Large' }"
soccer-uniforms-bc-1093,Soccer Uniforms- BC-1093,Size,Adult X-Large,"{ productHandle: 'soccer-uniforms-bc-1093', size: 'Adult X-Large' }"
soccer-uniforms-bc-1093,Soccer Uniforms- BC-1093,Size,Adult 2XL,"{ productHandle: 'soccer-uniforms-bc-1093', size: 'Adult 2XL' }"
soccer-uniforms-bc-1093,Soccer Uniforms- BC-1093,Size,Adult 3XL,"{ productHandle: 'soccer-uniforms-bc-1093', size: 'Adult 3XL' }"
soccer-uniforms-bc-1099,Soccer Uniforms- BC-1099,Size,Youth Small,"{ productHandle: 'soccer-uniforms-bc-1099', size: 'Youth Small' }"
soccer-uniforms-bc-1099,Soccer Uniforms- BC-1099,Size,Youth Medium,"{ productHandle: 'soccer-uniforms-bc-1099', size: 'Youth Medium' }"
soccer-uniforms-bc-1099,Soccer Uniforms- BC-1099,Size,Youth Large,"{ productHandle: 'soccer-uniforms-bc-1099', size: 'Youth Large' }"
soccer-uniforms-bc-1099,Soccer Uniforms- BC-1099,Size,Adult X-Small,"{ productHandle: 'soccer-uniforms-bc-1099', size: 'Adult X-Small' }"
soccer-uniforms-bc-1099,Soccer Uniforms- BC-1099,Size,Adult Small,"{ productHandle: 'soccer-uniforms-bc-1099', size: 'Adult Small' }"
soccer-uniforms-bc-1099,Soccer Uniforms- BC-1099,Size,Adult Medium,"{ productHandle: 'soccer-uniforms-bc-1099', size: 'Adult Medium' }"
soccer-uniforms-bc-1099,Soccer Uniforms- BC-1099,Size,Adult Large,"{ productHandle: 'soccer-uniforms-bc-1099', size: 'Adult Large' }"
soccer-uniforms-bc-1099,Soccer Uniforms- BC-1099,Size,Adult X-Large,"{ productHandle: 'soccer-uniforms-bc-1099', size: 'Adult X-Large' }"
soccer-uniforms-bc-1099,Soccer Uniforms- BC-1099,Size,Adult 2XL,"{ productHandle: 'soccer-uniforms-bc-1099', size: 'Adult 2XL' }"
soccer-uniforms-bc-1099,Soccer Uniforms- BC-1099,Size,Adult 3XL,"{ productHandle: 'soccer-uniforms-bc-1099', size: 'Adult 3XL' }"
soccer-uniforms-bc-1098,Soccer Uniforms- BC-1098,Size,Youth Small,"{ productHandle: 'soccer-uniforms-bc-1098', size: 'Youth Small' }"
soccer-uniforms-bc-1098,Soccer Uniforms- BC-1098,Size,Youth Medium,"{ productHandle: 'soccer-uniforms-bc-1098', size: 'Youth Medium' }"
soccer-uniforms-bc-1098,Soccer Uniforms- BC-1098,Size,Youth Large,"{ productHandle: 'soccer-uniforms-bc-1098', size: 'Youth Large' }"
soccer-uniforms-bc-1098,Soccer Uniforms- BC-1098,Size,Adult X-Small,"{ productHandle: 'soccer-uniforms-bc-1098', size: 'Adult X-Small' }"
soccer-uniforms-bc-1098,Soccer Uniforms- BC-1098,Size,Adult Small,"{ productHandle: 'soccer-uniforms-bc-1098', size: 'Adult Small' }"
soccer-uniforms-bc-1098,Soccer Uniforms- BC-1098,Size,Adult Medium,"{ productHandle: 'soccer-uniforms-bc-1098', size: 'Adult Medium' }"
soccer-uniforms-bc-1098,Soccer Uniforms- BC-1098,Size,Adult Large,"{ productHandle: 'soccer-uniforms-bc-1098', size: 'Adult Large' }"
soccer-uniforms-bc-1098,Soccer Uniforms- BC-1098,Size,Adult X-Large,"{ productHandle: 'soccer-uniforms-bc-1098', size: 'Adult X-Large' }"
soccer-uniforms-bc-1098,Soccer Uniforms- BC-1098,Size,Adult 2XL,"{ productHandle: 'soccer-uniforms-bc-1098', size: 'Adult 2XL' }"
soccer-uniforms-bc-1098,Soccer Uniforms- BC-1098,Size,Adult 3XL,"{ productHandle: 'soccer-uniforms-bc-1098', size: 'Adult 3XL' }"
soccer-uniforms-bc-1097,Soccer Uniforms- BC-1097,Size,Youth Small,"{ productHandle: 'soccer-uniforms-bc-1097', size: 'Youth Small' }"
soccer-uniforms-bc-1097,Soccer Uniforms- BC-1097,Size,Youth Medium,"{ productHandle: 'soccer-uniforms-bc-1097', size: 'Youth Medium' }"
soccer-uniforms-bc-1097,Soccer Uniforms- BC-1097,Size,Youth Large,"{ productHandle: 'soccer-uniforms-bc-1097', size: 'Youth Large' }"
soccer-uniforms-bc-1097,Soccer Uniforms- BC-1097,Size,Adult X-Small,"{ productHandle: 'soccer-uniforms-bc-1097', size: 'Adult X-Small' }"
soccer-uniforms-bc-1097,Soccer Uniforms- BC-1097,Size,Adult Small,"{ productHandle: 'soccer-uniforms-bc-1097', size: 'Adult Small' }"
soccer-uniforms-bc-1097,Soccer Uniforms- BC-1097,Size,Adult Medium,"{ productHandle: 'soccer-uniforms-bc-1097', size: 'Adult Medium' }"
soccer-uniforms-bc-1097,Soccer Uniforms- BC-1097,Size,Adult Large,"{ productHandle: 'soccer-uniforms-bc-1097', size: 'Adult Large' }"
soccer-uniforms-bc-1097,Soccer Uniforms- BC-1097,Size,Adult X-Large,"{ productHandle: 'soccer-uniforms-bc-1097', size: 'Adult X-Large' }"
soccer-uniforms-bc-1097,Soccer Uniforms- BC-1097,Size,Adult 2XL,"{ productHandle: 'soccer-uniforms-bc-1097', size: 'Adult 2XL' }"
soccer-uniforms-bc-1097,Soccer Uniforms- BC-1097,Size,Adult 3XL,"{ productHandle: 'soccer-uniforms-bc-1097', size: 'Adult 3XL' }"
soccer-uniforms-bc-1096,Soccer Uniforms- BC-1096,Size,Youth Small,"{ productHandle: 'soccer-uniforms-bc-1096', size: 'Youth Small' }"
soccer-uniforms-bc-1096,Soccer Uniforms- BC-1096,Size,Youth Medium,"{ productHandle: 'soccer-uniforms-bc-1096', size: 'Youth Medium' }"
soccer-uniforms-bc-1096,Soccer Uniforms- BC-1096,Size,Youth Large,"{ productHandle: 'soccer-uniforms-bc-1096', size: 'Youth Large' }"
soccer-uniforms-bc-1096,Soccer Uniforms- BC-1096,Size,Adult X-Small,"{ productHandle: 'soccer-uniforms-bc-1096', size: 'Adult X-Small' }"
soccer-uniforms-bc-1096,Soccer Uniforms- BC-1096,Size,Adult Small,"{ productHandle: 'soccer-uniforms-bc-1096', size: 'Adult Small' }"
soccer-uniforms-bc-1096,Soccer Uniforms- BC-1096,Size,Adult Medium,"{ productHandle: 'soccer-uniforms-bc-1096', size: 'Adult Medium' }"
soccer-uniforms-bc-1096,Soccer Uniforms- BC-1096,Size,Adult Large,"{ productHandle: 'soccer-uniforms-bc-1096', size: 'Adult Large' }"
soccer-uniforms-bc-1096,Soccer Uniforms- BC-1096,Size,Adult X-Large,"{ productHandle: 'soccer-uniforms-bc-1096', size: 'Adult X-Large' }"
soccer-uniforms-bc-1096,Soccer Uniforms- BC-1096,Size,Adult 2XL,"{ productHandle: 'soccer-uniforms-bc-1096', size: 'Adult 2XL' }"
soccer-uniforms-bc-1096,Soccer Uniforms- BC-1096,Size,Adult 3XL,"{ productHandle: 'soccer-uniforms-bc-1096', size: 'Adult 3XL' }"
soccer-uniforms-bc-1095,Soccer Uniforms- BC-1095,Size,Youth Small,"{ productHandle: 'soccer-uniforms-bc-1095', size: 'Youth Small' }"
soccer-uniforms-bc-1095,Soccer Uniforms- BC-1095,Size,Youth Medium,"{ productHandle: 'soccer-uniforms-bc-1095', size: 'Youth Medium' }"
soccer-uniforms-bc-1095,Soccer Uniforms- BC-1095,Size,Youth Large,"{ productHandle: 'soccer-uniforms-bc-1095', size: 'Youth Large' }"
soccer-uniforms-bc-1095,Soccer Uniforms- BC-1095,Size,Adult X-Small,"{ productHandle: 'soccer-uniforms-bc-1095', size: 'Adult X-Small' }"
soccer-uniforms-bc-1095,Soccer Uniforms- BC-1095,Size,Adult Small,"{ productHandle: 'soccer-uniforms-bc-1095', size: 'Adult Small' }"
soccer-uniforms-bc-1095,Soccer Uniforms- BC-1095,Size,Adult Medium,"{ productHandle: 'soccer-uniforms-bc-1095', size: 'Adult Medium' }"
soccer-uniforms-bc-1095,Soccer Uniforms- BC-1095,Size,Adult Large,"{ productHandle: 'soccer-uniforms-bc-1095', size: 'Adult Large' }"
soccer-uniforms-bc-1095,Soccer Uniforms- BC-1095,Size,Adult X-Large,"{ productHandle: 'soccer-uniforms-bc-1095', size: 'Adult X-Large' }"
soccer-uniforms-bc-1095,Soccer Uniforms- BC-1095,Size,Adult 2XL,"{ productHandle: 'soccer-uniforms-bc-1095', size: 'Adult 2XL' }"
soccer-uniforms-bc-1095,Soccer Uniforms- BC-1095,Size,Adult 3XL,"{ productHandle: 'soccer-uniforms-bc-1095', size: 'Adult 3XL' }"
soccer-uniform-bc-0442,Soccer Uniform- BC-0442,Size,Youth Small,"{ productHandle: 'soccer-uniform-bc-0442', size: 'Youth Small' }"
soccer-uniform-bc-0442,Soccer Uniform- BC-0442,Size,Youth Medium,"{ productHandle: 'soccer-uniform-bc-0442', size: 'Youth Medium' }"
soccer-uniform-bc-0442,Soccer Uniform- BC-0442,Size,Youth Large,"{ productHandle: 'soccer-uniform-bc-0442', size: 'Youth Large' }"
soccer-uniform-bc-0442,Soccer Uniform- BC-0442,Size,Adult X-Small,"{ productHandle: 'soccer-uniform-bc-0442', size: 'Adult X-Small' }"
soccer-uniform-bc-0442,Soccer Uniform- BC-0442,Size,Adult Small,"{ productHandle: 'soccer-uniform-bc-0442', size: 'Adult Small' }"
soccer-uniform-bc-0442,Soccer Uniform- BC-0442,Size,Adult Medium,"{ productHandle: 'soccer-uniform-bc-0442', size: 'Adult Medium' }"
soccer-uniform-bc-0442,Soccer Uniform- BC-0442,Size,Adult Large,"{ productHandle: 'soccer-uniform-bc-0442', size: 'Adult Large' }"
soccer-uniform-bc-0442,Soccer Uniform- BC-0442,Size,Adult X-Large,"{ productHandle: 'soccer-uniform-bc-0442', size: 'Adult X-Large' }"
soccer-uniform-bc-0442,Soccer Uniform- BC-0442,Size,Adult 2XL,"{ productHandle: 'soccer-uniform-bc-0442', size: 'Adult 2XL' }"
soccer-uniform-bc-0442,Soccer Uniform- BC-0442,Size,Adult 3XL,"{ productHandle: 'soccer-uniform-bc-0442', size: 'Adult 3XL' }"
soccer-uniform-bc-0441,Soccer Uniform- BC-0441,Size,Youth Small,"{ productHandle: 'soccer-uniform-bc-0441', size: 'Youth Small' }"
soccer-uniform-bc-0441,Soccer Uniform- BC-0441,Size,Youth Medium,"{ productHandle: 'soccer-uniform-bc-0441', size: 'Youth Medium' }"
soccer-uniform-bc-0441,Soccer Uniform- BC-0441,Size,Youth Large,"{ productHandle: 'soccer-uniform-bc-0441', size: 'Youth Large' }"
soccer-uniform-bc-0441,Soccer Uniform- BC-0441,Size,Adult X-Small,"{ productHandle: 'soccer-uniform-bc-0441', size: 'Adult X-Small' }"
soccer-uniform-bc-0441,Soccer Uniform- BC-0441,Size,Adult Small,"{ productHandle: 'soccer-uniform-bc-0441', size: 'Adult Small' }"
soccer-uniform-bc-0441,Soccer Uniform- BC-0441,Size,Adult Medium,"{ productHandle: 'soccer-uniform-bc-0441', size: 'Adult Medium' }"
soccer-uniform-bc-0441,Soccer Uniform- BC-0441,Size,Adult Large,"{ productHandle: 'soccer-uniform-bc-0441', size: 'Adult Large' }"
soccer-uniform-bc-0441,Soccer Uniform- BC-0441,Size,Adult X-Large,"{ productHandle: 'soccer-uniform-bc-0441', size: 'Adult X-Large' }"
soccer-uniform-bc-0441,Soccer Uniform- BC-0441,Size,Adult 2XL,"{ productHandle: 'soccer-uniform-bc-0441', size: 'Adult 2XL' }"
soccer-uniform-bc-0441,Soccer Uniform- BC-0441,Size,Adult 3XL,"{ productHandle: 'soccer-uniform-bc-0441', size: 'Adult 3XL' }"
soccer-uniform-bc-0440,Soccer Uniform- BC-0440,Size,Youth Small,"{ productHandle: 'soccer-uniform-bc-0440', size: 'Youth Small' }"
soccer-uniform-bc-0440,Soccer Uniform- BC-0440,Size,Youth Medium,"{ productHandle: 'soccer-uniform-bc-0440', size: 'Youth Medium' }"
soccer-uniform-bc-0440,Soccer Uniform- BC-0440,Size,Youth Large,"{ productHandle: 'soccer-uniform-bc-0440', size: 'Youth Large' }"
soccer-uniform-bc-0440,Soccer Uniform- BC-0440,Size,Adult X-Small,"{ productHandle: 'soccer-uniform-bc-0440', size: 'Adult X-Small' }"
soccer-uniform-bc-0440,Soccer Uniform- BC-0440,Size,Adult Small,"{ productHandle: 'soccer-uniform-bc-0440', size: 'Adult Small' }"
soccer-uniform-bc-0440,Soccer Uniform- BC-0440,Size,Adult Medium,"{ productHandle: 'soccer-uniform-bc-0440', size: 'Adult Medium' }"
soccer-uniform-bc-0440,Soccer Uniform- BC-0440,Size,Adult Large,"{ productHandle: 'soccer-uniform-bc-0440', size: 'Adult Large' }"
soccer-uniform-bc-0440,Soccer Uniform- BC-0440,Size,Adult X-Large,"{ productHandle: 'soccer-uniform-bc-0440', size: 'Adult X-Large' }"
soccer-uniform-bc-0440,Soccer Uniform- BC-0440,Size,Adult 2XL,"{ productHandle: 'soccer-uniform-bc-0440', size: 'Adult 2XL' }"
soccer-uniform-bc-0440,Soccer Uniform- BC-0440,Size,Adult 3XL,"{ productHandle: 'soccer-uniform-bc-0440', size: 'Adult 3XL' }"
soccer-uniform-bc-0439,Soccer Uniform- BC-0439,Size,Youth Small,"{ productHandle: 'soccer-uniform-bc-0439', size: 'Youth Small' }"
soccer-uniform-bc-0439,Soccer Uniform- BC-0439,Size,Youth Medium,"{ productHandle: 'soccer-uniform-bc-0439', size: 'Youth Medium' }"
soccer-uniform-bc-0439,Soccer Uniform- BC-0439,Size,Youth Large,"{ productHandle: 'soccer-uniform-bc-0439', size: 'Youth Large' }"
soccer-uniform-bc-0439,Soccer Uniform- BC-0439,Size,Adult X-Small,"{ productHandle: 'soccer-uniform-bc-0439', size: 'Adult X-Small' }"
soccer-uniform-bc-0439,Soccer Uniform- BC-0439,Size,Adult Small,"{ productHandle: 'soccer-uniform-bc-0439', size: 'Adult Small' }"
soccer-uniform-bc-0439,Soccer Uniform- BC-0439,Size,Adult Medium,"{ productHandle: 'soccer-uniform-bc-0439', size: 'Adult Medium' }"
soccer-uniform-bc-0439,Soccer Uniform- BC-0439,Size,Adult Large,"{ productHandle: 'soccer-uniform-bc-0439', size: 'Adult Large' }"
soccer-uniform-bc-0439,Soccer Uniform- BC-0439,Size,Adult X-Large,"{ productHandle: 'soccer-uniform-bc-0439', size: 'Adult X-Large' }"
soccer-uniform-bc-0439,Soccer Uniform- BC-0439,Size,Adult 2XL,"{ productHandle: 'soccer-uniform-bc-0439', size: 'Adult 2XL' }"
soccer-uniform-bc-0439,Soccer Uniform- BC-0439,Size,Adult 3XL,"{ productHandle: 'soccer-uniform-bc-0439', size: 'Adult 3XL' }"
soccer-uniform-bc-0438,Soccer Uniform- BC-0438,Size,Youth Small,"{ productHandle: 'soccer-uniform-bc-0438', size: 'Youth Small' }"
soccer-uniform-bc-0438,Soccer Uniform- BC-0438,Size,Youth Medium,"{ productHandle: 'soccer-uniform-bc-0438', size: 'Youth Medium' }"
soccer-uniform-bc-0438,Soccer Uniform- BC-0438,Size,Youth Large,"{ productHandle: 'soccer-uniform-bc-0438', size: 'Youth Large' }"
soccer-uniform-bc-0438,Soccer Uniform- BC-0438,Size,Adult X-Small,"{ productHandle: 'soccer-uniform-bc-0438', size: 'Adult X-Small' }"
soccer-uniform-bc-0438,Soccer Uniform- BC-0438,Size,Adult Small,"{ productHandle: 'soccer-uniform-bc-0438', size: 'Adult Small' }"
soccer-uniform-bc-0438,Soccer Uniform- BC-0438,Size,Adult Medium,"{ productHandle: 'soccer-uniform-bc-0438', size: 'Adult Medium' }"
soccer-uniform-bc-0438,Soccer Uniform- BC-0438,Size,Adult Large,"{ productHandle: 'soccer-uniform-bc-0438', size: 'Adult Large' }"
soccer-uniform-bc-0438,Soccer Uniform- BC-0438,Size,Adult X-Large,"{ productHandle: 'soccer-uniform-bc-0438', size: 'Adult X-Large' }"
soccer-uniform-bc-0438,Soccer Uniform- BC-0438,Size,Adult 2XL,"{ productHandle: 'soccer-uniform-bc-0438', size: 'Adult 2XL' }"
soccer-uniform-bc-0438,Soccer Uniform- BC-0438,Size,Adult 3XL,"{ productHandle: 'soccer-uniform-bc-0438', size: 'Adult 3XL' }"
soccer-uniform-bc-0437,Soccer Uniform- BC-0437,Size,Youth Small,"{ productHandle: 'soccer-uniform-bc-0437', size: 'Youth Small' }"
soccer-uniform-bc-0437,Soccer Uniform- BC-0437,Size,Youth Medium,"{ productHandle: 'soccer-uniform-bc-0437', size: 'Youth Medium' }"
soccer-uniform-bc-0437,Soccer Uniform- BC-0437,Size,Youth Large,"{ productHandle: 'soccer-uniform-bc-0437', size: 'Youth Large' }"
soccer-uniform-bc-0437,Soccer Uniform- BC-0437,Size,Adult X-Small,"{ productHandle: 'soccer-uniform-bc-0437', size: 'Adult X-Small' }"
soccer-uniform-bc-0437,Soccer Uniform- BC-0437,Size,Adult Small,"{ productHandle: 'soccer-uniform-bc-0437', size: 'Adult Small' }"
soccer-uniform-bc-0437,Soccer Uniform- BC-0437,Size,Adult Medium,"{ productHandle: 'soccer-uniform-bc-0437', size: 'Adult Medium' }"
soccer-uniform-bc-0437,Soccer Uniform- BC-0437,Size,Adult Large,"{ productHandle: 'soccer-uniform-bc-0437', size: 'Adult Large' }"
soccer-uniform-bc-0437,Soccer Uniform- BC-0437,Size,Adult X-Large,"{ productHandle: 'soccer-uniform-bc-0437', size: 'Adult X-Large' }"
soccer-uniform-bc-0437,Soccer Uniform- BC-0437,Size,Adult 2XL,"{ productHandle: 'soccer-uniform-bc-0437', size: 'Adult 2XL' }"
soccer-uniform-bc-0437,Soccer Uniform- BC-0437,Size,Adult 3XL,"{ productHandle: 'soccer-uniform-bc-0437', size: 'Adult 3XL' }"
soccer-uniform-bc-0436,Soccer Uniform- BC-0436,Size,Youth Small,"{ productHandle: 'soccer-uniform-bc-0436', size: 'Youth Small' }"
soccer-uniform-bc-0436,Soccer Uniform- BC-0436,Size,Youth Medium,"{ productHandle: 'soccer-uniform-bc-0436', size: 'Youth Medium' }"
soccer-uniform-bc-0436,Soccer Uniform- BC-0436,Size,Youth Large,"{ productHandle: 'soccer-uniform-bc-0436', size: 'Youth Large' }"
soccer-uniform-bc-0436,Soccer Uniform- BC-0436,Size,Adult X-Small,"{ productHandle: 'soccer-uniform-bc-0436', size: 'Adult X-Small' }"
soccer-uniform-bc-0436,Soccer Uniform- BC-0436,Size,Adult Small,"{ productHandle: 'soccer-uniform-bc-0436', size: 'Adult Small' }"
soccer-uniform-bc-0436,Soccer Uniform- BC-0436,Size,Adult Medium,"{ productHandle: 'soccer-uniform-bc-0436', size: 'Adult Medium' }"
soccer-uniform-bc-0436,Soccer Uniform- BC-0436,Size,Adult Large,"{ productHandle: 'soccer-uniform-bc-0436', size: 'Adult Large' }"
soccer-uniform-bc-0436,Soccer Uniform- BC-0436,Size,Adult X-Large,"{ productHandle: 'soccer-uniform-bc-0436', size: 'Adult X-Large' }"
soccer-uniform-bc-0436,Soccer Uniform- BC-0436,Size,Adult 2XL,"{ productHandle: 'soccer-uniform-bc-0436', size: 'Adult 2XL' }"
soccer-uniform-bc-0436,Soccer Uniform- BC-0436,Size,Adult 3XL,"{ productHandle: 'soccer-uniform-bc-0436', size: 'Adult 3XL' }"
soccer-uniform-bc-0435,Soccer Uniform- BC-0435,Size,Youth Small,"{ productHandle: 'soccer-uniform-bc-0435', size: 'Youth Small' }"
soccer-uniform-bc-0435,Soccer Uniform- BC-0435,Size,Youth Medium,"{ productHandle: 'soccer-uniform-bc-0435', size: 'Youth Medium' }"
soccer-uniform-bc-0435,Soccer Uniform- BC-0435,Size,Youth Large,"{ productHandle: 'soccer-uniform-bc-0435', size: 'Youth Large' }"
soccer-uniform-bc-0435,Soccer Uniform- BC-0435,Size,Adult X-Small,"{ productHandle: 'soccer-uniform-bc-0435', size: 'Adult X-Small' }"
soccer-uniform-bc-0435,Soccer Uniform- BC-0435,Size,Adult Small,"{ productHandle: 'soccer-uniform-bc-0435', size: 'Adult Small' }"
soccer-uniform-bc-0435,Soccer Uniform- BC-0435,Size,Adult Medium,"{ productHandle: 'soccer-uniform-bc-0435', size: 'Adult Medium' }"
soccer-uniform-bc-0435,Soccer Uniform- BC-0435,Size,Adult Large,"{ productHandle: 'soccer-uniform-bc-0435', size: 'Adult Large' }"
soccer-uniform-bc-0435,Soccer Uniform- BC-0435,Size,Adult X-Large,"{ productHandle: 'soccer-uniform-bc-0435', size: 'Adult X-Large' }"
soccer-uniform-bc-0435,Soccer Uniform- BC-0435,Size,Adult 2XL,"{ productHandle: 'soccer-uniform-bc-0435', size: 'Adult 2XL' }"
soccer-uniform-bc-0435,Soccer Uniform- BC-0435,Size,Adult 3XL,"{ productHandle: 'soccer-uniform-bc-0435', size: 'Adult 3XL' }"
soccer-uniform-bc-0434,Soccer Uniform- BC-0434,Size,Youth Small,"{ productHandle: 'soccer-uniform-bc-0434', size: 'Youth Small' }"
soccer-uniform-bc-0434,Soccer Uniform- BC-0434,Size,Youth Medium,"{ productHandle: 'soccer-uniform-bc-0434', size: 'Youth Medium' }"
soccer-uniform-bc-0434,Soccer Uniform- BC-0434,Size,Youth Large,"{ productHandle: 'soccer-uniform-bc-0434', size: 'Youth Large' }"
soccer-uniform-bc-0434,Soccer Uniform- BC-0434,Size,Adult X-Small,"{ productHandle: 'soccer-uniform-bc-0434', size: 'Adult X-Small' }"
soccer-uniform-bc-0434,Soccer Uniform- BC-0434,Size,Adult Small,"{ productHandle: 'soccer-uniform-bc-0434', size: 'Adult Small' }"
soccer-uniform-bc-0434,Soccer Uniform- BC-0434,Size,Adult Medium,"{ productHandle: 'soccer-uniform-bc-0434', size: 'Adult Medium' }"
soccer-uniform-bc-0434,Soccer Uniform- BC-0434,Size,Adult Large,"{ productHandle: 'soccer-uniform-bc-0434', size: 'Adult Large' }"
soccer-uniform-bc-0434,Soccer Uniform- BC-0434,Size,Adult X-Large,"{ productHandle: 'soccer-uniform-bc-0434', size: 'Adult X-Large' }"
soccer-uniform-bc-0434,Soccer Uniform- BC-0434,Size,Adult 2XL,"{ productHandle: 'soccer-uniform-bc-0434', size: 'Adult 2XL' }"
soccer-uniform-bc-0434,Soccer Uniform- BC-0434,Size,Adult 3XL,"{ productHandle: 'soccer-uniform-bc-0434', size: 'Adult 3XL' }"
soccer-uniform-bc-0433,Soccer Uniform- BC-0433,Size,Youth Small,"{ productHandle: 'soccer-uniform-bc-0433', size: 'Youth Small' }"
soccer-uniform-bc-0433,Soccer Uniform- BC-0433,Size,Youth Medium,"{ productHandle: 'soccer-uniform-bc-0433', size: 'Youth Medium' }"
soccer-uniform-bc-0433,Soccer Uniform- BC-0433,Size,Youth Large,"{ productHandle: 'soccer-uniform-bc-0433', size: 'Youth Large' }"
soccer-uniform-bc-0433,Soccer Uniform- BC-0433,Size,Adult X-Small,"{ productHandle: 'soccer-uniform-bc-0433', size: 'Adult X-Small' }"
soccer-uniform-bc-0433,Soccer Uniform- BC-0433,Size,Adult Small,"{ productHandle: 'soccer-uniform-bc-0433', size: 'Adult Small' }"
soccer-uniform-bc-0433,Soccer Uniform- BC-0433,Size,Adult Medium,"{ productHandle: 'soccer-uniform-bc-0433', size: 'Adult Medium' }"
soccer-uniform-bc-0433,Soccer Uniform- BC-0433,Size,Adult Large,"{ productHandle: 'soccer-uniform-bc-0433', size: 'Adult Large' }"
soccer-uniform-bc-0433,Soccer Uniform- BC-0433,Size,Adult X-Large,"{ productHandle: 'soccer-uniform-bc-0433', size: 'Adult X-Large' }"
soccer-uniform-bc-0433,Soccer Uniform- BC-0433,Size,Adult 2XL,"{ productHandle: 'soccer-uniform-bc-0433', size: 'Adult 2XL' }"
soccer-uniform-bc-0433,Soccer Uniform- BC-0433,Size,Adult 3XL,"{ productHandle: 'soccer-uniform-bc-0433', size: 'Adult 3XL' }"
soccer-uniform-bc-0432,Soccer Uniform- BC-0432,Size,Youth Small,"{ productHandle: 'soccer-uniform-bc-0432', size: 'Youth Small' }"
soccer-uniform-bc-0432,Soccer Uniform- BC-0432,Size,Youth Medium,"{ productHandle: 'soccer-uniform-bc-0432', size: 'Youth Medium' }"
soccer-uniform-bc-0432,Soccer Uniform- BC-0432,Size,Youth Large,"{ productHandle: 'soccer-uniform-bc-0432', size: 'Youth Large' }"
soccer-uniform-bc-0432,Soccer Uniform- BC-0432,Size,Adult X-Small,"{ productHandle: 'soccer-uniform-bc-0432', size: 'Adult X-Small' }"
soccer-uniform-bc-0432,Soccer Uniform- BC-0432,Size,Adult Small,"{ productHandle: 'soccer-uniform-bc-0432', size: 'Adult Small' }"
soccer-uniform-bc-0432,Soccer Uniform- BC-0432,Size,Adult Medium,"{ productHandle: 'soccer-uniform-bc-0432', size: 'Adult Medium' }"
soccer-uniform-bc-0432,Soccer Uniform- BC-0432,Size,Adult Large,"{ productHandle: 'soccer-uniform-bc-0432', size: 'Adult Large' }"
soccer-uniform-bc-0432,Soccer Uniform- BC-0432,Size,Adult X-Large,"{ productHandle: 'soccer-uniform-bc-0432', size: 'Adult X-Large' }"
soccer-uniform-bc-0432,Soccer Uniform- BC-0432,Size,Adult 2XL,"{ productHandle: 'soccer-uniform-bc-0432', size: 'Adult 2XL' }"
soccer-uniform-bc-0432,Soccer Uniform- BC-0432,Size,Adult 3XL,"{ productHandle: 'soccer-uniform-bc-0432', size: 'Adult 3XL' }"
soccer-uniform-c-0431,Soccer Uniform- C-0431,Size,Youth Small,"{ productHandle: 'soccer-uniform-c-0431', size: 'Youth Small' }"
soccer-uniform-c-0431,Soccer Uniform- C-0431,Size,Youth Medium,"{ productHandle: 'soccer-uniform-c-0431', size: 'Youth Medium' }"
soccer-uniform-c-0431,Soccer Uniform- C-0431,Size,Youth Large,"{ productHandle: 'soccer-uniform-c-0431', size: 'Youth Large' }"
soccer-uniform-c-0431,Soccer Uniform- C-0431,Size,Adult X-Small,"{ productHandle: 'soccer-uniform-c-0431', size: 'Adult X-Small' }"
soccer-uniform-c-0431,Soccer Uniform- C-0431,Size,Adult Small,"{ productHandle: 'soccer-uniform-c-0431', size: 'Adult Small' }"
soccer-uniform-c-0431,Soccer Uniform- C-0431,Size,Adult Medium,"{ productHandle: 'soccer-uniform-c-0431', size: 'Adult Medium' }"
soccer-uniform-c-0431,Soccer Uniform- C-0431,Size,Adult Large,"{ productHandle: 'soccer-uniform-c-0431', size: 'Adult Large' }"
soccer-uniform-c-0431,Soccer Uniform- C-0431,Size,Adult X-Large,"{ productHandle: 'soccer-uniform-c-0431', size: 'Adult X-Large' }"
soccer-uniform-c-0431,Soccer Uniform- C-0431,Size,Adult 2XL,"{ productHandle: 'soccer-uniform-c-0431', size: 'Adult 2XL' }"
soccer-uniform-c-0431,Soccer Uniform- C-0431,Size,Adult 3XL,"{ productHandle: 'soccer-uniform-c-0431', size: 'Adult 3XL' }"
soccer-uniform-bc-0430,Soccer Uniform- BC-0430,Size,Youth Small,"{ productHandle: 'soccer-uniform-bc-0430', size: 'Youth Small' }"
soccer-uniform-bc-0430,Soccer Uniform- BC-0430,Size,Youth Medium,"{ productHandle: 'soccer-uniform-bc-0430', size: 'Youth Medium' }"
soccer-uniform-bc-0430,Soccer Uniform- BC-0430,Size,Youth Large,"{ productHandle: 'soccer-uniform-bc-0430', size: 'Youth Large' }"
soccer-uniform-bc-0430,Soccer Uniform- BC-0430,Size,Adult X-Small,"{ productHandle: 'soccer-uniform-bc-0430', size: 'Adult X-Small' }"
soccer-uniform-bc-0430,Soccer Uniform- BC-0430,Size,Adult Small,"{ productHandle: 'soccer-uniform-bc-0430', size: 'Adult Small' }"
soccer-uniform-bc-0430,Soccer Uniform- BC-0430,Size,Adult Medium,"{ productHandle: 'soccer-uniform-bc-0430', size: 'Adult Medium' }"
soccer-uniform-bc-0430,Soccer Uniform- BC-0430,Size,Adult Large,"{ productHandle: 'soccer-uniform-bc-0430', size: 'Adult Large' }"
soccer-uniform-bc-0430,Soccer Uniform- BC-0430,Size,Adult X-Large,"{ productHandle: 'soccer-uniform-bc-0430', size: 'Adult X-Large' }"
soccer-uniform-bc-0430,Soccer Uniform- BC-0430,Size,Adult 2XL,"{ productHandle: 'soccer-uniform-bc-0430', size: 'Adult 2XL' }"
soccer-uniform-bc-0430,Soccer Uniform- BC-0430,Size,Adult 3XL,"{ productHandle: 'soccer-uniform-bc-0430', size: 'Adult 3XL' }"
soccer-uniform-bc-0429,Soccer Uniform- BC-0429,Size,Youth Small,"{ productHandle: 'soccer-uniform-bc-0429', size: 'Youth Small' }"
soccer-uniform-bc-0429,Soccer Uniform- BC-0429,Size,Youth Medium,"{ productHandle: 'soccer-uniform-bc-0429', size: 'Youth Medium' }"
soccer-uniform-bc-0429,Soccer Uniform- BC-0429,Size,Youth Large,"{ productHandle: 'soccer-uniform-bc-0429', size: 'Youth Large' }"
soccer-uniform-bc-0429,Soccer Uniform- BC-0429,Size,Adult X-Small,"{ productHandle: 'soccer-uniform-bc-0429', size: 'Adult X-Small' }"
soccer-uniform-bc-0429,Soccer Uniform- BC-0429,Size,Adult Small,"{ productHandle: 'soccer-uniform-bc-0429', size: 'Adult Small' }"
soccer-uniform-bc-0429,Soccer Uniform- BC-0429,Size,Adult Medium,"{ productHandle: 'soccer-uniform-bc-0429', size: 'Adult Medium' }"
soccer-uniform-bc-0429,Soccer Uniform- BC-0429,Size,Adult Large,"{ productHandle: 'soccer-uniform-bc-0429', size: 'Adult Large' }"
soccer-uniform-bc-0429,Soccer Uniform- BC-0429,Size,Adult X-Large,"{ productHandle: 'soccer-uniform-bc-0429', size: 'Adult X-Large' }"
soccer-uniform-bc-0429,Soccer Uniform- BC-0429,Size,Adult 2XL,"{ productHandle: 'soccer-uniform-bc-0429', size: 'Adult 2XL' }"
soccer-uniform-bc-0429,Soccer Uniform- BC-0429,Size,Adult 3XL,"{ productHandle: 'soccer-uniform-bc-0429', size: 'Adult 3XL' }"
soccer-uniform-bc-0428,Soccer Uniform- BC-0428,Size,Youth Small,"{ productHandle: 'soccer-uniform-bc-0428', size: 'Youth Small' }"
soccer-uniform-bc-0428,Soccer Uniform- BC-0428,Size,Youth Medium,"{ productHandle: 'soccer-uniform-bc-0428', size: 'Youth Medium' }"
soccer-uniform-bc-0428,Soccer Uniform- BC-0428,Size,Youth Large,"{ productHandle: 'soccer-uniform-bc-0428', size: 'Youth Large' }"
soccer-uniform-bc-0428,Soccer Uniform- BC-0428,Size,Adult X-Small,"{ productHandle: 'soccer-uniform-bc-0428', size: 'Adult X-Small' }"
soccer-uniform-bc-0428,Soccer Uniform- BC-0428,Size,Adult Small,"{ productHandle: 'soccer-uniform-bc-0428', size: 'Adult Small' }"
soccer-uniform-bc-0428,Soccer Uniform- BC-0428,Size,Adult Medium,"{ productHandle: 'soccer-uniform-bc-0428', size: 'Adult Medium' }"
soccer-uniform-bc-0428,Soccer Uniform- BC-0428,Size,Adult Large,"{ productHandle: 'soccer-uniform-bc-0428', size: 'Adult Large' }"
soccer-uniform-bc-0428,Soccer Uniform- BC-0428,Size,Adult X-Large,"{ productHandle: 'soccer-uniform-bc-0428', size: 'Adult X-Large' }"
soccer-uniform-bc-0428,Soccer Uniform- BC-0428,Size,Adult 2XL,"{ productHandle: 'soccer-uniform-bc-0428', size: 'Adult 2XL' }"
soccer-uniform-bc-0428,Soccer Uniform- BC-0428,Size,Adult 3XL,"{ productHandle: 'soccer-uniform-bc-0428', size: 'Adult 3XL' }"
soccer-uniform-bc-0427,Soccer Uniform- BC-0427,Size,Youth Small,"{ productHandle: 'soccer-uniform-bc-0427', size: 'Youth Small' }"
soccer-uniform-bc-0427,Soccer Uniform- BC-0427,Size,Youth Medium,"{ productHandle: 'soccer-uniform-bc-0427', size: 'Youth Medium' }"
soccer-uniform-bc-0427,Soccer Uniform- BC-0427,Size,Youth Large,"{ productHandle: 'soccer-uniform-bc-0427', size: 'Youth Large' }"
soccer-uniform-bc-0427,Soccer Uniform- BC-0427,Size,Adult X-Small,"{ productHandle: 'soccer-uniform-bc-0427', size: 'Adult X-Small' }"
soccer-uniform-bc-0427,Soccer Uniform- BC-0427,Size,Adult Small,"{ productHandle: 'soccer-uniform-bc-0427', size: 'Adult Small' }"
soccer-uniform-bc-0427,Soccer Uniform- BC-0427,Size,Adult Medium,"{ productHandle: 'soccer-uniform-bc-0427', size: 'Adult Medium' }"
soccer-uniform-bc-0427,Soccer Uniform- BC-0427,Size,Adult Large,"{ productHandle: 'soccer-uniform-bc-0427', size: 'Adult Large' }"
soccer-uniform-bc-0427,Soccer Uniform- BC-0427,Size,Adult X-Large,"{ productHandle: 'soccer-uniform-bc-0427', size: 'Adult X-Large' }"
soccer-uniform-bc-0427,Soccer Uniform- BC-0427,Size,Adult 2XL,"{ productHandle: 'soccer-uniform-bc-0427', size: 'Adult 2XL' }"
soccer-uniform-bc-0427,Soccer Uniform- BC-0427,Size,Adult 3XL,"{ productHandle: 'soccer-uniform-bc-0427', size: 'Adult 3XL' }"
soccer-uniform-bc-0426,Soccer Uniform - BC-0426,Size,Youth Small,"{ productHandle: 'soccer-uniform-bc-0426', size: 'Youth Small' }"
soccer-uniform-bc-0426,Soccer Uniform - BC-0426,Size,Youth Medium,"{ productHandle: 'soccer-uniform-bc-0426', size: 'Youth Medium' }"
soccer-uniform-bc-0426,Soccer Uniform - BC-0426,Size,Youth Large,"{ productHandle: 'soccer-uniform-bc-0426', size: 'Youth Large' }"
soccer-uniform-bc-0426,Soccer Uniform - BC-0426,Size,Adult X-Small,"{ productHandle: 'soccer-uniform-bc-0426', size: 'Adult X-Small' }"
soccer-uniform-bc-0426,Soccer Uniform - BC-0426,Size,Adult Small,"{ productHandle: 'soccer-uniform-bc-0426', size: 'Adult Small' }"
soccer-uniform-bc-0426,Soccer Uniform - BC-0426,Size,Adult Medium,"{ productHandle: 'soccer-uniform-bc-0426', size: 'Adult Medium' }"
soccer-uniform-bc-0426,Soccer Uniform - BC-0426,Size,Adult Large,"{ productHandle: 'soccer-uniform-bc-0426', size: 'Adult Large' }"
soccer-uniform-bc-0426,Soccer Uniform - BC-0426,Size,Adult X-Large,"{ productHandle: 'soccer-uniform-bc-0426', size: 'Adult X-Large' }"
soccer-uniform-bc-0426,Soccer Uniform - BC-0426,Size,Adult 2XL,"{ productHandle: 'soccer-uniform-bc-0426', size: 'Adult 2XL' }"
soccer-uniform-bc-0426,Soccer Uniform - BC-0426,Size,Adult 3XL,"{ productHandle: 'soccer-uniform-bc-0426', size: 'Adult 3XL' }"
soccer-uniform-bc-0425,Soccer Uniform- BC-0425,Size,Youth Small,"{ productHandle: 'soccer-uniform-bc-0425', size: 'Youth Small' }"
soccer-uniform-bc-0425,Soccer Uniform- BC-0425,Size,Youth Medium,"{ productHandle: 'soccer-uniform-bc-0425', size: 'Youth Medium' }"
soccer-uniform-bc-0425,Soccer Uniform- BC-0425,Size,Youth Large,"{ productHandle: 'soccer-uniform-bc-0425', size: 'Youth Large' }"
soccer-uniform-bc-0425,Soccer Uniform- BC-0425,Size,Adult X-Small,"{ productHandle: 'soccer-uniform-bc-0425', size: 'Adult X-Small' }"
soccer-uniform-bc-0425,Soccer Uniform- BC-0425,Size,Adult Small,"{ productHandle: 'soccer-uniform-bc-0425', size: 'Adult Small' }"
soccer-uniform-bc-0425,Soccer Uniform- BC-0425,Size,Adult Medium,"{ productHandle: 'soccer-uniform-bc-0425', size: 'Adult Medium' }"
soccer-uniform-bc-0425,Soccer Uniform- BC-0425,Size,Adult Large,"{ productHandle: 'soccer-uniform-bc-0425', size: 'Adult Large' }"
soccer-uniform-bc-0425,Soccer Uniform- BC-0425,Size,Adult X-Large,"{ productHandle: 'soccer-uniform-bc-0425', size: 'Adult X-Large' }"
soccer-uniform-bc-0425,Soccer Uniform- BC-0425,Size,Adult 2XL,"{ productHandle: 'soccer-uniform-bc-0425', size: 'Adult 2XL' }"
soccer-uniform-bc-0425,Soccer Uniform- BC-0425,Size,Adult 3XL,"{ productHandle: 'soccer-uniform-bc-0425', size: 'Adult 3XL' }"
basketball-uniforms-bc-1018,Basketball Uniforms- BC-1018,Size,Youth Small,"{ productHandle: 'basketball-uniforms-bc-1018', size: 'Youth Small' }"
basketball-uniforms-bc-1018,Basketball Uniforms- BC-1018,Size,Youth Medium,"{ productHandle: 'basketball-uniforms-bc-1018', size: 'Youth Medium' }"
basketball-uniforms-bc-1018,Basketball Uniforms- BC-1018,Size,Youth Large,"{ productHandle: 'basketball-uniforms-bc-1018', size: 'Youth Large' }"
basketball-uniforms-bc-1018,Basketball Uniforms- BC-1018,Size,Adult X-Small,"{ productHandle: 'basketball-uniforms-bc-1018', size: 'Adult X-Small' }"
basketball-uniforms-bc-1018,Basketball Uniforms- BC-1018,Size,Adult Small,"{ productHandle: 'basketball-uniforms-bc-1018', size: 'Adult Small' }"
basketball-uniforms-bc-1018,Basketball Uniforms- BC-1018,Size,Adult Medium,"{ productHandle: 'basketball-uniforms-bc-1018', size: 'Adult Medium' }"
basketball-uniforms-bc-1018,Basketball Uniforms- BC-1018,Size,Adult Large,"{ productHandle: 'basketball-uniforms-bc-1018', size: 'Adult Large' }"
basketball-uniforms-bc-1018,Basketball Uniforms- BC-1018,Size,Adult X-Large,"{ productHandle: 'basketball-uniforms-bc-1018', size: 'Adult X-Large' }"
basketball-uniforms-bc-1018,Basketball Uniforms- BC-1018,Size,Adult 2XL,"{ productHandle: 'basketball-uniforms-bc-1018', size: 'Adult 2XL' }"
basketball-uniforms-bc-1018,Basketball Uniforms- BC-1018,Size,Adult 3XL,"{ productHandle: 'basketball-uniforms-bc-1018', size: 'Adult 3XL' }"
basketball-uniforms-bc-1019,Basketball Uniforms- BC-1019,Size,Youth Small,"{ productHandle: 'basketball-uniforms-bc-1019', size: 'Youth Small' }"
basketball-uniforms-bc-1019,Basketball Uniforms- BC-1019,Size,Youth Medium,"{ productHandle: 'basketball-uniforms-bc-1019', size: 'Youth Medium' }"
basketball-uniforms-bc-1019,Basketball Uniforms- BC-1019,Size,Youth Large,"{ productHandle: 'basketball-uniforms-bc-1019', size: 'Youth Large' }"
basketball-uniforms-bc-1019,Basketball Uniforms- BC-1019,Size,Adult X-Small,"{ productHandle: 'basketball-uniforms-bc-1019', size: 'Adult X-Small' }"
basketball-uniforms-bc-1019,Basketball Uniforms- BC-1019,Size,Adult Small,"{ productHandle: 'basketball-uniforms-bc-1019', size: 'Adult Small' }"
basketball-uniforms-bc-1019,Basketball Uniforms- BC-1019,Size,Adult Medium,"{ productHandle: 'basketball-uniforms-bc-1019', size: 'Adult Medium' }"
basketball-uniforms-bc-1019,Basketball Uniforms- BC-1019,Size,Adult Large,"{ productHandle: 'basketball-uniforms-bc-1019', size: 'Adult Large' }"
basketball-uniforms-bc-1019,Basketball Uniforms- BC-1019,Size,Adult X-Large,"{ productHandle: 'basketball-uniforms-bc-1019', size: 'Adult X-Large' }"
basketball-uniforms-bc-1019,Basketball Uniforms- BC-1019,Size,Adult 2XL,"{ productHandle: 'basketball-uniforms-bc-1019', size: 'Adult 2XL' }"
basketball-uniforms-bc-1019,Basketball Uniforms- BC-1019,Size,Adult 3XL,"{ productHandle: 'basketball-uniforms-bc-1019', size: 'Adult 3XL' }"
basketball-uniforms-bc-1020,Basketball Uniforms- BC-1020,Size,Youth Small,"{ productHandle: 'basketball-uniforms-bc-1020', size: 'Youth Small' }"
basketball-uniforms-bc-1020,Basketball Uniforms- BC-1020,Size,Youth Medium,"{ productHandle: 'basketball-uniforms-bc-1020', size: 'Youth Medium' }"
basketball-uniforms-bc-1020,Basketball Uniforms- BC-1020,Size,Youth Large,"{ productHandle: 'basketball-uniforms-bc-1020', size: 'Youth Large' }"
basketball-uniforms-bc-1020,Basketball Uniforms- BC-1020,Size,Adult X-Small,"{ productHandle: 'basketball-uniforms-bc-1020', size: 'Adult X-Small' }"
basketball-uniforms-bc-1020,Basketball Uniforms- BC-1020,Size,Adult Small,"{ productHandle: 'basketball-uniforms-bc-1020', size: 'Adult Small' }"
basketball-uniforms-bc-1020,Basketball Uniforms- BC-1020,Size,Adult Medium,"{ productHandle: 'basketball-uniforms-bc-1020', size: 'Adult Medium' }"
basketball-uniforms-bc-1020,Basketball Uniforms- BC-1020,Size,Adult Large,"{ productHandle: 'basketball-uniforms-bc-1020', size: 'Adult Large' }"
basketball-uniforms-bc-1020,Basketball Uniforms- BC-1020,Size,Adult X-Large,"{ productHandle: 'basketball-uniforms-bc-1020', size: 'Adult X-Large' }"
basketball-uniforms-bc-1020,Basketball Uniforms- BC-1020,Size,Adult 2XL,"{ productHandle: 'basketball-uniforms-bc-1020', size: 'Adult 2XL' }"
basketball-uniforms-bc-1020,Basketball Uniforms- BC-1020,Size,Adult 3XL,"{ productHandle: 'basketball-uniforms-bc-1020', size: 'Adult 3XL' }"
basketball-uniforms-bc-1021,Basketball Uniforms- BC-1021,Size,Youth Small,"{ productHandle: 'basketball-uniforms-bc-1021', size: 'Youth Small' }"
basketball-uniforms-bc-1021,Basketball Uniforms- BC-1021,Size,Youth Medium,"{ productHandle: 'basketball-uniforms-bc-1021', size: 'Youth Medium' }"
basketball-uniforms-bc-1021,Basketball Uniforms- BC-1021,Size,Youth Large,"{ productHandle: 'basketball-uniforms-bc-1021', size: 'Youth Large' }"
basketball-uniforms-bc-1021,Basketball Uniforms- BC-1021,Size,Adult X-Small,"{ productHandle: 'basketball-uniforms-bc-1021', size: 'Adult X-Small' }"
basketball-uniforms-bc-1021,Basketball Uniforms- BC-1021,Size,Adult Small,"{ productHandle: 'basketball-uniforms-bc-1021', size: 'Adult Small' }"
basketball-uniforms-bc-1021,Basketball Uniforms- BC-1021,Size,Adult Medium,"{ productHandle: 'basketball-uniforms-bc-1021', size: 'Adult Medium' }"
basketball-uniforms-bc-1021,Basketball Uniforms- BC-1021,Size,Adult Large,"{ productHandle: 'basketball-uniforms-bc-1021', size: 'Adult Large' }"
basketball-uniforms-bc-1021,Basketball Uniforms- BC-1021,Size,Adult X-Large,"{ productHandle: 'basketball-uniforms-bc-1021', size: 'Adult X-Large' }"
basketball-uniforms-bc-1021,Basketball Uniforms- BC-1021,Size,Adult 2XL,"{ productHandle: 'basketball-uniforms-bc-1021', size: 'Adult 2XL' }"
basketball-uniforms-bc-1021,Basketball Uniforms- BC-1021,Size,Adult 3XL,"{ productHandle: 'basketball-uniforms-bc-1021', size: 'Adult 3XL' }"
basketball-uniforms-bc-1022,Basketball Uniforms- BC-1022,Size,Youth Small,"{ productHandle: 'basketball-uniforms-bc-1022', size: 'Youth Small' }"
basketball-uniforms-bc-1022,Basketball Uniforms- BC-1022,Size,Youth Medium,"{ productHandle: 'basketball-uniforms-bc-1022', size: 'Youth Medium' }"
basketball-uniforms-bc-1022,Basketball Uniforms- BC-1022,Size,Youth Large,"{ productHandle: 'basketball-uniforms-bc-1022', size: 'Youth Large' }"
basketball-uniforms-bc-1022,Basketball Uniforms- BC-1022,Size,Adult X-Small,"{ productHandle: 'basketball-uniforms-bc-1022', size: 'Adult X-Small' }"
basketball-uniforms-bc-1022,Basketball Uniforms- BC-1022,Size,Adult Small,"{ productHandle: 'basketball-uniforms-bc-1022', size: 'Adult Small' }"
basketball-uniforms-bc-1022,Basketball Uniforms- BC-1022,Size,Adult Medium,"{ productHandle: 'basketball-uniforms-bc-1022', size: 'Adult Medium' }"
basketball-uniforms-bc-1022,Basketball Uniforms- BC-1022,Size,Adult Large,"{ productHandle: 'basketball-uniforms-bc-1022', size: 'Adult Large' }"
basketball-uniforms-bc-1022,Basketball Uniforms- BC-1022,Size,Adult X-Large,"{ productHandle: 'basketball-uniforms-bc-1022', size: 'Adult X-Large' }"
basketball-uniforms-bc-1022,Basketball Uniforms- BC-1022,Size,Adult 2XL,"{ productHandle: 'basketball-uniforms-bc-1022', size: 'Adult 2XL' }"
basketball-uniforms-bc-1022,Basketball Uniforms- BC-1022,Size,Adult 3XL,"{ productHandle: 'basketball-uniforms-bc-1022', size: 'Adult 3XL' }"
basketball-uniforms-bc-1023,Basketball Uniforms- BC-1023,Size,Youth Small,"{ productHandle: 'basketball-uniforms-bc-1023', size: 'Youth Small' }"
basketball-uniforms-bc-1023,Basketball Uniforms- BC-1023,Size,Youth Medium,"{ productHandle: 'basketball-uniforms-bc-1023', size: 'Youth Medium' }"
basketball-uniforms-bc-1023,Basketball Uniforms- BC-1023,Size,Youth Large,"{ productHandle: 'basketball-uniforms-bc-1023', size: 'Youth Large' }"
basketball-uniforms-bc-1023,Basketball Uniforms- BC-1023,Size,Adult X-Small,"{ productHandle: 'basketball-uniforms-bc-1023', size: 'Adult X-Small' }"
basketball-uniforms-bc-1023,Basketball Uniforms- BC-1023,Size,Adult Small,"{ productHandle: 'basketball-uniforms-bc-1023', size: 'Adult Small' }"
basketball-uniforms-bc-1023,Basketball Uniforms- BC-1023,Size,Adult Medium,"{ productHandle: 'basketball-uniforms-bc-1023', size: 'Adult Medium' }"
basketball-uniforms-bc-1023,Basketball Uniforms- BC-1023,Size,Adult Large,"{ productHandle: 'basketball-uniforms-bc-1023', size: 'Adult Large' }"
basketball-uniforms-bc-1023,Basketball Uniforms- BC-1023,Size,Adult X-Large,"{ productHandle: 'basketball-uniforms-bc-1023', size: 'Adult X-Large' }"
basketball-uniforms-bc-1023,Basketball Uniforms- BC-1023,Size,Adult 2XL,"{ productHandle: 'basketball-uniforms-bc-1023', size: 'Adult 2XL' }"
basketball-uniforms-bc-1023,Basketball Uniforms- BC-1023,Size,Adult 3XL,"{ productHandle: 'basketball-uniforms-bc-1023', size: 'Adult 3XL' }"
basketball-uniforms-bc-1024,Basketball Uniforms- BC-1024,Size,Youth Small,"{ productHandle: 'basketball-uniforms-bc-1024', size: 'Youth Small' }"
basketball-uniforms-bc-1024,Basketball Uniforms- BC-1024,Size,Youth Medium,"{ productHandle: 'basketball-uniforms-bc-1024', size: 'Youth Medium' }"
basketball-uniforms-bc-1024,Basketball Uniforms- BC-1024,Size,Youth Large,"{ productHandle: 'basketball-uniforms-bc-1024', size: 'Youth Large' }"
basketball-uniforms-bc-1024,Basketball Uniforms- BC-1024,Size,Adult X-Small,"{ productHandle: 'basketball-uniforms-bc-1024', size: 'Adult X-Small' }"
basketball-uniforms-bc-1024,Basketball Uniforms- BC-1024,Size,Adult Small,"{ productHandle: 'basketball-uniforms-bc-1024', size: 'Adult Small' }"
basketball-uniforms-bc-1024,Basketball Uniforms- BC-1024,Size,Adult Medium,"{ productHandle: 'basketball-uniforms-bc-1024', size: 'Adult Medium' }"
basketball-uniforms-bc-1024,Basketball Uniforms- BC-1024,Size,Adult Large,"{ productHandle: 'basketball-uniforms-bc-1024', size: 'Adult Large' }"
basketball-uniforms-bc-1024,Basketball Uniforms- BC-1024,Size,Adult X-Large,"{ productHandle: 'basketball-uniforms-bc-1024', size: 'Adult X-Large' }"
basketball-uniforms-bc-1024,Basketball Uniforms- BC-1024,Size,Adult 2XL,"{ productHandle: 'basketball-uniforms-bc-1024', size: 'Adult 2XL' }"
basketball-uniforms-bc-1024,Basketball Uniforms- BC-1024,Size,Adult 3XL,"{ productHandle: 'basketball-uniforms-bc-1024', size: 'Adult 3XL' }"
basketball-uniforms-bc-1025,Basketball Uniforms-  BC-1025,Size,Youth Small,"{ productHandle: 'basketball-uniforms-bc-1025', size: 'Youth Small' }"
basketball-uniforms-bc-1025,Basketball Uniforms-  BC-1025,Size,Youth Medium,"{ productHandle: 'basketball-uniforms-bc-1025', size: 'Youth Medium' }"
basketball-uniforms-bc-1025,Basketball Uniforms-  BC-1025,Size,Youth Large,"{ productHandle: 'basketball-uniforms-bc-1025', size: 'Youth Large' }"
basketball-uniforms-bc-1025,Basketball Uniforms-  BC-1025,Size,Adult X-Small,"{ productHandle: 'basketball-uniforms-bc-1025', size: 'Adult X-Small' }"
basketball-uniforms-bc-1025,Basketball Uniforms-  BC-1025,Size,Adult Small,"{ productHandle: 'basketball-uniforms-bc-1025', size: 'Adult Small' }"
basketball-uniforms-bc-1025,Basketball Uniforms-  BC-1025,Size,Adult Medium,"{ productHandle: 'basketball-uniforms-bc-1025', size: 'Adult Medium' }"
basketball-uniforms-bc-1025,Basketball Uniforms-  BC-1025,Size,Adult Large,"{ productHandle: 'basketball-uniforms-bc-1025', size: 'Adult Large' }"
basketball-uniforms-bc-1025,Basketball Uniforms-  BC-1025,Size,Adult X-Large,"{ productHandle: 'basketball-uniforms-bc-1025', size: 'Adult X-Large' }"
basketball-uniforms-bc-1025,Basketball Uniforms-  BC-1025,Size,Adult 2XL,"{ productHandle: 'basketball-uniforms-bc-1025', size: 'Adult 2XL' }"
basketball-uniforms-bc-1025,Basketball Uniforms-  BC-1025,Size,Adult 3XL,"{ productHandle: 'basketball-uniforms-bc-1025', size: 'Adult 3XL' }"
basketball-uniforms-bc-1026,Basketball Uniforms-  BC-1026,Size,Youth Small,"{ productHandle: 'basketball-uniforms-bc-1026', size: 'Youth Small' }"
basketball-uniforms-bc-1026,Basketball Uniforms-  BC-1026,Size,Youth Medium,"{ productHandle: 'basketball-uniforms-bc-1026', size: 'Youth Medium' }"
basketball-uniforms-bc-1026,Basketball Uniforms-  BC-1026,Size,Youth Large,"{ productHandle: 'basketball-uniforms-bc-1026', size: 'Youth Large' }"
basketball-uniforms-bc-1026,Basketball Uniforms-  BC-1026,Size,Adult X-Small,"{ productHandle: 'basketball-uniforms-bc-1026', size: 'Adult X-Small' }"
basketball-uniforms-bc-1026,Basketball Uniforms-  BC-1026,Size,Adult Small,"{ productHandle: 'basketball-uniforms-bc-1026', size: 'Adult Small' }"
basketball-uniforms-bc-1026,Basketball Uniforms-  BC-1026,Size,Adult Medium,"{ productHandle: 'basketball-uniforms-bc-1026', size: 'Adult Medium' }"
basketball-uniforms-bc-1026,Basketball Uniforms-  BC-1026,Size,Adult Large,"{ productHandle: 'basketball-uniforms-bc-1026', size: 'Adult Large' }"
basketball-uniforms-bc-1026,Basketball Uniforms-  BC-1026,Size,Adult X-Large,"{ productHandle: 'basketball-uniforms-bc-1026', size: 'Adult X-Large' }"
basketball-uniforms-bc-1026,Basketball Uniforms-  BC-1026,Size,Adult 2XL,"{ productHandle: 'basketball-uniforms-bc-1026', size: 'Adult 2XL' }"
basketball-uniforms-bc-1026,Basketball Uniforms-  BC-1026,Size,Adult 3XL,"{ productHandle: 'basketball-uniforms-bc-1026', size: 'Adult 3XL' }"
basketball-uniforms-bc-1027,Basketball Uniforms- BC-1027,Size,Youth Small,"{ productHandle: 'basketball-uniforms-bc-1027', size: 'Youth Small' }"
basketball-uniforms-bc-1027,Basketball Uniforms- BC-1027,Size,Youth Medium,"{ productHandle: 'basketball-uniforms-bc-1027', size: 'Youth Medium' }"
basketball-uniforms-bc-1027,Basketball Uniforms- BC-1027,Size,Youth Large,"{ productHandle: 'basketball-uniforms-bc-1027', size: 'Youth Large' }"
basketball-uniforms-bc-1027,Basketball Uniforms- BC-1027,Size,Adult X-Small,"{ productHandle: 'basketball-uniforms-bc-1027', size: 'Adult X-Small' }"
basketball-uniforms-bc-1027,Basketball Uniforms- BC-1027,Size,Adult Small,"{ productHandle: 'basketball-uniforms-bc-1027', size: 'Adult Small' }"
basketball-uniforms-bc-1027,Basketball Uniforms- BC-1027,Size,Adult Medium,"{ productHandle: 'basketball-uniforms-bc-1027', size: 'Adult Medium' }"
basketball-uniforms-bc-1027,Basketball Uniforms- BC-1027,Size,Adult Large,"{ productHandle: 'basketball-uniforms-bc-1027', size: 'Adult Large' }"
basketball-uniforms-bc-1027,Basketball Uniforms- BC-1027,Size,Adult X-Large,"{ productHandle: 'basketball-uniforms-bc-1027', size: 'Adult X-Large' }"
basketball-uniforms-bc-1027,Basketball Uniforms- BC-1027,Size,Adult 2XL,"{ productHandle: 'basketball-uniforms-bc-1027', size: 'Adult 2XL' }"
basketball-uniforms-bc-1027,Basketball Uniforms- BC-1027,Size,Adult 3XL,"{ productHandle: 'basketball-uniforms-bc-1027', size: 'Adult 3XL' }"
basketball-uniforms-bc-1028,Basketball Uniforms- BC-1028,Size,Youth Small,"{ productHandle: 'basketball-uniforms-bc-1028', size: 'Youth Small' }"
basketball-uniforms-bc-1028,Basketball Uniforms- BC-1028,Size,Youth Medium,"{ productHandle: 'basketball-uniforms-bc-1028', size: 'Youth Medium' }"
basketball-uniforms-bc-1028,Basketball Uniforms- BC-1028,Size,Youth Large,"{ productHandle: 'basketball-uniforms-bc-1028', size: 'Youth Large' }"
basketball-uniforms-bc-1028,Basketball Uniforms- BC-1028,Size,Adult X-Small,"{ productHandle: 'basketball-uniforms-bc-1028', size: 'Adult X-Small' }"
basketball-uniforms-bc-1028,Basketball Uniforms- BC-1028,Size,Adult Small,"{ productHandle: 'basketball-uniforms-bc-1028', size: 'Adult Small' }"
basketball-uniforms-bc-1028,Basketball Uniforms- BC-1028,Size,Adult Medium,"{ productHandle: 'basketball-uniforms-bc-1028', size: 'Adult Medium' }"
basketball-uniforms-bc-1028,Basketball Uniforms- BC-1028,Size,Adult Large,"{ productHandle: 'basketball-uniforms-bc-1028', size: 'Adult Large' }"
basketball-uniforms-bc-1028,Basketball Uniforms- BC-1028,Size,Adult X-Large,"{ productHandle: 'basketball-uniforms-bc-1028', size: 'Adult X-Large' }"
basketball-uniforms-bc-1028,Basketball Uniforms- BC-1028,Size,Adult 2XL,"{ productHandle: 'basketball-uniforms-bc-1028', size: 'Adult 2XL' }"
basketball-uniforms-bc-1028,Basketball Uniforms- BC-1028,Size,Adult 3XL,"{ productHandle: 'basketball-uniforms-bc-1028', size: 'Adult 3XL' }"
uniforme-de-baloncesto-bc-0049,Basketball Uniform- BC-0049,Size,Youth Small,"{ productHandle: 'uniforme-de-baloncesto-bc-0049', size: 'Youth Small' }"
uniforme-de-baloncesto-bc-0049,Basketball Uniform- BC-0049,Size,Youth Medium,"{ productHandle: 'uniforme-de-baloncesto-bc-0049', size: 'Youth Medium' }"
uniforme-de-baloncesto-bc-0049,Basketball Uniform- BC-0049,Size,Youth Large,"{ productHandle: 'uniforme-de-baloncesto-bc-0049', size: 'Youth Large' }"
uniforme-de-baloncesto-bc-0049,Basketball Uniform- BC-0049,Size,Adult X-Small,"{ productHandle: 'uniforme-de-baloncesto-bc-0049', size: 'Adult X-Small' }"
uniforme-de-baloncesto-bc-0049,Basketball Uniform- BC-0049,Size,Adult Small,"{ productHandle: 'uniforme-de-baloncesto-bc-0049', size: 'Adult Small' }"
uniforme-de-baloncesto-bc-0049,Basketball Uniform- BC-0049,Size,Adult Medium,"{ productHandle: 'uniforme-de-baloncesto-bc-0049', size: 'Adult Medium' }"
uniforme-de-baloncesto-bc-0049,Basketball Uniform- BC-0049,Size,Adult Large,"{ productHandle: 'uniforme-de-baloncesto-bc-0049', size: 'Adult Large' }"
uniforme-de-baloncesto-bc-0049,Basketball Uniform- BC-0049,Size,Adult X-Large,"{ productHandle: 'uniforme-de-baloncesto-bc-0049', size: 'Adult X-Large' }"
uniforme-de-baloncesto-bc-0049,Basketball Uniform- BC-0049,Size,Adult 2XL,"{ productHandle: 'uniforme-de-baloncesto-bc-0049', size: 'Adult 2XL' }"
uniforme-de-baloncesto-bc-0049,Basketball Uniform- BC-0049,Size,Adult 3XL,"{ productHandle: 'uniforme-de-baloncesto-bc-0049', size: 'Adult 3XL' }"
uniforme-de-baloncesto-bc-0048,Basketball Uniform- BC-0048,Size,Youth Small,"{ productHandle: 'uniforme-de-baloncesto-bc-0048', size: 'Youth Small' }"
uniforme-de-baloncesto-bc-0048,Basketball Uniform- BC-0048,Size,Youth Medium,"{ productHandle: 'uniforme-de-baloncesto-bc-0048', size: 'Youth Medium' }"
uniforme-de-baloncesto-bc-0048,Basketball Uniform- BC-0048,Size,Youth Large,"{ productHandle: 'uniforme-de-baloncesto-bc-0048', size: 'Youth Large' }"
uniforme-de-baloncesto-bc-0048,Basketball Uniform- BC-0048,Size,Adult X-Small,"{ productHandle: 'uniforme-de-baloncesto-bc-0048', size: 'Adult X-Small' }"
uniforme-de-baloncesto-bc-0048,Basketball Uniform- BC-0048,Size,Adult Small,"{ productHandle: 'uniforme-de-baloncesto-bc-0048', size: 'Adult Small' }"
uniforme-de-baloncesto-bc-0048,Basketball Uniform- BC-0048,Size,Adult Medium,"{ productHandle: 'uniforme-de-baloncesto-bc-0048', size: 'Adult Medium' }"
uniforme-de-baloncesto-bc-0048,Basketball Uniform- BC-0048,Size,Adult Large,"{ productHandle: 'uniforme-de-baloncesto-bc-0048', size: 'Adult Large' }"
uniforme-de-baloncesto-bc-0048,Basketball Uniform- BC-0048,Size,Adult X-Large,"{ productHandle: 'uniforme-de-baloncesto-bc-0048', size: 'Adult X-Large' }"
uniforme-de-baloncesto-bc-0048,Basketball Uniform- BC-0048,Size,Adult 2XL,"{ productHandle: 'uniforme-de-baloncesto-bc-0048', size: 'Adult 2XL' }"
uniforme-de-baloncesto-bc-0048,Basketball Uniform- BC-0048,Size,Adult 3XL,"{ productHandle: 'uniforme-de-baloncesto-bc-0048', size: 'Adult 3XL' }"
uniforme-de-baloncesto-bc-0047,Basketball Uniform- BC-0047,Size,Youth Small,"{ productHandle: 'uniforme-de-baloncesto-bc-0047', size: 'Youth Small' }"
uniforme-de-baloncesto-bc-0047,Basketball Uniform- BC-0047,Size,Youth Medium,"{ productHandle: 'uniforme-de-baloncesto-bc-0047', size: 'Youth Medium' }"
uniforme-de-baloncesto-bc-0047,Basketball Uniform- BC-0047,Size,Youth Large,"{ productHandle: 'uniforme-de-baloncesto-bc-0047', size: 'Youth Large' }"
uniforme-de-baloncesto-bc-0047,Basketball Uniform- BC-0047,Size,Adult X-Small,"{ productHandle: 'uniforme-de-baloncesto-bc-0047', size: 'Adult X-Small' }"
uniforme-de-baloncesto-bc-0047,Basketball Uniform- BC-0047,Size,Adult Small,"{ productHandle: 'uniforme-de-baloncesto-bc-0047', size: 'Adult Small' }"
uniforme-de-baloncesto-bc-0047,Basketball Uniform- BC-0047,Size,Adult Medium,"{ productHandle: 'uniforme-de-baloncesto-bc-0047', size: 'Adult Medium' }"
uniforme-de-baloncesto-bc-0047,Basketball Uniform- BC-0047,Size,Adult Large,"{ productHandle: 'uniforme-de-baloncesto-bc-0047', size: 'Adult Large' }"
uniforme-de-baloncesto-bc-0047,Basketball Uniform- BC-0047,Size,Adult X-Large,"{ productHandle: 'uniforme-de-baloncesto-bc-0047', size: 'Adult X-Large' }"
uniforme-de-baloncesto-bc-0047,Basketball Uniform- BC-0047,Size,Adult 2XL,"{ productHandle: 'uniforme-de-baloncesto-bc-0047', size: 'Adult 2XL' }"
uniforme-de-baloncesto-bc-0047,Basketball Uniform- BC-0047,Size,Adult 3XL,"{ productHandle: 'uniforme-de-baloncesto-bc-0047', size: 'Adult 3XL' }"
uniforme-de-baloncesto-bc-0046,Basketball Uniform- BC-0046,Size,Youth Small,"{ productHandle: 'uniforme-de-baloncesto-bc-0046', size: 'Youth Small' }"
uniforme-de-baloncesto-bc-0046,Basketball Uniform- BC-0046,Size,Youth Medium,"{ productHandle: 'uniforme-de-baloncesto-bc-0046', size: 'Youth Medium' }"
uniforme-de-baloncesto-bc-0046,Basketball Uniform- BC-0046,Size,Youth Large,"{ productHandle: 'uniforme-de-baloncesto-bc-0046', size: 'Youth Large' }"
uniforme-de-baloncesto-bc-0046,Basketball Uniform- BC-0046,Size,Adult X-Small,"{ productHandle: 'uniforme-de-baloncesto-bc-0046', size: 'Adult X-Small' }"
uniforme-de-baloncesto-bc-0046,Basketball Uniform- BC-0046,Size,Adult Small,"{ productHandle: 'uniforme-de-baloncesto-bc-0046', size: 'Adult Small' }"
uniforme-de-baloncesto-bc-0046,Basketball Uniform- BC-0046,Size,Adult Medium,"{ productHandle: 'uniforme-de-baloncesto-bc-0046', size: 'Adult Medium' }"
uniforme-de-baloncesto-bc-0046,Basketball Uniform- BC-0046,Size,Adult Large,"{ productHandle: 'uniforme-de-baloncesto-bc-0046', size: 'Adult Large' }"
uniforme-de-baloncesto-bc-0046,Basketball Uniform- BC-0046,Size,Adult X-Large,"{ productHandle: 'uniforme-de-baloncesto-bc-0046', size: 'Adult X-Large' }"
uniforme-de-baloncesto-bc-0046,Basketball Uniform- BC-0046,Size,Adult 2XL,"{ productHandle: 'uniforme-de-baloncesto-bc-0046', size: 'Adult 2XL' }"
uniforme-de-baloncesto-bc-0046,Basketball Uniform- BC-0046,Size,Adult 3XL,"{ productHandle: 'uniforme-de-baloncesto-bc-0046', size: 'Adult 3XL' }"
uniforme-de-baloncesto-bc-0045,Basketball Uniform- BC-0045,Size,Youth Small,"{ productHandle: 'uniforme-de-baloncesto-bc-0045', size: 'Youth Small' }"
uniforme-de-baloncesto-bc-0045,Basketball Uniform- BC-0045,Size,Youth Medium,"{ productHandle: 'uniforme-de-baloncesto-bc-0045', size: 'Youth Medium' }"
uniforme-de-baloncesto-bc-0045,Basketball Uniform- BC-0045,Size,Youth Large,"{ productHandle: 'uniforme-de-baloncesto-bc-0045', size: 'Youth Large' }"
uniforme-de-baloncesto-bc-0045,Basketball Uniform- BC-0045,Size,Adult X-Small,"{ productHandle: 'uniforme-de-baloncesto-bc-0045', size: 'Adult X-Small' }"
uniforme-de-baloncesto-bc-0045,Basketball Uniform- BC-0045,Size,Adult Small,"{ productHandle: 'uniforme-de-baloncesto-bc-0045', size: 'Adult Small' }"
uniforme-de-baloncesto-bc-0045,Basketball Uniform- BC-0045,Size,Adult Medium,"{ productHandle: 'uniforme-de-baloncesto-bc-0045', size: 'Adult Medium' }"
uniforme-de-baloncesto-bc-0045,Basketball Uniform- BC-0045,Size,Adult Large,"{ productHandle: 'uniforme-de-baloncesto-bc-0045', size: 'Adult Large' }"
uniforme-de-baloncesto-bc-0045,Basketball Uniform- BC-0045,Size,Adult X-Large,"{ productHandle: 'uniforme-de-baloncesto-bc-0045', size: 'Adult X-Large' }"
uniforme-de-baloncesto-bc-0045,Basketball Uniform- BC-0045,Size,Adult 2XL,"{ productHandle: 'uniforme-de-baloncesto-bc-0045', size: 'Adult 2XL' }"
uniforme-de-baloncesto-bc-0045,Basketball Uniform- BC-0045,Size,Adult 3XL,"{ productHandle: 'uniforme-de-baloncesto-bc-0045', size: 'Adult 3XL' }"
uniforme-de-baloncesto-bc-0044,Basketball Uniform- BC-0044,Size,Youth Small,"{ productHandle: 'uniforme-de-baloncesto-bc-0044', size: 'Youth Small' }"
uniforme-de-baloncesto-bc-0044,Basketball Uniform- BC-0044,Size,Youth Medium,"{ productHandle: 'uniforme-de-baloncesto-bc-0044', size: 'Youth Medium' }"
uniforme-de-baloncesto-bc-0044,Basketball Uniform- BC-0044,Size,Youth Large,"{ productHandle: 'uniforme-de-baloncesto-bc-0044', size: 'Youth Large' }"
uniforme-de-baloncesto-bc-0044,Basketball Uniform- BC-0044,Size,Adult X-Small,"{ productHandle: 'uniforme-de-baloncesto-bc-0044', size: 'Adult X-Small' }"
uniforme-de-baloncesto-bc-0044,Basketball Uniform- BC-0044,Size,Adult Small,"{ productHandle: 'uniforme-de-baloncesto-bc-0044', size: 'Adult Small' }"
uniforme-de-baloncesto-bc-0044,Basketball Uniform- BC-0044,Size,Adult Medium,"{ productHandle: 'uniforme-de-baloncesto-bc-0044', size: 'Adult Medium' }"
uniforme-de-baloncesto-bc-0044,Basketball Uniform- BC-0044,Size,Adult Large,"{ productHandle: 'uniforme-de-baloncesto-bc-0044', size: 'Adult Large' }"
uniforme-de-baloncesto-bc-0044,Basketball Uniform- BC-0044,Size,Adult X-Large,"{ productHandle: 'uniforme-de-baloncesto-bc-0044', size: 'Adult X-Large' }"
uniforme-de-baloncesto-bc-0044,Basketball Uniform- BC-0044,Size,Adult 2XL,"{ productHandle: 'uniforme-de-baloncesto-bc-0044', size: 'Adult 2XL' }"
uniforme-de-baloncesto-bc-0044,Basketball Uniform- BC-0044,Size,Adult 3XL,"{ productHandle: 'uniforme-de-baloncesto-bc-0044', size: 'Adult 3XL' }"
uniforme-de-baloncesto-bc-0043,Basketball Uniform- BC-0043,Size,Youth Small,"{ productHandle: 'uniforme-de-baloncesto-bc-0043', size: 'Youth Small' }"
uniforme-de-baloncesto-bc-0043,Basketball Uniform- BC-0043,Size,Youth Medium,"{ productHandle: 'uniforme-de-baloncesto-bc-0043', size: 'Youth Medium' }"
uniforme-de-baloncesto-bc-0043,Basketball Uniform- BC-0043,Size,Youth Large,"{ productHandle: 'uniforme-de-baloncesto-bc-0043', size: 'Youth Large' }"
uniforme-de-baloncesto-bc-0043,Basketball Uniform- BC-0043,Size,Adult X-Small,"{ productHandle: 'uniforme-de-baloncesto-bc-0043', size: 'Adult X-Small' }"
uniforme-de-baloncesto-bc-0043,Basketball Uniform- BC-0043,Size,Adult Small,"{ productHandle: 'uniforme-de-baloncesto-bc-0043', size: 'Adult Small' }"
uniforme-de-baloncesto-bc-0043,Basketball Uniform- BC-0043,Size,Adult Medium,"{ productHandle: 'uniforme-de-baloncesto-bc-0043', size: 'Adult Medium' }"
uniforme-de-baloncesto-bc-0043,Basketball Uniform- BC-0043,Size,Adult Large,"{ productHandle: 'uniforme-de-baloncesto-bc-0043', size: 'Adult Large' }"
uniforme-de-baloncesto-bc-0043,Basketball Uniform- BC-0043,Size,Adult X-Large,"{ productHandle: 'uniforme-de-baloncesto-bc-0043', size: 'Adult X-Large' }"
uniforme-de-baloncesto-bc-0043,Basketball Uniform- BC-0043,Size,Adult 2XL,"{ productHandle: 'uniforme-de-baloncesto-bc-0043', size: 'Adult 2XL' }"
uniforme-de-baloncesto-bc-0043,Basketball Uniform- BC-0043,Size,Adult 3XL,"{ productHandle: 'uniforme-de-baloncesto-bc-0043', size: 'Adult 3XL' }"
uniforme-de-baloncesto-bc-0042,Basketball Uniform- BC-0042,Size,Youth Small,"{ productHandle: 'uniforme-de-baloncesto-bc-0042', size: 'Youth Small' }"
uniforme-de-baloncesto-bc-0042,Basketball Uniform- BC-0042,Size,Youth Medium,"{ productHandle: 'uniforme-de-baloncesto-bc-0042', size: 'Youth Medium' }"
uniforme-de-baloncesto-bc-0042,Basketball Uniform- BC-0042,Size,Youth Large,"{ productHandle: 'uniforme-de-baloncesto-bc-0042', size: 'Youth Large' }"
uniforme-de-baloncesto-bc-0042,Basketball Uniform- BC-0042,Size,Adult X-Small,"{ productHandle: 'uniforme-de-baloncesto-bc-0042', size: 'Adult X-Small' }"
uniforme-de-baloncesto-bc-0042,Basketball Uniform- BC-0042,Size,Adult Small,"{ productHandle: 'uniforme-de-baloncesto-bc-0042', size: 'Adult Small' }"
uniforme-de-baloncesto-bc-0042,Basketball Uniform- BC-0042,Size,Adult Medium,"{ productHandle: 'uniforme-de-baloncesto-bc-0042', size: 'Adult Medium' }"
uniforme-de-baloncesto-bc-0042,Basketball Uniform- BC-0042,Size,Adult Large,"{ productHandle: 'uniforme-de-baloncesto-bc-0042', size: 'Adult Large' }"
uniforme-de-baloncesto-bc-0042,Basketball Uniform- BC-0042,Size,Adult X-Large,"{ productHandle: 'uniforme-de-baloncesto-bc-0042', size: 'Adult X-Large' }"
uniforme-de-baloncesto-bc-0042,Basketball Uniform- BC-0042,Size,Adult 2XL,"{ productHandle: 'uniforme-de-baloncesto-bc-0042', size: 'Adult 2XL' }"
uniforme-de-baloncesto-bc-0042,Basketball Uniform- BC-0042,Size,Adult 3XL,"{ productHandle: 'uniforme-de-baloncesto-bc-0042', size: 'Adult 3XL' }"
basketball-uniforms-bc-1015,Basketball Uniforms- BC-1015,Size,Youth Small,"{ productHandle: 'basketball-uniforms-bc-1015', size: 'Youth Small' }"
basketball-uniforms-bc-1015,Basketball Uniforms- BC-1015,Size,Youth Medium,"{ productHandle: 'basketball-uniforms-bc-1015', size: 'Youth Medium' }"
basketball-uniforms-bc-1015,Basketball Uniforms- BC-1015,Size,Youth Large,"{ productHandle: 'basketball-uniforms-bc-1015', size: 'Youth Large' }"
basketball-uniforms-bc-1015,Basketball Uniforms- BC-1015,Size,Adult X-Small,"{ productHandle: 'basketball-uniforms-bc-1015', size: 'Adult X-Small' }"
basketball-uniforms-bc-1015,Basketball Uniforms- BC-1015,Size,Adult Small,"{ productHandle: 'basketball-uniforms-bc-1015', size: 'Adult Small' }"
basketball-uniforms-bc-1015,Basketball Uniforms- BC-1015,Size,Adult Medium,"{ productHandle: 'basketball-uniforms-bc-1015', size: 'Adult Medium' }"
basketball-uniforms-bc-1015,Basketball Uniforms- BC-1015,Size,Adult Large,"{ productHandle: 'basketball-uniforms-bc-1015', size: 'Adult Large' }"
basketball-uniforms-bc-1015,Basketball Uniforms- BC-1015,Size,Adult X-Large,"{ productHandle: 'basketball-uniforms-bc-1015', size: 'Adult X-Large' }"
basketball-uniforms-bc-1015,Basketball Uniforms- BC-1015,Size,Adult 2XL,"{ productHandle: 'basketball-uniforms-bc-1015', size: 'Adult 2XL' }"
basketball-uniforms-bc-1015,Basketball Uniforms- BC-1015,Size,Adult 3XL,"{ productHandle: 'basketball-uniforms-bc-1015', size: 'Adult 3XL' }"
futbol-bc-1006,Football- BC-1006,Size,Youth Small,"{ productHandle: 'futbol-bc-1006', size: 'Youth Small' }"
futbol-bc-1006,Football- BC-1006,Size,Youth Medium,"{ productHandle: 'futbol-bc-1006', size: 'Youth Medium' }"
futbol-bc-1006,Football- BC-1006,Size,Youth Large,"{ productHandle: 'futbol-bc-1006', size: 'Youth Large' }"
futbol-bc-1006,Football- BC-1006,Size,Adult X-Small,"{ productHandle: 'futbol-bc-1006', size: 'Adult X-Small' }"
futbol-bc-1006,Football- BC-1006,Size,Adult Small,"{ productHandle: 'futbol-bc-1006', size: 'Adult Small' }"
futbol-bc-1006,Football- BC-1006,Size,Adult Medium,"{ productHandle: 'futbol-bc-1006', size: 'Adult Medium' }"
futbol-bc-1006,Football- BC-1006,Size,Adult Large,"{ productHandle: 'futbol-bc-1006', size: 'Adult Large' }"
futbol-bc-1006,Football- BC-1006,Size,Adult X-Large,"{ productHandle: 'futbol-bc-1006', size: 'Adult X-Large' }"
futbol-bc-1006,Football- BC-1006,Size,Adult 2XL,"{ productHandle: 'futbol-bc-1006', size: 'Adult 2XL' }"
futbol-bc-1006,Football- BC-1006,Size,Adult 3XL,"{ productHandle: 'futbol-bc-1006', size: 'Adult 3XL' }"
futbol-bc-1001,Football- BC-1001,Size,Youth Small,"{ productHandle: 'futbol-bc-1001', size: 'Youth Small' }"
futbol-bc-1001,Football- BC-1001,Size,Youth Medium,"{ productHandle: 'futbol-bc-1001', size: 'Youth Medium' }"
futbol-bc-1001,Football- BC-1001,Size,Youth Large,"{ productHandle: 'futbol-bc-1001', size: 'Youth Large' }"
futbol-bc-1001,Football- BC-1001,Size,Adult X-Small,"{ productHandle: 'futbol-bc-1001', size: 'Adult X-Small' }"
futbol-bc-1001,Football- BC-1001,Size,Adult Small,"{ productHandle: 'futbol-bc-1001', size: 'Adult Small' }"
futbol-bc-1001,Football- BC-1001,Size,Adult Medium,"{ productHandle: 'futbol-bc-1001', size: 'Adult Medium' }"
futbol-bc-1001,Football- BC-1001,Size,Adult Large,"{ productHandle: 'futbol-bc-1001', size: 'Adult Large' }"
futbol-bc-1001,Football- BC-1001,Size,Adult X-Large,"{ productHandle: 'futbol-bc-1001', size: 'Adult X-Large' }"
futbol-bc-1001,Football- BC-1001,Size,Adult 2XL,"{ productHandle: 'futbol-bc-1001', size: 'Adult 2XL' }"
futbol-bc-1001,Football- BC-1001,Size,Adult 3XL,"{ productHandle: 'futbol-bc-1001', size: 'Adult 3XL' }"
futbol-bc-1000,Football- BC-1000,Size,Youth Small,"{ productHandle: 'futbol-bc-1000', size: 'Youth Small' }"
futbol-bc-1000,Football- BC-1000,Size,Youth Medium,"{ productHandle: 'futbol-bc-1000', size: 'Youth Medium' }"
futbol-bc-1000,Football- BC-1000,Size,Youth Large,"{ productHandle: 'futbol-bc-1000', size: 'Youth Large' }"
futbol-bc-1000,Football- BC-1000,Size,Adult X-Small,"{ productHandle: 'futbol-bc-1000', size: 'Adult X-Small' }"
futbol-bc-1000,Football- BC-1000,Size,Adult Small,"{ productHandle: 'futbol-bc-1000', size: 'Adult Small' }"
futbol-bc-1000,Football- BC-1000,Size,Adult Medium,"{ productHandle: 'futbol-bc-1000', size: 'Adult Medium' }"
futbol-bc-1000,Football- BC-1000,Size,Adult Large,"{ productHandle: 'futbol-bc-1000', size: 'Adult Large' }"
futbol-bc-1000,Football- BC-1000,Size,Adult X-Large,"{ productHandle: 'futbol-bc-1000', size: 'Adult X-Large' }"
futbol-bc-1000,Football- BC-1000,Size,Adult 2XL,"{ productHandle: 'futbol-bc-1000', size: 'Adult 2XL' }"
futbol-bc-1000,Football- BC-1000,Size,Adult 3XL,"{ productHandle: 'futbol-bc-1000', size: 'Adult 3XL' }"
futbol-bc-1002,Football- BC-1002,Size,Youth Small,"{ productHandle: 'futbol-bc-1002', size: 'Youth Small' }"
futbol-bc-1002,Football- BC-1002,Size,Youth Medium,"{ productHandle: 'futbol-bc-1002', size: 'Youth Medium' }"
futbol-bc-1002,Football- BC-1002,Size,Youth Large,"{ productHandle: 'futbol-bc-1002', size: 'Youth Large' }"
futbol-bc-1002,Football- BC-1002,Size,Adult X-Small,"{ productHandle: 'futbol-bc-1002', size: 'Adult X-Small' }"
futbol-bc-1002,Football- BC-1002,Size,Adult Small,"{ productHandle: 'futbol-bc-1002', size: 'Adult Small' }"
futbol-bc-1002,Football- BC-1002,Size,Adult Medium,"{ productHandle: 'futbol-bc-1002', size: 'Adult Medium' }"
futbol-bc-1002,Football- BC-1002,Size,Adult Large,"{ productHandle: 'futbol-bc-1002', size: 'Adult Large' }"
futbol-bc-1002,Football- BC-1002,Size,Adult X-Large,"{ productHandle: 'futbol-bc-1002', size: 'Adult X-Large' }"
futbol-bc-1002,Football- BC-1002,Size,Adult 2XL,"{ productHandle: 'futbol-bc-1002', size: 'Adult 2XL' }"
futbol-bc-1002,Football- BC-1002,Size,Adult 3XL,"{ productHandle: 'futbol-bc-1002', size: 'Adult 3XL' }"
futbol-bc-1003,Football- BC-1003,Size,Youth Small,"{ productHandle: 'futbol-bc-1003', size: 'Youth Small' }"
futbol-bc-1003,Football- BC-1003,Size,Youth Medium,"{ productHandle: 'futbol-bc-1003', size: 'Youth Medium' }"
futbol-bc-1003,Football- BC-1003,Size,Youth Large,"{ productHandle: 'futbol-bc-1003', size: 'Youth Large' }"
futbol-bc-1003,Football- BC-1003,Size,Adult X-Small,"{ productHandle: 'futbol-bc-1003', size: 'Adult X-Small' }"
futbol-bc-1003,Football- BC-1003,Size,Adult Small,"{ productHandle: 'futbol-bc-1003', size: 'Adult Small' }"
futbol-bc-1003,Football- BC-1003,Size,Adult Medium,"{ productHandle: 'futbol-bc-1003', size: 'Adult Medium' }"
futbol-bc-1003,Football- BC-1003,Size,Adult Large,"{ productHandle: 'futbol-bc-1003', size: 'Adult Large' }"
futbol-bc-1003,Football- BC-1003,Size,Adult X-Large,"{ productHandle: 'futbol-bc-1003', size: 'Adult X-Large' }"
futbol-bc-1003,Football- BC-1003,Size,Adult 2XL,"{ productHandle: 'futbol-bc-1003', size: 'Adult 2XL' }"
futbol-bc-1003,Football- BC-1003,Size,Adult 3XL,"{ productHandle: 'futbol-bc-1003', size: 'Adult 3XL' }"
futbol-bc-1004,Football- BC-1004,Size,Youth Small,"{ productHandle: 'futbol-bc-1004', size: 'Youth Small' }"
futbol-bc-1004,Football- BC-1004,Size,Youth Medium,"{ productHandle: 'futbol-bc-1004', size: 'Youth Medium' }"
futbol-bc-1004,Football- BC-1004,Size,Youth Large,"{ productHandle: 'futbol-bc-1004', size: 'Youth Large' }"
futbol-bc-1004,Football- BC-1004,Size,Adult X-Small,"{ productHandle: 'futbol-bc-1004', size: 'Adult X-Small' }"
futbol-bc-1004,Football- BC-1004,Size,Adult Small,"{ productHandle: 'futbol-bc-1004', size: 'Adult Small' }"
futbol-bc-1004,Football- BC-1004,Size,Adult Medium,"{ productHandle: 'futbol-bc-1004', size: 'Adult Medium' }"
futbol-bc-1004,Football- BC-1004,Size,Adult Large,"{ productHandle: 'futbol-bc-1004', size: 'Adult Large' }"
futbol-bc-1004,Football- BC-1004,Size,Adult X-Large,"{ productHandle: 'futbol-bc-1004', size: 'Adult X-Large' }"
futbol-bc-1004,Football- BC-1004,Size,Adult 2XL,"{ productHandle: 'futbol-bc-1004', size: 'Adult 2XL' }"
futbol-bc-1004,Football- BC-1004,Size,Adult 3XL,"{ productHandle: 'futbol-bc-1004', size: 'Adult 3XL' }"
futbol-bc-1005,Football- BC-1005,Size,Youth Small,"{ productHandle: 'futbol-bc-1005', size: 'Youth Small' }"
futbol-bc-1005,Football- BC-1005,Size,Youth Medium,"{ productHandle: 'futbol-bc-1005', size: 'Youth Medium' }"
futbol-bc-1005,Football- BC-1005,Size,Youth Large,"{ productHandle: 'futbol-bc-1005', size: 'Youth Large' }"
futbol-bc-1005,Football- BC-1005,Size,Adult X-Small,"{ productHandle: 'futbol-bc-1005', size: 'Adult X-Small' }"
futbol-bc-1005,Football- BC-1005,Size,Adult Small,"{ productHandle: 'futbol-bc-1005', size: 'Adult Small' }"
futbol-bc-1005,Football- BC-1005,Size,Adult Medium,"{ productHandle: 'futbol-bc-1005', size: 'Adult Medium' }"
futbol-bc-1005,Football- BC-1005,Size,Adult Large,"{ productHandle: 'futbol-bc-1005', size: 'Adult Large' }"
futbol-bc-1005,Football- BC-1005,Size,Adult X-Large,"{ productHandle: 'futbol-bc-1005', size: 'Adult X-Large' }"
futbol-bc-1005,Football- BC-1005,Size,Adult 2XL,"{ productHandle: 'futbol-bc-1005', size: 'Adult 2XL' }"
futbol-bc-1005,Football- BC-1005,Size,Adult 3XL,"{ productHandle: 'futbol-bc-1005', size: 'Adult 3XL' }"
futbol-bc-1007,Football- BC-1007,Size,Youth Small,"{ productHandle: 'futbol-bc-1007', size: 'Youth Small' }"
futbol-bc-1007,Football- BC-1007,Size,Youth Medium,"{ productHandle: 'futbol-bc-1007', size: 'Youth Medium' }"
futbol-bc-1007,Football- BC-1007,Size,Youth Large,"{ productHandle: 'futbol-bc-1007', size: 'Youth Large' }"
futbol-bc-1007,Football- BC-1007,Size,Adult X-Small,"{ productHandle: 'futbol-bc-1007', size: 'Adult X-Small' }"
futbol-bc-1007,Football- BC-1007,Size,Adult Small,"{ productHandle: 'futbol-bc-1007', size: 'Adult Small' }"
futbol-bc-1007,Football- BC-1007,Size,Adult Medium,"{ productHandle: 'futbol-bc-1007', size: 'Adult Medium' }"
futbol-bc-1007,Football- BC-1007,Size,Adult Large,"{ productHandle: 'futbol-bc-1007', size: 'Adult Large' }"
futbol-bc-1007,Football- BC-1007,Size,Adult X-Large,"{ productHandle: 'futbol-bc-1007', size: 'Adult X-Large' }"
futbol-bc-1007,Football- BC-1007,Size,Adult 2XL,"{ productHandle: 'futbol-bc-1007', size: 'Adult 2XL' }"
futbol-bc-1007,Football- BC-1007,Size,Adult 3XL,"{ productHandle: 'futbol-bc-1007', size: 'Adult 3XL' }"
futbol-bc-1008,Football- BC-1008,Size,Youth Small,"{ productHandle: 'futbol-bc-1008', size: 'Youth Small' }"
futbol-bc-1008,Football- BC-1008,Size,Youth Medium,"{ productHandle: 'futbol-bc-1008', size: 'Youth Medium' }"
futbol-bc-1008,Football- BC-1008,Size,Youth Large,"{ productHandle: 'futbol-bc-1008', size: 'Youth Large' }"
futbol-bc-1008,Football- BC-1008,Size,Adult X-Small,"{ productHandle: 'futbol-bc-1008', size: 'Adult X-Small' }"
futbol-bc-1008,Football- BC-1008,Size,Adult Small,"{ productHandle: 'futbol-bc-1008', size: 'Adult Small' }"
futbol-bc-1008,Football- BC-1008,Size,Adult Medium,"{ productHandle: 'futbol-bc-1008', size: 'Adult Medium' }"
futbol-bc-1008,Football- BC-1008,Size,Adult Large,"{ productHandle: 'futbol-bc-1008', size: 'Adult Large' }"
futbol-bc-1008,Football- BC-1008,Size,Adult X-Large,"{ productHandle: 'futbol-bc-1008', size: 'Adult X-Large' }"
futbol-bc-1008,Football- BC-1008,Size,Adult 2XL,"{ productHandle: 'futbol-bc-1008', size: 'Adult 2XL' }"
futbol-bc-1008,Football- BC-1008,Size,Adult 3XL,"{ productHandle: 'futbol-bc-1008', size: 'Adult 3XL' }"
football-bc-1009,Football- BC-1009,Size,Youth Small,"{ productHandle: 'football-bc-1009', size: 'Youth Small' }"
football-bc-1009,Football- BC-1009,Size,Youth Medium,"{ productHandle: 'football-bc-1009', size: 'Youth Medium' }"
football-bc-1009,Football- BC-1009,Size,Youth Large,"{ productHandle: 'football-bc-1009', size: 'Youth Large' }"
football-bc-1009,Football- BC-1009,Size,Adult X-Small,"{ productHandle: 'football-bc-1009', size: 'Adult X-Small' }"
football-bc-1009,Football- BC-1009,Size,Adult Small,"{ productHandle: 'football-bc-1009', size: 'Adult Small' }"
football-bc-1009,Football- BC-1009,Size,Adult Medium,"{ productHandle: 'football-bc-1009', size: 'Adult Medium' }"
football-bc-1009,Football- BC-1009,Size,Adult Large,"{ productHandle: 'football-bc-1009', size: 'Adult Large' }"
football-bc-1009,Football- BC-1009,Size,Adult X-Large,"{ productHandle: 'football-bc-1009', size: 'Adult X-Large' }"
football-bc-1009,Football- BC-1009,Size,Adult 2XL,"{ productHandle: 'football-bc-1009', size: 'Adult 2XL' }"
football-bc-1009,Football- BC-1009,Size,Adult 3XL,"{ productHandle: 'football-bc-1009', size: 'Adult 3XL' }"
futbol-bc-1010,Football- BC-1010,Size,Youth Small,"{ productHandle: 'futbol-bc-1010', size: 'Youth Small' }"
futbol-bc-1010,Football- BC-1010,Size,Youth Medium,"{ productHandle: 'futbol-bc-1010', size: 'Youth Medium' }"
futbol-bc-1010,Football- BC-1010,Size,Youth Large,"{ productHandle: 'futbol-bc-1010', size: 'Youth Large' }"
futbol-bc-1010,Football- BC-1010,Size,Adult X-Small,"{ productHandle: 'futbol-bc-1010', size: 'Adult X-Small' }"
futbol-bc-1010,Football- BC-1010,Size,Adult Small,"{ productHandle: 'futbol-bc-1010', size: 'Adult Small' }"
futbol-bc-1010,Football- BC-1010,Size,Adult Medium,"{ productHandle: 'futbol-bc-1010', size: 'Adult Medium' }"
futbol-bc-1010,Football- BC-1010,Size,Adult Large,"{ productHandle: 'futbol-bc-1010', size: 'Adult Large' }"
futbol-bc-1010,Football- BC-1010,Size,Adult X-Large,"{ productHandle: 'futbol-bc-1010', size: 'Adult X-Large' }"
futbol-bc-1010,Football- BC-1010,Size,Adult 2XL,"{ productHandle: 'futbol-bc-1010', size: 'Adult 2XL' }"
futbol-bc-1010,Football- BC-1010,Size,Adult 3XL,"{ productHandle: 'futbol-bc-1010', size: 'Adult 3XL' }"
futbol-bc-1011,Football- BC-1011,Size,Youth Small,"{ productHandle: 'futbol-bc-1011', size: 'Youth Small' }"
futbol-bc-1011,Football- BC-1011,Size,Youth Medium,"{ productHandle: 'futbol-bc-1011', size: 'Youth Medium' }"
futbol-bc-1011,Football- BC-1011,Size,Youth Large,"{ productHandle: 'futbol-bc-1011', size: 'Youth Large' }"
futbol-bc-1011,Football- BC-1011,Size,Adult X-Small,"{ productHandle: 'futbol-bc-1011', size: 'Adult X-Small' }"
futbol-bc-1011,Football- BC-1011,Size,Adult Small,"{ productHandle: 'futbol-bc-1011', size: 'Adult Small' }"
futbol-bc-1011,Football- BC-1011,Size,Adult Medium,"{ productHandle: 'futbol-bc-1011', size: 'Adult Medium' }"
futbol-bc-1011,Football- BC-1011,Size,Adult Large,"{ productHandle: 'futbol-bc-1011', size: 'Adult Large' }"
futbol-bc-1011,Football- BC-1011,Size,Adult X-Large,"{ productHandle: 'futbol-bc-1011', size: 'Adult X-Large' }"
futbol-bc-1011,Football- BC-1011,Size,Adult 2XL,"{ productHandle: 'futbol-bc-1011', size: 'Adult 2XL' }"
futbol-bc-1011,Football- BC-1011,Size,Adult 3XL,"{ productHandle: 'futbol-bc-1011', size: 'Adult 3XL' }"
futbol-bc-1012,Football- BC-1012,Size,Youth Small,"{ productHandle: 'futbol-bc-1012', size: 'Youth Small' }"
futbol-bc-1012,Football- BC-1012,Size,Youth Medium,"{ productHandle: 'futbol-bc-1012', size: 'Youth Medium' }"
futbol-bc-1012,Football- BC-1012,Size,Youth Large,"{ productHandle: 'futbol-bc-1012', size: 'Youth Large' }"
futbol-bc-1012,Football- BC-1012,Size,Adult X-Small,"{ productHandle: 'futbol-bc-1012', size: 'Adult X-Small' }"
futbol-bc-1012,Football- BC-1012,Size,Adult Small,"{ productHandle: 'futbol-bc-1012', size: 'Adult Small' }"
futbol-bc-1012,Football- BC-1012,Size,Adult Medium,"{ productHandle: 'futbol-bc-1012', size: 'Adult Medium' }"
futbol-bc-1012,Football- BC-1012,Size,Adult Large,"{ productHandle: 'futbol-bc-1012', size: 'Adult Large' }"
futbol-bc-1012,Football- BC-1012,Size,Adult X-Large,"{ productHandle: 'futbol-bc-1012', size: 'Adult X-Large' }"
futbol-bc-1012,Football- BC-1012,Size,Adult 2XL,"{ productHandle: 'futbol-bc-1012', size: 'Adult 2XL' }"
futbol-bc-1012,Football- BC-1012,Size,Adult 3XL,"{ productHandle: 'futbol-bc-1012', size: 'Adult 3XL' }"
futbol-bc-1013,Football- BC-1013,Size,Youth Small,"{ productHandle: 'futbol-bc-1013', size: 'Youth Small' }"
futbol-bc-1013,Football- BC-1013,Size,Youth Medium,"{ productHandle: 'futbol-bc-1013', size: 'Youth Medium' }"
futbol-bc-1013,Football- BC-1013,Size,Youth Large,"{ productHandle: 'futbol-bc-1013', size: 'Youth Large' }"
futbol-bc-1013,Football- BC-1013,Size,Adult X-Small,"{ productHandle: 'futbol-bc-1013', size: 'Adult X-Small' }"
futbol-bc-1013,Football- BC-1013,Size,Adult Small,"{ productHandle: 'futbol-bc-1013', size: 'Adult Small' }"
futbol-bc-1013,Football- BC-1013,Size,Adult Medium,"{ productHandle: 'futbol-bc-1013', size: 'Adult Medium' }"
futbol-bc-1013,Football- BC-1013,Size,Adult Large,"{ productHandle: 'futbol-bc-1013', size: 'Adult Large' }"
futbol-bc-1013,Football- BC-1013,Size,Adult X-Large,"{ productHandle: 'futbol-bc-1013', size: 'Adult X-Large' }"
futbol-bc-1013,Football- BC-1013,Size,Adult 2XL,"{ productHandle: 'futbol-bc-1013', size: 'Adult 2XL' }"
futbol-bc-1013,Football- BC-1013,Size,Adult 3XL,"{ productHandle: 'futbol-bc-1013', size: 'Adult 3XL' }"
futbol-bc-1014,Football- BC-1014,Size,Youth Small,"{ productHandle: 'futbol-bc-1014', size: 'Youth Small' }"
futbol-bc-1014,Football- BC-1014,Size,Youth Medium,"{ productHandle: 'futbol-bc-1014', size: 'Youth Medium' }"
futbol-bc-1014,Football- BC-1014,Size,Youth Large,"{ productHandle: 'futbol-bc-1014', size: 'Youth Large' }"
futbol-bc-1014,Football- BC-1014,Size,Adult X-Small,"{ productHandle: 'futbol-bc-1014', size: 'Adult X-Small' }"
futbol-bc-1014,Football- BC-1014,Size,Adult Small,"{ productHandle: 'futbol-bc-1014', size: 'Adult Small' }"
futbol-bc-1014,Football- BC-1014,Size,Adult Medium,"{ productHandle: 'futbol-bc-1014', size: 'Adult Medium' }"
futbol-bc-1014,Football- BC-1014,Size,Adult Large,"{ productHandle: 'futbol-bc-1014', size: 'Adult Large' }"
futbol-bc-1014,Football- BC-1014,Size,Adult X-Large,"{ productHandle: 'futbol-bc-1014', size: 'Adult X-Large' }"
futbol-bc-1014,Football- BC-1014,Size,Adult 2XL,"{ productHandle: 'futbol-bc-1014', size: 'Adult 2XL' }"
futbol-bc-1014,Football- BC-1014,Size,Adult 3XL,"{ productHandle: 'futbol-bc-1014', size: 'Adult 3XL' }"
futbol-bc-0009,Football- BC-0009,Size,Youth Small,"{ productHandle: 'futbol-bc-0009', size: 'Youth Small' }"
futbol-bc-0009,Football- BC-0009,Size,Youth Medium,"{ productHandle: 'futbol-bc-0009', size: 'Youth Medium' }"
futbol-bc-0009,Football- BC-0009,Size,Youth Large,"{ productHandle: 'futbol-bc-0009', size: 'Youth Large' }"
futbol-bc-0009,Football- BC-0009,Size,Adult X-Small,"{ productHandle: 'futbol-bc-0009', size: 'Adult X-Small' }"
futbol-bc-0009,Football- BC-0009,Size,Adult Small,"{ productHandle: 'futbol-bc-0009', size: 'Adult Small' }"
futbol-bc-0009,Football- BC-0009,Size,Adult Medium,"{ productHandle: 'futbol-bc-0009', size: 'Adult Medium' }"
futbol-bc-0009,Football- BC-0009,Size,Adult Large,"{ productHandle: 'futbol-bc-0009', size: 'Adult Large' }"
futbol-bc-0009,Football- BC-0009,Size,Adult X-Large,"{ productHandle: 'futbol-bc-0009', size: 'Adult X-Large' }"
futbol-bc-0009,Football- BC-0009,Size,Adult 2XL,"{ productHandle: 'futbol-bc-0009', size: 'Adult 2XL' }"
futbol-bc-0009,Football- BC-0009,Size,Adult 3XL,"{ productHandle: 'futbol-bc-0009', size: 'Adult 3XL' }"
futbol-bc-0008,Football- BC-0008,Size,Youth Small,"{ productHandle: 'futbol-bc-0008', size: 'Youth Small' }"
futbol-bc-0008,Football- BC-0008,Size,Youth Medium,"{ productHandle: 'futbol-bc-0008', size: 'Youth Medium' }"
futbol-bc-0008,Football- BC-0008,Size,Youth Large,"{ productHandle: 'futbol-bc-0008', size: 'Youth Large' }"
futbol-bc-0008,Football- BC-0008,Size,Adult X-Small,"{ productHandle: 'futbol-bc-0008', size: 'Adult X-Small' }"
futbol-bc-0008,Football- BC-0008,Size,Adult Small,"{ productHandle: 'futbol-bc-0008', size: 'Adult Small' }"
futbol-bc-0008,Football- BC-0008,Size,Adult Medium,"{ productHandle: 'futbol-bc-0008', size: 'Adult Medium' }"
futbol-bc-0008,Football- BC-0008,Size,Adult Large,"{ productHandle: 'futbol-bc-0008', size: 'Adult Large' }"
futbol-bc-0008,Football- BC-0008,Size,Adult X-Large,"{ productHandle: 'futbol-bc-0008', size: 'Adult X-Large' }"
futbol-bc-0008,Football- BC-0008,Size,Adult 2XL,"{ productHandle: 'futbol-bc-0008', size: 'Adult 2XL' }"
futbol-bc-0008,Football- BC-0008,Size,Adult 3XL,"{ productHandle: 'futbol-bc-0008', size: 'Adult 3XL' }"
futbol-bc-0007,Football- BC-0007,Size,Youth Small,"{ productHandle: 'futbol-bc-0007', size: 'Youth Small' }"
futbol-bc-0007,Football- BC-0007,Size,Youth Medium,"{ productHandle: 'futbol-bc-0007', size: 'Youth Medium' }"
futbol-bc-0007,Football- BC-0007,Size,Youth Large,"{ productHandle: 'futbol-bc-0007', size: 'Youth Large' }"
futbol-bc-0007,Football- BC-0007,Size,Adult X-Small,"{ productHandle: 'futbol-bc-0007', size: 'Adult X-Small' }"
futbol-bc-0007,Football- BC-0007,Size,Adult Small,"{ productHandle: 'futbol-bc-0007', size: 'Adult Small' }"
futbol-bc-0007,Football- BC-0007,Size,Adult Medium,"{ productHandle: 'futbol-bc-0007', size: 'Adult Medium' }"
futbol-bc-0007,Football- BC-0007,Size,Adult Large,"{ productHandle: 'futbol-bc-0007', size: 'Adult Large' }"
futbol-bc-0007,Football- BC-0007,Size,Adult X-Large,"{ productHandle: 'futbol-bc-0007', size: 'Adult X-Large' }"
futbol-bc-0007,Football- BC-0007,Size,Adult 2XL,"{ productHandle: 'futbol-bc-0007', size: 'Adult 2XL' }"
futbol-bc-0007,Football- BC-0007,Size,Adult 3XL,"{ productHandle: 'futbol-bc-0007', size: 'Adult 3XL' }"
futbol-bc-0006,Football- BC-0006,Size,Youth Small,"{ productHandle: 'futbol-bc-0006', size: 'Youth Small' }"
futbol-bc-0006,Football- BC-0006,Size,Youth Medium,"{ productHandle: 'futbol-bc-0006', size: 'Youth Medium' }"
futbol-bc-0006,Football- BC-0006,Size,Youth Large,"{ productHandle: 'futbol-bc-0006', size: 'Youth Large' }"
futbol-bc-0006,Football- BC-0006,Size,Adult X-Small,"{ productHandle: 'futbol-bc-0006', size: 'Adult X-Small' }"
futbol-bc-0006,Football- BC-0006,Size,Adult Small,"{ productHandle: 'futbol-bc-0006', size: 'Adult Small' }"
futbol-bc-0006,Football- BC-0006,Size,Adult Medium,"{ productHandle: 'futbol-bc-0006', size: 'Adult Medium' }"
futbol-bc-0006,Football- BC-0006,Size,Adult Large,"{ productHandle: 'futbol-bc-0006', size: 'Adult Large' }"
futbol-bc-0006,Football- BC-0006,Size,Adult X-Large,"{ productHandle: 'futbol-bc-0006', size: 'Adult X-Large' }"
futbol-bc-0006,Football- BC-0006,Size,Adult 2XL,"{ productHandle: 'futbol-bc-0006', size: 'Adult 2XL' }"
futbol-bc-0006,Football- BC-0006,Size,Adult 3XL,"{ productHandle: 'futbol-bc-0006', size: 'Adult 3XL' }"
futbol-bc-0001,Football- BC-0001,Size,Youth Small,"{ productHandle: 'futbol-bc-0001', size: 'Youth Small' }"
futbol-bc-0001,Football- BC-0001,Size,Youth Medium,"{ productHandle: 'futbol-bc-0001', size: 'Youth Medium' }"
futbol-bc-0001,Football- BC-0001,Size,Youth Large,"{ productHandle: 'futbol-bc-0001', size: 'Youth Large' }"
futbol-bc-0001,Football- BC-0001,Size,Adult X-Small,"{ productHandle: 'futbol-bc-0001', size: 'Adult X-Small' }"
futbol-bc-0001,Football- BC-0001,Size,Adult Small,"{ productHandle: 'futbol-bc-0001', size: 'Adult Small' }"
futbol-bc-0001,Football- BC-0001,Size,Adult Medium,"{ productHandle: 'futbol-bc-0001', size: 'Adult Medium' }"
futbol-bc-0001,Football- BC-0001,Size,Adult Large,"{ productHandle: 'futbol-bc-0001', size: 'Adult Large' }"
futbol-bc-0001,Football- BC-0001,Size,Adult X-Large,"{ productHandle: 'futbol-bc-0001', size: 'Adult X-Large' }"
futbol-bc-0001,Football- BC-0001,Size,Adult 2XL,"{ productHandle: 'futbol-bc-0001', size: 'Adult 2XL' }"
futbol-bc-0001,Football- BC-0001,Size,Adult 3XL,"{ productHandle: 'futbol-bc-0001', size: 'Adult 3XL' }"
uniformes-de-baloncesto-bc-1016,Basketball Uniforms- BC-1016,Size,Youth Small,"{ productHandle: 'uniformes-de-baloncesto-bc-1016', size: 'Youth Small' }"
uniformes-de-baloncesto-bc-1016,Basketball Uniforms- BC-1016,Size,Youth Medium,"{ productHandle: 'uniformes-de-baloncesto-bc-1016', size: 'Youth Medium' }"
uniformes-de-baloncesto-bc-1016,Basketball Uniforms- BC-1016,Size,Youth Large,"{ productHandle: 'uniformes-de-baloncesto-bc-1016', size: 'Youth Large' }"
uniformes-de-baloncesto-bc-1016,Basketball Uniforms- BC-1016,Size,Adult X-Small,"{ productHandle: 'uniformes-de-baloncesto-bc-1016', size: 'Adult X-Small' }"
uniformes-de-baloncesto-bc-1016,Basketball Uniforms- BC-1016,Size,Adult Small,"{ productHandle: 'uniformes-de-baloncesto-bc-1016', size: 'Adult Small' }"
uniformes-de-baloncesto-bc-1016,Basketball Uniforms- BC-1016,Size,Adult Medium,"{ productHandle: 'uniformes-de-baloncesto-bc-1016', size: 'Adult Medium' }"
uniformes-de-baloncesto-bc-1016,Basketball Uniforms- BC-1016,Size,Adult Large,"{ productHandle: 'uniformes-de-baloncesto-bc-1016', size: 'Adult Large' }"
uniformes-de-baloncesto-bc-1016,Basketball Uniforms- BC-1016,Size,Adult X-Large,"{ productHandle: 'uniformes-de-baloncesto-bc-1016', size: 'Adult X-Large' }"
uniformes-de-baloncesto-bc-1016,Basketball Uniforms- BC-1016,Size,Adult 2XL,"{ productHandle: 'uniformes-de-baloncesto-bc-1016', size: 'Adult 2XL' }"
uniformes-de-baloncesto-bc-1016,Basketball Uniforms- BC-1016,Size,Adult 3XL,"{ productHandle: 'uniformes-de-baloncesto-bc-1016', size: 'Adult 3XL' }"
uniformes-de-baloncesto-bc-1017,Basketball Uniforms- BC-1017,Size,Youth Small,"{ productHandle: 'uniformes-de-baloncesto-bc-1017', size: 'Youth Small' }"
uniformes-de-baloncesto-bc-1017,Basketball Uniforms- BC-1017,Size,Youth Medium,"{ productHandle: 'uniformes-de-baloncesto-bc-1017', size: 'Youth Medium' }"
uniformes-de-baloncesto-bc-1017,Basketball Uniforms- BC-1017,Size,Youth Large,"{ productHandle: 'uniformes-de-baloncesto-bc-1017', size: 'Youth Large' }"
uniformes-de-baloncesto-bc-1017,Basketball Uniforms- BC-1017,Size,Adult X-Small,"{ productHandle: 'uniformes-de-baloncesto-bc-1017', size: 'Adult X-Small' }"
uniformes-de-baloncesto-bc-1017,Basketball Uniforms- BC-1017,Size,Adult Small,"{ productHandle: 'uniformes-de-baloncesto-bc-1017', size: 'Adult Small' }"
uniformes-de-baloncesto-bc-1017,Basketball Uniforms- BC-1017,Size,Adult Medium,"{ productHandle: 'uniformes-de-baloncesto-bc-1017', size: 'Adult Medium' }"
uniformes-de-baloncesto-bc-1017,Basketball Uniforms- BC-1017,Size,Adult Large,"{ productHandle: 'uniformes-de-baloncesto-bc-1017', size: 'Adult Large' }"
uniformes-de-baloncesto-bc-1017,Basketball Uniforms- BC-1017,Size,Adult X-Large,"{ productHandle: 'uniformes-de-baloncesto-bc-1017', size: 'Adult X-Large' }"
uniformes-de-baloncesto-bc-1017,Basketball Uniforms- BC-1017,Size,Adult 2XL,"{ productHandle: 'uniformes-de-baloncesto-bc-1017', size: 'Adult 2XL' }"
uniformes-de-baloncesto-bc-1017,Basketball Uniforms- BC-1017,Size,Adult 3XL,"{ productHandle: 'uniformes-de-baloncesto-bc-1017', size: 'Adult 3XL' }"
uniforme-de-beisbol-bc-0027,Baseball Uniforms- BC-0027,Size,Youth Small,"{ productHandle: 'uniforme-de-beisbol-bc-0027', size: 'Youth Small' }"
uniforme-de-beisbol-bc-0027,Baseball Uniforms- BC-0027,Size,Youth Medium,"{ productHandle: 'uniforme-de-beisbol-bc-0027', size: 'Youth Medium' }"
uniforme-de-beisbol-bc-0027,Baseball Uniforms- BC-0027,Size,Youth Large,"{ productHandle: 'uniforme-de-beisbol-bc-0027', size: 'Youth Large' }"
uniforme-de-beisbol-bc-0027,Baseball Uniforms- BC-0027,Size,Adult X-Small,"{ productHandle: 'uniforme-de-beisbol-bc-0027', size: 'Adult X-Small' }"
uniforme-de-beisbol-bc-0027,Baseball Uniforms- BC-0027,Size,Adult Small,"{ productHandle: 'uniforme-de-beisbol-bc-0027', size: 'Adult Small' }"
uniforme-de-beisbol-bc-0027,Baseball Uniforms- BC-0027,Size,Adult Medium,"{ productHandle: 'uniforme-de-beisbol-bc-0027', size: 'Adult Medium' }"
uniforme-de-beisbol-bc-0027,Baseball Uniforms- BC-0027,Size,Adult Large,"{ productHandle: 'uniforme-de-beisbol-bc-0027', size: 'Adult Large' }"
uniforme-de-beisbol-bc-0027,Baseball Uniforms- BC-0027,Size,Adult X-Large,"{ productHandle: 'uniforme-de-beisbol-bc-0027', size: 'Adult X-Large' }"
uniforme-de-beisbol-bc-0027,Baseball Uniforms- BC-0027,Size,Adult 2XL,"{ productHandle: 'uniforme-de-beisbol-bc-0027', size: 'Adult 2XL' }"
uniforme-de-beisbol-bc-0027,Baseball Uniforms- BC-0027,Size,Adult 3XL,"{ productHandle: 'uniforme-de-beisbol-bc-0027', size: 'Adult 3XL' }"
uniforme-de-beisbol-bc-0018,Baseball Uniforms- BC-0018,Size,Youth Small,"{ productHandle: 'uniforme-de-beisbol-bc-0018', size: 'Youth Small' }"
uniforme-de-beisbol-bc-0018,Baseball Uniforms- BC-0018,Size,Youth Medium,"{ productHandle: 'uniforme-de-beisbol-bc-0018', size: 'Youth Medium' }"
uniforme-de-beisbol-bc-0018,Baseball Uniforms- BC-0018,Size,Youth Large,"{ productHandle: 'uniforme-de-beisbol-bc-0018', size: 'Youth Large' }"
uniforme-de-beisbol-bc-0018,Baseball Uniforms- BC-0018,Size,Adult X-Small,"{ productHandle: 'uniforme-de-beisbol-bc-0018', size: 'Adult X-Small' }"
uniforme-de-beisbol-bc-0018,Baseball Uniforms- BC-0018,Size,Adult Small,"{ productHandle: 'uniforme-de-beisbol-bc-0018', size: 'Adult Small' }"
uniforme-de-beisbol-bc-0018,Baseball Uniforms- BC-0018,Size,Adult Medium,"{ productHandle: 'uniforme-de-beisbol-bc-0018', size: 'Adult Medium' }"
uniforme-de-beisbol-bc-0018,Baseball Uniforms- BC-0018,Size,Adult Large,"{ productHandle: 'uniforme-de-beisbol-bc-0018', size: 'Adult Large' }"
uniforme-de-beisbol-bc-0018,Baseball Uniforms- BC-0018,Size,Adult X-Large,"{ productHandle: 'uniforme-de-beisbol-bc-0018', size: 'Adult X-Large' }"
uniforme-de-beisbol-bc-0018,Baseball Uniforms- BC-0018,Size,Adult 2XL,"{ productHandle: 'uniforme-de-beisbol-bc-0018', size: 'Adult 2XL' }"
uniforme-de-beisbol-bc-0018,Baseball Uniforms- BC-0018,Size,Adult 3XL,"{ productHandle: 'uniforme-de-beisbol-bc-0018', size: 'Adult 3XL' }"
uniforme-de-beisbol-bc-0017,Baseball Uniforms- BC-0017,Size,Youth Small,"{ productHandle: 'uniforme-de-beisbol-bc-0017', size: 'Youth Small' }"
uniforme-de-beisbol-bc-0017,Baseball Uniforms- BC-0017,Size,Youth Medium,"{ productHandle: 'uniforme-de-beisbol-bc-0017', size: 'Youth Medium' }"
uniforme-de-beisbol-bc-0017,Baseball Uniforms- BC-0017,Size,Youth Large,"{ productHandle: 'uniforme-de-beisbol-bc-0017', size: 'Youth Large' }"
uniforme-de-beisbol-bc-0017,Baseball Uniforms- BC-0017,Size,Adult X-Small,"{ productHandle: 'uniforme-de-beisbol-bc-0017', size: 'Adult X-Small' }"
uniforme-de-beisbol-bc-0017,Baseball Uniforms- BC-0017,Size,Adult Small,"{ productHandle: 'uniforme-de-beisbol-bc-0017', size: 'Adult Small' }"
uniforme-de-beisbol-bc-0017,Baseball Uniforms- BC-0017,Size,Adult Medium,"{ productHandle: 'uniforme-de-beisbol-bc-0017', size: 'Adult Medium' }"
uniforme-de-beisbol-bc-0017,Baseball Uniforms- BC-0017,Size,Adult Large,"{ productHandle: 'uniforme-de-beisbol-bc-0017', size: 'Adult Large' }"
uniforme-de-beisbol-bc-0017,Baseball Uniforms- BC-0017,Size,Adult X-Large,"{ productHandle: 'uniforme-de-beisbol-bc-0017', size: 'Adult X-Large' }"
uniforme-de-beisbol-bc-0017,Baseball Uniforms- BC-0017,Size,Adult 2XL,"{ productHandle: 'uniforme-de-beisbol-bc-0017', size: 'Adult 2XL' }"
uniforme-de-beisbol-bc-0017,Baseball Uniforms- BC-0017,Size,Adult 3XL,"{ productHandle: 'uniforme-de-beisbol-bc-0017', size: 'Adult 3XL' }"
uniforme-de-beisbol-bc-0016,Baseball Uniforms- BC-0016,Size,Youth Small,"{ productHandle: 'uniforme-de-beisbol-bc-0016', size: 'Youth Small' }"
uniforme-de-beisbol-bc-0016,Baseball Uniforms- BC-0016,Size,Youth Medium,"{ productHandle: 'uniforme-de-beisbol-bc-0016', size: 'Youth Medium' }"
uniforme-de-beisbol-bc-0016,Baseball Uniforms- BC-0016,Size,Youth Large,"{ productHandle: 'uniforme-de-beisbol-bc-0016', size: 'Youth Large' }"
uniforme-de-beisbol-bc-0016,Baseball Uniforms- BC-0016,Size,Adult X-Small,"{ productHandle: 'uniforme-de-beisbol-bc-0016', size: 'Adult X-Small' }"
uniforme-de-beisbol-bc-0016,Baseball Uniforms- BC-0016,Size,Adult Small,"{ productHandle: 'uniforme-de-beisbol-bc-0016', size: 'Adult Small' }"
uniforme-de-beisbol-bc-0016,Baseball Uniforms- BC-0016,Size,Adult Medium,"{ productHandle: 'uniforme-de-beisbol-bc-0016', size: 'Adult Medium' }"
uniforme-de-beisbol-bc-0016,Baseball Uniforms- BC-0016,Size,Adult Large,"{ productHandle: 'uniforme-de-beisbol-bc-0016', size: 'Adult Large' }"
uniforme-de-beisbol-bc-0016,Baseball Uniforms- BC-0016,Size,Adult X-Large,"{ productHandle: 'uniforme-de-beisbol-bc-0016', size: 'Adult X-Large' }"
uniforme-de-beisbol-bc-0016,Baseball Uniforms- BC-0016,Size,Adult 2XL,"{ productHandle: 'uniforme-de-beisbol-bc-0016', size: 'Adult 2XL' }"
uniforme-de-beisbol-bc-0016,Baseball Uniforms- BC-0016,Size,Adult 3XL,"{ productHandle: 'uniforme-de-beisbol-bc-0016', size: 'Adult 3XL' }"
uniforme-de-beisbol-bc-0014,Baseball Uniforms- BC-0014,Size,Youth Small,"{ productHandle: 'uniforme-de-beisbol-bc-0014', size: 'Youth Small' }"
uniforme-de-beisbol-bc-0014,Baseball Uniforms- BC-0014,Size,Youth Medium,"{ productHandle: 'uniforme-de-beisbol-bc-0014', size: 'Youth Medium' }"
uniforme-de-beisbol-bc-0014,Baseball Uniforms- BC-0014,Size,Youth Large,"{ productHandle: 'uniforme-de-beisbol-bc-0014', size: 'Youth Large' }"
uniforme-de-beisbol-bc-0014,Baseball Uniforms- BC-0014,Size,Adult X-Small,"{ productHandle: 'uniforme-de-beisbol-bc-0014', size: 'Adult X-Small' }"
uniforme-de-beisbol-bc-0014,Baseball Uniforms- BC-0014,Size,Adult Small,"{ productHandle: 'uniforme-de-beisbol-bc-0014', size: 'Adult Small' }"
uniforme-de-beisbol-bc-0014,Baseball Uniforms- BC-0014,Size,Adult Medium,"{ productHandle: 'uniforme-de-beisbol-bc-0014', size: 'Adult Medium' }"
uniforme-de-beisbol-bc-0014,Baseball Uniforms- BC-0014,Size,Adult Large,"{ productHandle: 'uniforme-de-beisbol-bc-0014', size: 'Adult Large' }"
uniforme-de-beisbol-bc-0014,Baseball Uniforms- BC-0014,Size,Adult X-Large,"{ productHandle: 'uniforme-de-beisbol-bc-0014', size: 'Adult X-Large' }"
uniforme-de-beisbol-bc-0014,Baseball Uniforms- BC-0014,Size,Adult 2XL,"{ productHandle: 'uniforme-de-beisbol-bc-0014', size: 'Adult 2XL' }"
uniforme-de-beisbol-bc-0014,Baseball Uniforms- BC-0014,Size,Adult 3XL,"{ productHandle: 'uniforme-de-beisbol-bc-0014', size: 'Adult 3XL' }"
uniforme-de-beisbol-bc-0013,Baseball Uniforms- BC-0013,Size,Youth Small,"{ productHandle: 'uniforme-de-beisbol-bc-0013', size: 'Youth Small' }"
uniforme-de-beisbol-bc-0013,Baseball Uniforms- BC-0013,Size,Youth Medium,"{ productHandle: 'uniforme-de-beisbol-bc-0013', size: 'Youth Medium' }"
uniforme-de-beisbol-bc-0013,Baseball Uniforms- BC-0013,Size,Youth Large,"{ productHandle: 'uniforme-de-beisbol-bc-0013', size: 'Youth Large' }"
uniforme-de-beisbol-bc-0013,Baseball Uniforms- BC-0013,Size,Adult X-Small,"{ productHandle: 'uniforme-de-beisbol-bc-0013', size: 'Adult X-Small' }"
uniforme-de-beisbol-bc-0013,Baseball Uniforms- BC-0013,Size,Adult Small,"{ productHandle: 'uniforme-de-beisbol-bc-0013', size: 'Adult Small' }"
uniforme-de-beisbol-bc-0013,Baseball Uniforms- BC-0013,Size,Adult Medium,"{ productHandle: 'uniforme-de-beisbol-bc-0013', size: 'Adult Medium' }"
uniforme-de-beisbol-bc-0013,Baseball Uniforms- BC-0013,Size,Adult Large,"{ productHandle: 'uniforme-de-beisbol-bc-0013', size: 'Adult Large' }"
uniforme-de-beisbol-bc-0013,Baseball Uniforms- BC-0013,Size,Adult X-Large,"{ productHandle: 'uniforme-de-beisbol-bc-0013', size: 'Adult X-Large' }"
uniforme-de-beisbol-bc-0013,Baseball Uniforms- BC-0013,Size,Adult 2XL,"{ productHandle: 'uniforme-de-beisbol-bc-0013', size: 'Adult 2XL' }"
uniforme-de-beisbol-bc-0013,Baseball Uniforms- BC-0013,Size,Adult 3XL,"{ productHandle: 'uniforme-de-beisbol-bc-0013', size: 'Adult 3XL' }"
uniforme-de-beisbol-bc-0012,Baseball Uniforms- BC-0012,Size,Youth Small,"{ productHandle: 'uniforme-de-beisbol-bc-0012', size: 'Youth Small' }"
uniforme-de-beisbol-bc-0012,Baseball Uniforms- BC-0012,Size,Youth Medium,"{ productHandle: 'uniforme-de-beisbol-bc-0012', size: 'Youth Medium' }"
uniforme-de-beisbol-bc-0012,Baseball Uniforms- BC-0012,Size,Youth Large,"{ productHandle: 'uniforme-de-beisbol-bc-0012', size: 'Youth Large' }"
uniforme-de-beisbol-bc-0012,Baseball Uniforms- BC-0012,Size,Adult X-Small,"{ productHandle: 'uniforme-de-beisbol-bc-0012', size: 'Adult X-Small' }"
uniforme-de-beisbol-bc-0012,Baseball Uniforms- BC-0012,Size,Adult Small,"{ productHandle: 'uniforme-de-beisbol-bc-0012', size: 'Adult Small' }"
uniforme-de-beisbol-bc-0012,Baseball Uniforms- BC-0012,Size,Adult Medium,"{ productHandle: 'uniforme-de-beisbol-bc-0012', size: 'Adult Medium' }"
uniforme-de-beisbol-bc-0012,Baseball Uniforms- BC-0012,Size,Adult Large,"{ productHandle: 'uniforme-de-beisbol-bc-0012', size: 'Adult Large' }"
uniforme-de-beisbol-bc-0012,Baseball Uniforms- BC-0012,Size,Adult X-Large,"{ productHandle: 'uniforme-de-beisbol-bc-0012', size: 'Adult X-Large' }"
uniforme-de-beisbol-bc-0012,Baseball Uniforms- BC-0012,Size,Adult 2XL,"{ productHandle: 'uniforme-de-beisbol-bc-0012', size: 'Adult 2XL' }"
uniforme-de-beisbol-bc-0012,Baseball Uniforms- BC-0012,Size,Adult 3XL,"{ productHandle: 'uniforme-de-beisbol-bc-0012', size: 'Adult 3XL' }"
uniforme-de-beisbol-bc-0011,Baseball Uniforms- BC-0011,Size,Youth Small,"{ productHandle: 'uniforme-de-beisbol-bc-0011', size: 'Youth Small' }"
uniforme-de-beisbol-bc-0011,Baseball Uniforms- BC-0011,Size,Youth Medium,"{ productHandle: 'uniforme-de-beisbol-bc-0011', size: 'Youth Medium' }"
uniforme-de-beisbol-bc-0011,Baseball Uniforms- BC-0011,Size,Youth Large,"{ productHandle: 'uniforme-de-beisbol-bc-0011', size: 'Youth Large' }"
uniforme-de-beisbol-bc-0011,Baseball Uniforms- BC-0011,Size,Adult X-Small,"{ productHandle: 'uniforme-de-beisbol-bc-0011', size: 'Adult X-Small' }"
uniforme-de-beisbol-bc-0011,Baseball Uniforms- BC-0011,Size,Adult Small,"{ productHandle: 'uniforme-de-beisbol-bc-0011', size: 'Adult Small' }"
uniforme-de-beisbol-bc-0011,Baseball Uniforms- BC-0011,Size,Adult Medium,"{ productHandle: 'uniforme-de-beisbol-bc-0011', size: 'Adult Medium' }"
uniforme-de-beisbol-bc-0011,Baseball Uniforms- BC-0011,Size,Adult Large,"{ productHandle: 'uniforme-de-beisbol-bc-0011', size: 'Adult Large' }"
uniforme-de-beisbol-bc-0011,Baseball Uniforms- BC-0011,Size,Adult X-Large,"{ productHandle: 'uniforme-de-beisbol-bc-0011', size: 'Adult X-Large' }"
uniforme-de-beisbol-bc-0011,Baseball Uniforms- BC-0011,Size,Adult 2XL,"{ productHandle: 'uniforme-de-beisbol-bc-0011', size: 'Adult 2XL' }"
uniforme-de-beisbol-bc-0011,Baseball Uniforms- BC-0011,Size,Adult 3XL,"{ productHandle: 'uniforme-de-beisbol-bc-0011', size: 'Adult 3XL' }"
uniforme-de-beisbol-bc-0010,Baseball Uniforms- BC-0010,Size,Youth Small,"{ productHandle: 'uniforme-de-beisbol-bc-0010', size: 'Youth Small' }"
uniforme-de-beisbol-bc-0010,Baseball Uniforms- BC-0010,Size,Youth Medium,"{ productHandle: 'uniforme-de-beisbol-bc-0010', size: 'Youth Medium' }"
uniforme-de-beisbol-bc-0010,Baseball Uniforms- BC-0010,Size,Youth Large,"{ productHandle: 'uniforme-de-beisbol-bc-0010', size: 'Youth Large' }"
uniforme-de-beisbol-bc-0010,Baseball Uniforms- BC-0010,Size,Adult X-Small,"{ productHandle: 'uniforme-de-beisbol-bc-0010', size: 'Adult X-Small' }"
uniforme-de-beisbol-bc-0010,Baseball Uniforms- BC-0010,Size,Adult Small,"{ productHandle: 'uniforme-de-beisbol-bc-0010', size: 'Adult Small' }"
uniforme-de-beisbol-bc-0010,Baseball Uniforms- BC-0010,Size,Adult Medium,"{ productHandle: 'uniforme-de-beisbol-bc-0010', size: 'Adult Medium' }"
uniforme-de-beisbol-bc-0010,Baseball Uniforms- BC-0010,Size,Adult Large,"{ productHandle: 'uniforme-de-beisbol-bc-0010', size: 'Adult Large' }"
uniforme-de-beisbol-bc-0010,Baseball Uniforms- BC-0010,Size,Adult X-Large,"{ productHandle: 'uniforme-de-beisbol-bc-0010', size: 'Adult X-Large' }"
uniforme-de-beisbol-bc-0010,Baseball Uniforms- BC-0010,Size,Adult 2XL,"{ productHandle: 'uniforme-de-beisbol-bc-0010', size: 'Adult 2XL' }"
uniforme-de-beisbol-bc-0010,Baseball Uniforms- BC-0010,Size,Adult 3XL,"{ productHandle: 'uniforme-de-beisbol-bc-0010', size: 'Adult 3XL' }"
ropa-de-patinaje-bc-0424,Skating Wears- BC-0424,Size,X-Small,"{ productHandle: 'ropa-de-patinaje-bc-0424', size: 'X-Small' }"
ropa-de-patinaje-bc-0424,Skating Wears- BC-0424,Size,Small,"{ productHandle: 'ropa-de-patinaje-bc-0424', size: 'Small' }"
ropa-de-patinaje-bc-0424,Skating Wears- BC-0424,Size,Medium,"{ productHandle: 'ropa-de-patinaje-bc-0424', size: 'Medium' }"
ropa-de-patinaje-bc-0424,Skating Wears- BC-0424,Size,Large,"{ productHandle: 'ropa-de-patinaje-bc-0424', size: 'Large' }"
ropa-de-patinaje-bc-0424,Skating Wears- BC-0424,Size,X-Large,"{ productHandle: 'ropa-de-patinaje-bc-0424', size: 'X-Large' }"
ropa-de-patinaje-bc-0424,Skating Wears- BC-0424,Size,2XL,"{ productHandle: 'ropa-de-patinaje-bc-0424', size: '2XL' }"
ropa-de-patinaje-bc-0422,Skating Wears- BC-0422,Size,X-Small,"{ productHandle: 'ropa-de-patinaje-bc-0422', size: 'X-Small' }"
ropa-de-patinaje-bc-0422,Skating Wears- BC-0422,Size,Small,"{ productHandle: 'ropa-de-patinaje-bc-0422', size: 'Small' }"
ropa-de-patinaje-bc-0422,Skating Wears- BC-0422,Size,Medium,"{ productHandle: 'ropa-de-patinaje-bc-0422', size: 'Medium' }"
ropa-de-patinaje-bc-0422,Skating Wears- BC-0422,Size,Large,"{ productHandle: 'ropa-de-patinaje-bc-0422', size: 'Large' }"
ropa-de-patinaje-bc-0422,Skating Wears- BC-0422,Size,X-Large,"{ productHandle: 'ropa-de-patinaje-bc-0422', size: 'X-Large' }"
ropa-de-patinaje-bc-0422,Skating Wears- BC-0422,Size,2XL,"{ productHandle: 'ropa-de-patinaje-bc-0422', size: '2XL' }"
ropa-de-patinaje-bc-0421,Skating Wears- BC-0421,Size,Youth Small,"{ productHandle: 'ropa-de-patinaje-bc-0421', size: 'Youth Small' }"
ropa-de-patinaje-bc-0421,Skating Wears- BC-0421,Size,Youth Medium,"{ productHandle: 'ropa-de-patinaje-bc-0421', size: 'Youth Medium' }"
ropa-de-patinaje-bc-0421,Skating Wears- BC-0421,Size,Youth Large,"{ productHandle: 'ropa-de-patinaje-bc-0421', size: 'Youth Large' }"
ropa-de-patinaje-bc-0421,Skating Wears- BC-0421,Size,Adult X-Small,"{ productHandle: 'ropa-de-patinaje-bc-0421', size: 'Adult X-Small' }"
ropa-de-patinaje-bc-0421,Skating Wears- BC-0421,Size,Adult Small,"{ productHandle: 'ropa-de-patinaje-bc-0421', size: 'Adult Small' }"
ropa-de-patinaje-bc-0421,Skating Wears- BC-0421,Size,Adult Medium,"{ productHandle: 'ropa-de-patinaje-bc-0421', size: 'Adult Medium' }"
ropa-de-patinaje-bc-0421,Skating Wears- BC-0421,Size,Adult Large,"{ productHandle: 'ropa-de-patinaje-bc-0421', size: 'Adult Large' }"
ropa-de-patinaje-bc-0421,Skating Wears- BC-0421,Size,Adult X-Large,"{ productHandle: 'ropa-de-patinaje-bc-0421', size: 'Adult X-Large' }"
ropa-de-patinaje-bc-0421,Skating Wears- BC-0421,Size,Adult 2XL,"{ productHandle: 'ropa-de-patinaje-bc-0421', size: 'Adult 2XL' }"
ropa-de-patinaje-bc-0421,Skating Wears- BC-0421,Size,Adult 3XL,"{ productHandle: 'ropa-de-patinaje-bc-0421', size: 'Adult 3XL' }"
ropa-de-patinaje-bc-0420,Skating Wears- BC-0420,Size,X-Small,"{ productHandle: 'ropa-de-patinaje-bc-0420', size: 'X-Small' }"
ropa-de-patinaje-bc-0420,Skating Wears- BC-0420,Size,Small,"{ productHandle: 'ropa-de-patinaje-bc-0420', size: 'Small' }"
ropa-de-patinaje-bc-0420,Skating Wears- BC-0420,Size,Medium,"{ productHandle: 'ropa-de-patinaje-bc-0420', size: 'Medium' }"
ropa-de-patinaje-bc-0420,Skating Wears- BC-0420,Size,Large,"{ productHandle: 'ropa-de-patinaje-bc-0420', size: 'Large' }"
ropa-de-patinaje-bc-0420,Skating Wears- BC-0420,Size,X-Large,"{ productHandle: 'ropa-de-patinaje-bc-0420', size: 'X-Large' }"
ropa-de-patinaje-bc-0420,Skating Wears- BC-0420,Size,2XL,"{ productHandle: 'ropa-de-patinaje-bc-0420', size: '2XL' }"
ropa-de-patinaje-bc-0419,Skating Wears- BC- 0419,Size,Small,"{ productHandle: 'ropa-de-patinaje-bc-0419', size: 'Small' }"
ropa-de-patinaje-bc-0419,Skating Wears- BC- 0419,Size,Medium,"{ productHandle: 'ropa-de-patinaje-bc-0419', size: 'Medium' }"
ropa-de-patinaje-bc-0419,Skating Wears- BC- 0419,Size,Large,"{ productHandle: 'ropa-de-patinaje-bc-0419', size: 'Large' }"
ropa-de-patinaje-bc-0419,Skating Wears- BC- 0419,Size,X-Large,"{ productHandle: 'ropa-de-patinaje-bc-0419', size: 'X-Large' }"
ropa-de-patinaje-bc-0419,Skating Wears- BC- 0419,Size,2XL,"{ productHandle: 'ropa-de-patinaje-bc-0419', size: '2XL' }"
ropa-de-patinaje-bc-0419,Skating Wears- BC- 0419,Size,3XL,"{ productHandle: 'ropa-de-patinaje-bc-0419', size: '3XL' }"
leggings-bc-0211,Leggings- BC- 0211,Size,X-Small,"{ productHandle: 'leggings-bc-0211', size: 'X-Small' }"
leggings-bc-0211,Leggings- BC- 0211,Size,Small,"{ productHandle: 'leggings-bc-0211', size: 'Small' }"
leggings-bc-0211,Leggings- BC- 0211,Size,Medium,"{ productHandle: 'leggings-bc-0211', size: 'Medium' }"
leggings-bc-0211,Leggings- BC- 0211,Size,Large,"{ productHandle: 'leggings-bc-0211', size: 'Large' }"
leggings-bc-0211,Leggings- BC- 0211,Size,X-Large,"{ productHandle: 'leggings-bc-0211', size: 'X-Large' }"
leggings-bc-0211,Leggings- BC- 0211,Size,2XL,"{ productHandle: 'leggings-bc-0211', size: '2XL' }"
leggings-bc-0212,Leggings- BC- 0212,Size,X-Small,"{ productHandle: 'leggings-bc-0212', size: 'X-Small' }"
leggings-bc-0212,Leggings- BC- 0212,Size,Small,"{ productHandle: 'leggings-bc-0212', size: 'Small' }"
leggings-bc-0212,Leggings- BC- 0212,Size,Medium,"{ productHandle: 'leggings-bc-0212', size: 'Medium' }"
leggings-bc-0212,Leggings- BC- 0212,Size,Large,"{ productHandle: 'leggings-bc-0212', size: 'Large' }"
leggings-bc-0212,Leggings- BC- 0212,Size,X-Large,"{ productHandle: 'leggings-bc-0212', size: 'X-Large' }"
leggings-bc-0212,Leggings- BC- 0212,Size,2XL,"{ productHandle: 'leggings-bc-0212', size: '2XL' }"
leggings-bc-0213,Leggings- BC- 0213,Size,X-Small,"{ productHandle: 'leggings-bc-0213', size: 'X-Small' }"
leggings-bc-0213,Leggings- BC- 0213,Size,Small,"{ productHandle: 'leggings-bc-0213', size: 'Small' }"
leggings-bc-0213,Leggings- BC- 0213,Size,Medium,"{ productHandle: 'leggings-bc-0213', size: 'Medium' }"
leggings-bc-0213,Leggings- BC- 0213,Size,Large,"{ productHandle: 'leggings-bc-0213', size: 'Large' }"
leggings-bc-0213,Leggings- BC- 0213,Size,X-Large,"{ productHandle: 'leggings-bc-0213', size: 'X-Large' }"
leggings-bc-0213,Leggings- BC- 0213,Size,2XL,"{ productHandle: 'leggings-bc-0213', size: '2XL' }"
leggings-bc-0210,Leggings- BC- 0214,Size,X-Small,"{ productHandle: 'leggings-bc-0210', size: 'X-Small' }"
leggings-bc-0210,Leggings- BC- 0214,Size,Small,"{ productHandle: 'leggings-bc-0210', size: 'Small' }"
leggings-bc-0210,Leggings- BC- 0214,Size,Medium,"{ productHandle: 'leggings-bc-0210', size: 'Medium' }"
leggings-bc-0210,Leggings- BC- 0214,Size,Large,"{ productHandle: 'leggings-bc-0210', size: 'Large' }"
leggings-bc-0210,Leggings- BC- 0214,Size,X-Large,"{ productHandle: 'leggings-bc-0210', size: 'X-Large' }"
leggings-bc-0210,Leggings- BC- 0214,Size,2XL,"{ productHandle: 'leggings-bc-0210', size: '2XL' }"
leggings-0215,Leggings- BC- 0215,Size,X-Small,"{ productHandle: 'leggings-0215', size: 'X-Small' }"
leggings-0215,Leggings- BC- 0215,Size,Small,"{ productHandle: 'leggings-0215', size: 'Small' }"
leggings-0215,Leggings- BC- 0215,Size,Medium,"{ productHandle: 'leggings-0215', size: 'Medium' }"
leggings-0215,Leggings- BC- 0215,Size,Large,"{ productHandle: 'leggings-0215', size: 'Large' }"
leggings-0215,Leggings- BC- 0215,Size,X-Large,"{ productHandle: 'leggings-0215', size: 'X-Large' }"
leggings-0215,Leggings- BC- 0215,Size,2XL,"{ productHandle: 'leggings-0215', size: '2XL' }"
stringer-vest-bc-0473,Stringer Vest - BC-0473,Size,Small,"{ productHandle: 'stringer-vest-bc-0473', size: 'Small' }"
stringer-vest-bc-0473,Stringer Vest - BC-0473,Size,Medium,"{ productHandle: 'stringer-vest-bc-0473', size: 'Medium' }"
stringer-vest-bc-0473,Stringer Vest - BC-0473,Size,Large,"{ productHandle: 'stringer-vest-bc-0473', size: 'Large' }"
stringer-vest-bc-0473,Stringer Vest - BC-0473,Size,X-Large,"{ productHandle: 'stringer-vest-bc-0473', size: 'X-Large' }"
stringer-vest-bc-0473,Stringer Vest - BC-0473,Size,2XL,"{ productHandle: 'stringer-vest-bc-0473', size: '2XL' }"
stringer-vest-bc-0473,Stringer Vest - BC-0473,Size,3XL,"{ productHandle: 'stringer-vest-bc-0473', size: '3XL' }"
tank-top-men-women-bc-0544,Tank Top Men / Women - BC-0544,Size,X-Small,"{ productHandle: 'tank-top-men-women-bc-0544', size: 'X-Small' }"
tank-top-men-women-bc-0544,Tank Top Men / Women - BC-0544,Size,Small,"{ productHandle: 'tank-top-men-women-bc-0544', size: 'Small' }"
tank-top-men-women-bc-0544,Tank Top Men / Women - BC-0544,Size,Medium,"{ productHandle: 'tank-top-men-women-bc-0544', size: 'Medium' }"
tank-top-men-women-bc-0544,Tank Top Men / Women - BC-0544,Size,Large,"{ productHandle: 'tank-top-men-women-bc-0544', size: 'Large' }"
tank-top-men-women-bc-0544,Tank Top Men / Women - BC-0544,Size,X-Large,"{ productHandle: 'tank-top-men-women-bc-0544', size: 'X-Large' }"
tank-top-men-women-bc-0544,Tank Top Men / Women - BC-0544,Size,2XL,"{ productHandle: 'tank-top-men-women-bc-0544', size: '2XL' }"
tank-top-men-women-bc-0543,Tank Top Men / Women - BC-0543,Size,X-Small,"{ productHandle: 'tank-top-men-women-bc-0543', size: 'X-Small' }"
tank-top-men-women-bc-0543,Tank Top Men / Women - BC-0543,Size,Small,"{ productHandle: 'tank-top-men-women-bc-0543', size: 'Small' }"
tank-top-men-women-bc-0543,Tank Top Men / Women - BC-0543,Size,Medium,"{ productHandle: 'tank-top-men-women-bc-0543', size: 'Medium' }"
tank-top-men-women-bc-0543,Tank Top Men / Women - BC-0543,Size,Large,"{ productHandle: 'tank-top-men-women-bc-0543', size: 'Large' }"
tank-top-men-women-bc-0543,Tank Top Men / Women - BC-0543,Size,X-Large,"{ productHandle: 'tank-top-men-women-bc-0543', size: 'X-Large' }"
tank-top-men-women-bc-0543,Tank Top Men / Women - BC-0543,Size,2XL,"{ productHandle: 'tank-top-men-women-bc-0543', size: '2XL' }"
tank-top-men-women-bc-0542,Tank Top Men / Women - BC-0542,Size,X-Small,"{ productHandle: 'tank-top-men-women-bc-0542', size: 'X-Small' }"
tank-top-men-women-bc-0542,Tank Top Men / Women - BC-0542,Size,Small,"{ productHandle: 'tank-top-men-women-bc-0542', size: 'Small' }"
tank-top-men-women-bc-0542,Tank Top Men / Women - BC-0542,Size,Medium,"{ productHandle: 'tank-top-men-women-bc-0542', size: 'Medium' }"
tank-top-men-women-bc-0542,Tank Top Men / Women - BC-0542,Size,Large,"{ productHandle: 'tank-top-men-women-bc-0542', size: 'Large' }"
tank-top-men-women-bc-0542,Tank Top Men / Women - BC-0542,Size,X-Large,"{ productHandle: 'tank-top-men-women-bc-0542', size: 'X-Large' }"
tank-top-men-women-bc-0542,Tank Top Men / Women - BC-0542,Size,2XL,"{ productHandle: 'tank-top-men-women-bc-0542', size: '2XL' }"
polo-shirt-rockway-middle-school,Polo Shirt Rockway Middle School,Color,black,{ productHandle: 'polo-shirt-rockway-middle-school' }
polo-shirt-rockway-middle-school,Polo Shirt Rockway Middle School,Title,black,{ productHandle: 'polo-shirt-rockway-middle-school' }
polo-shirt-rockway-middle-school,Polo Shirt Rockway Middle School,Title,black,{ productHandle: 'polo-shirt-rockway-middle-school' }
polo-shirt-rockway-middle-school,Polo Shirt Rockway Middle School,Title,black,{ productHandle: 'polo-shirt-rockway-middle-school' }
polo-shirt-rockway-middle-school,Polo Shirt Rockway Middle School,Title,black,{ productHandle: 'polo-shirt-rockway-middle-school' }
polo-shirt-rockway-middle-school,Polo Shirt Rockway Middle School,Title,black,{ productHandle: 'polo-shirt-rockway-middle-school' }
polo-shirt-rockway-middle-school,Polo Shirt Rockway Middle School,Title,black,{ productHandle: 'polo-shirt-rockway-middle-school' }
polo-shirt-rockway-middle-school,Polo Shirt Rockway Middle School,Title,black,{ productHandle: 'polo-shirt-rockway-middle-school' }
polo-shirt-rockway-middle-school,Polo Shirt Rockway Middle School,Title,white,{ productHandle: 'polo-shirt-rockway-middle-school' }
polo-shirt-rockway-middle-school,Polo Shirt Rockway Middle School,Title,white,{ productHandle: 'polo-shirt-rockway-middle-school' }
polo-shirt-rockway-middle-school,Polo Shirt Rockway Middle School,Title,white,{ productHandle: 'polo-shirt-rockway-middle-school' }
polo-shirt-rockway-middle-school,Polo Shirt Rockway Middle School,Title,white,{ productHandle: 'polo-shirt-rockway-middle-school' }
polo-shirt-rockway-middle-school,Polo Shirt Rockway Middle School,Title,white,{ productHandle: 'polo-shirt-rockway-middle-school' }
polo-shirt-rockway-middle-school,Polo Shirt Rockway Middle School,Title,white,{ productHandle: 'polo-shirt-rockway-middle-school' }
polo-shirt-rockway-middle-school,Polo Shirt Rockway Middle School,Title,white,{ productHandle: 'polo-shirt-rockway-middle-school' }
polo-shirt-rockway-middle-school,Polo Shirt Rockway Middle School,Title,white,{ productHandle: 'polo-shirt-rockway-middle-school' }
rockway-middle-school-sweater,Rockway Middle School Sweater,Color,gray,{ productHandle: 'rockway-middle-school-sweater' }
rockway-middle-school-sweater,Rockway Middle School Sweater,Title,gray,{ productHandle: 'rockway-middle-school-sweater' }
rockway-middle-school-sweater,Rockway Middle School Sweater,Title,gray,{ productHandle: 'rockway-middle-school-sweater' }
rockway-middle-school-sweater,Rockway Middle School Sweater,Title,gray,{ productHandle: 'rockway-middle-school-sweater' }
rockway-middle-school-sweater,Rockway Middle School Sweater,Title,gray,{ productHandle: 'rockway-middle-school-sweater' }
rockway-middle-school-sweater,Rockway Middle School Sweater,Title,gray,{ productHandle: 'rockway-middle-school-sweater' }
rockway-middle-school-sweater,Rockway Middle School Sweater,Title,gray,{ productHandle: 'rockway-middle-school-sweater' }
rockway-middle-school-sweater,Rockway Middle School Sweater,Title,gray,{ productHandle: 'rockway-middle-school-sweater' }
rockway-middle-school-sweater,Rockway Middle School Sweater,Title,black,{ productHandle: 'rockway-middle-school-sweater' }
rockway-middle-school-sweater,Rockway Middle School Sweater,Title,black,{ productHandle: 'rockway-middle-school-sweater' }
rockway-middle-school-sweater,Rockway Middle School Sweater,Title,black,{ productHandle: 'rockway-middle-school-sweater' }
rockway-middle-school-sweater,Rockway Middle School Sweater,Title,black,{ productHandle: 'rockway-middle-school-sweater' }
rockway-middle-school-sweater,Rockway Middle School Sweater,Title,black,{ productHandle: 'rockway-middle-school-sweater' }
rockway-middle-school-sweater,Rockway Middle School Sweater,Title,black,{ productHandle: 'rockway-middle-school-sweater' }
rockway-middle-school-sweater,Rockway Middle School Sweater,Title,black,{ productHandle: 'rockway-middle-school-sweater' }
rockway-middle-school-sweater,Rockway Middle School Sweater,Title,black,{ productHandle: 'rockway-middle-school-sweater' }
true-north-classical-academy-hoodie-pants,True North Classical Academy Hoodie & Pants,Size,youth-large,{ productHandle: 'true-north-classical-academy-hoodie-pants' }
true-north-classical-academy-hoodie-pants,True North Classical Academy Hoodie & Pants,Title,youth-extra-large,{ productHandle: 'true-north-classical-academy-hoodie-pants' }
true-north-classical-academy-hoodie-pants,True North Classical Academy Hoodie & Pants,Title,adult-extra-small,{ productHandle: 'true-north-classical-academy-hoodie-pants' }
true-north-classical-academy-hoodie-pants,True North Classical Academy Hoodie & Pants,Title,adult-small,{ productHandle: 'true-north-classical-academy-hoodie-pants' }
true-north-classical-academy-hoodie-pants,True North Classical Academy Hoodie & Pants,Title,adult-medium,{ productHandle: 'true-north-classical-academy-hoodie-pants' }
true-north-classical-academy-hoodie-pants,True North Classical Academy Hoodie & Pants,Title,adult-large,{ productHandle: 'true-north-classical-academy-hoodie-pants' }
true-north-classical-academy-hoodie-pants,True North Classical Academy Hoodie & Pants,Title,adult-extra-large,{ productHandle: 'true-north-classical-academy-hoodie-pants' }
true-north-classical-academy-hoodie-pants,True North Classical Academy Hoodie & Pants,Title,adult-2-xl,{ productHandle: 'true-north-classical-academy-hoodie-pants' }
true-north-classical-academy-hoodie,True North Classical Academy Hoodie,Size,Youth Small,"{ productHandle: 'true-north-classical-academy-hoodie', size: 'Youth Small' }"
true-north-classical-academy-hoodie,True North Classical Academy Hoodie,Size,Youth Medium,"{ productHandle: 'true-north-classical-academy-hoodie', size: 'Youth Medium' }"
true-north-classical-academy-hoodie,True North Classical Academy Hoodie,Size,Youth Large,"{ productHandle: 'true-north-classical-academy-hoodie', size: 'Youth Large' }"
true-north-classical-academy-hoodie,True North Classical Academy Hoodie,Size,Adult X-Small,"{ productHandle: 'true-north-classical-academy-hoodie', size: 'Adult X-Small' }"
true-north-classical-academy-hoodie,True North Classical Academy Hoodie,Size,Adult Small,"{ productHandle: 'true-north-classical-academy-hoodie', size: 'Adult Small' }"
true-north-classical-academy-hoodie,True North Classical Academy Hoodie,Size,Adult Medium,"{ productHandle: 'true-north-classical-academy-hoodie', size: 'Adult Medium' }"
true-north-classical-academy-hoodie,True North Classical Academy Hoodie,Size,Adult Large,"{ productHandle: 'true-north-classical-academy-hoodie', size: 'Adult Large' }"
true-north-classical-academy-hoodie,True North Classical Academy Hoodie,Size,Adult X-Large,"{ productHandle: 'true-north-classical-academy-hoodie', size: 'Adult X-Large' }"
true-north-classical-academy-hoodie,True North Classical Academy Hoodie,Size,Adult 2XL,"{ productHandle: 'true-north-classical-academy-hoodie', size: 'Adult 2XL' }"
true-north-classical-academy-hoodie,True North Classical Academy Hoodie,Size,Adult 3XL,"{ productHandle: 'true-north-classical-academy-hoodie', size: 'Adult 3XL' }"
true-north-classical-academy-shorts,True North Classical Academy Shorts,Size,Youth Small,"{ productHandle: 'true-north-classical-academy-shorts', size: 'Youth Small' }"
true-north-classical-academy-shorts,True North Classical Academy Shorts,Size,Youth Medium,"{ productHandle: 'true-north-classical-academy-shorts', size: 'Youth Medium' }"
true-north-classical-academy-shorts,True North Classical Academy Shorts,Size,Youth Large,"{ productHandle: 'true-north-classical-academy-shorts', size: 'Youth Large' }"
true-north-classical-academy-shorts,True North Classical Academy Shorts,Size,Adult X-Small,"{ productHandle: 'true-north-classical-academy-shorts', size: 'Adult X-Small' }"
true-north-classical-academy-shorts,True North Classical Academy Shorts,Size,Adult Small,"{ productHandle: 'true-north-classical-academy-shorts', size: 'Adult Small' }"
true-north-classical-academy-shorts,True North Classical Academy Shorts,Size,Adult Medium,"{ productHandle: 'true-north-classical-academy-shorts', size: 'Adult Medium' }"
true-north-classical-academy-shorts,True North Classical Academy Shorts,Size,Adult Large,"{ productHandle: 'true-north-classical-academy-shorts', size: 'Adult Large' }"
true-north-classical-academy-shorts,True North Classical Academy Shorts,Size,Adult X-Large,"{ productHandle: 'true-north-classical-academy-shorts', size: 'Adult X-Large' }"
true-north-classical-academy-shorts,True North Classical Academy Shorts,Size,Adult 2XL,"{ productHandle: 'true-north-classical-academy-shorts', size: 'Adult 2XL' }"
true-north-classical-academy-shorts,True North Classical Academy Shorts,Size,Adult 3XL,"{ productHandle: 'true-north-classical-academy-shorts', size: 'Adult 3XL' }"
true-north-classical-academy-backpack,True North Classical Academy Backpack,Title,Default Title,{ productHandle: 'true-north-classical-academy-backpack' }
true-north-classical-academy-shirt,True North Classical Academy Shirt,Color,purple,{ productHandle: 'true-north-classical-academy-shirt' }
true-north-classical-academy-shirt,True North Classical Academy Shirt,Title,black,{ productHandle: 'true-north-classical-academy-shirt' }
henry-h-filer-middle-school-cheer,Henry H. Filer Middle School Cheer,Size,youth-small,{ productHandle: 'henry-h-filer-middle-school-cheer' }
henry-h-filer-middle-school-cheer,Henry H. Filer Middle School Cheer,Title,youth-medium,{ productHandle: 'henry-h-filer-middle-school-cheer' }
henry-h-filer-middle-school-cheer,Henry H. Filer Middle School Cheer,Title,youth-large,{ productHandle: 'henry-h-filer-middle-school-cheer' }
henry-h-filer-middle-school-cheer,Henry H. Filer Middle School Cheer,Title,adult-small,{ productHandle: 'henry-h-filer-middle-school-cheer' }
henry-h-filer-middle-school-cheer,Henry H. Filer Middle School Cheer,Title,adult-medium,{ productHandle: 'henry-h-filer-middle-school-cheer' }
henry-h-filer-middle-school-cheer,Henry H. Filer Middle School Cheer,Title,adult-large,{ productHandle: 'henry-h-filer-middle-school-cheer' }
henry-h-filer-middle-school-cheer,Henry H. Filer Middle School Cheer,Title,adult-extra-large,{ productHandle: 'henry-h-filer-middle-school-cheer' }
henry-h-filer-middle-school-cheer,Henry H. Filer Middle School Cheer,Title,adult-extra-small,{ productHandle: 'henry-h-filer-middle-school-cheer' }
henry-h-filer-middle-school,Henry H. Filer Middle School Hoodie,Letter Color,White letters with orange outline,{ productHandle: 'henry-h-filer-middle-school' }
henry-h-filer-middle-school,Henry H. Filer Middle School Hoodie,Title,White letters with orange outline,{ productHandle: 'henry-h-filer-middle-school' }
henry-h-filer-middle-school,Henry H. Filer Middle School Hoodie,Title,White letters with orange outline,{ productHandle: 'henry-h-filer-middle-school' }
henry-h-filer-middle-school,Henry H. Filer Middle School Hoodie,Title,White letters with orange outline,{ productHandle: 'henry-h-filer-middle-school' }
henry-h-filer-middle-school,Henry H. Filer Middle School Hoodie,Title,White letters with orange outline,{ productHandle: 'henry-h-filer-middle-school' }
henry-h-filer-middle-school,Henry H. Filer Middle School Hoodie,Title,White letters with orange outline,{ productHandle: 'henry-h-filer-middle-school' }
henry-h-filer-middle-school,Henry H. Filer Middle School Hoodie,Title,White letters with orange outline,{ productHandle: 'henry-h-filer-middle-school' }
henry-h-filer-middle-school,Henry H. Filer Middle School Hoodie,Title,White letters with orange outline,{ productHandle: 'henry-h-filer-middle-school' }
