Handle,Title,Option1 Name,Option1 Value,Option2 Name,Option2 Value,Option3 Name,Option3 Value,SKU,Location,Bin name,On hand (current),On hand (new)
configurator-backpack,Backpack,Title,Default Title,,,,,CONFIGURATOR-BACKPACK-DEFAULT-TITLE,1000 Brickell Avenue,,,9999999
configurator-backpack,Backpack,Title,Default Title,,,,,CONFIGURATOR-BACKPACK-DEFAULT-TITLE,Henry H Filer Middle School,,,9999999
configurator-backpack,Backpack,Title,Default Title,,,,,CONFIGURATOR-BACKPACK-DEFAULT-TITLE,Rockway Middle School,,,9999999
configurator-backpack,Backpack,Title,Default Title,,,,,CONFIGURATOR-BACKPACK-DEFAULT-TITLE,Shenandoah Middle School,,,9999999
configurator-backpack,Backpack,Title,Default Title,,,,,CONFIGURATOR-BACKPACK-DEFAULT-TITLE,True North Classical Academy,,,9999999
configurator-baseball-caps,Baseball Caps,Title,Default Title,,,,,CONFIGURATOR-BASEBALL-CAPS-DEFAULT-TITLE,1000 Brickell Avenue,,,9999999
configurator-baseball-caps,Baseball Caps,Title,Default Title,,,,,CONFIGURATOR-BASEBALL-CAPS-DEFAULT-TITLE,Henry H Filer Middle School,,,9999999
configurator-baseball-caps,Baseball Caps,Title,Default Title,,,,,CONFIGURATOR-BASEBALL-CAPS-DEFAULT-TITLE,Rockway Middle School,,,9999999
configurator-baseball-caps,Baseball Caps,Title,Default Title,,,,,CONFIGURATOR-BASEBALL-CAPS-DEFAULT-TITLE,Shenandoah Middle School,,,9999999
configurator-baseball-caps,Baseball Caps,Title,Default Title,,,,,CONFIGURATOR-BASEBALL-CAPS-DEFAULT-TITLE,True North Classical Academy,,,9999999
configurator-baseball-jersey,Baseball Jersey,Size,Youth Small,,,,,CONFIGURATOR-BASEBALL-JERSEY-YOUTH-SMALL,1000 Brickell Avenue,,,9999999
configurator-baseball-jersey,Baseball Jersey,Size,Youth Small,,,,,CONFIGURATOR-BASEBALL-JERSEY-YOUTH-SMALL,Henry H Filer Middle School,,,9999999
configurator-baseball-jersey,Baseball Jersey,Size,Youth Small,,,,,CONFIGURATOR-BASEBALL-JERSEY-YOUTH-SMALL,Rockway Middle School,,,9999999
configurator-baseball-jersey,Baseball Jersey,Size,Youth Small,,,,,CONFIGURATOR-BASEBALL-JERSEY-YOUTH-SMALL,Shenandoah Middle School,,,9999999
configurator-baseball-jersey,Baseball Jersey,Size,Youth Small,,,,,CONFIGURATOR-BASEBALL-JERSEY-YOUTH-SMALL,True North Classical Academy,,,9999999
configurator-baseball-jersey,Baseball Jersey,Size,Youth Medium,,,,,CONFIGURATOR-BASEBALL-JERSEY-YOUTH-MEDIUM,1000 Brickell Avenue,,,9999999
configurator-baseball-jersey,Baseball Jersey,Size,Youth Medium,,,,,CONFIGURATOR-BASEBALL-JERSEY-YOUTH-MEDIUM,Henry H Filer Middle School,,,9999999
configurator-baseball-jersey,Baseball Jersey,Size,Youth Medium,,,,,CONFIGURATOR-BASEBALL-JERSEY-YOUTH-MEDIUM,Rockway Middle School,,,9999999
configurator-baseball-jersey,Baseball Jersey,Size,Youth Medium,,,,,CONFIGURATOR-BASEBALL-JERSEY-YOUTH-MEDIUM,Shenandoah Middle School,,,9999999
configurator-baseball-jersey,Baseball Jersey,Size,Youth Medium,,,,,CONFIGURATOR-BASEBALL-JERSEY-YOUTH-MEDIUM,True North Classical Academy,,,9999999
configurator-baseball-jersey,Baseball Jersey,Size,Youth Large,,,,,CONFIGURATOR-BASEBALL-JERSEY-YOUTH-LARGE,1000 Brickell Avenue,,,9999999
configurator-baseball-jersey,Baseball Jersey,Size,Youth Large,,,,,CONFIGURATOR-BASEBALL-JERSEY-YOUTH-LARGE,Henry H Filer Middle School,,,9999999
configurator-baseball-jersey,Baseball Jersey,Size,Youth Large,,,,,CONFIGURATOR-BASEBALL-JERSEY-YOUTH-LARGE,Rockway Middle School,,,9999999
configurator-baseball-jersey,Baseball Jersey,Size,Youth Large,,,,,CONFIGURATOR-BASEBALL-JERSEY-YOUTH-LARGE,Shenandoah Middle School,,,9999999
configurator-baseball-jersey,Baseball Jersey,Size,Youth Large,,,,,CONFIGURATOR-BASEBALL-JERSEY-YOUTH-LARGE,True North Classical Academy,,,9999999
configurator-baseball-jersey,Baseball Jersey,Size,Adult X-Small,,,,,CONFIGURATOR-BASEBALL-JERSEY-ADULT-X-SMALL,1000 Brickell Avenue,,,9999999
configurator-baseball-jersey,Baseball Jersey,Size,Adult X-Small,,,,,CONFIGURATOR-BASEBALL-JERSEY-ADULT-X-SMALL,Henry H Filer Middle School,,,9999999
configurator-baseball-jersey,Baseball Jersey,Size,Adult X-Small,,,,,CONFIGURATOR-BASEBALL-JERSEY-ADULT-X-SMALL,Rockway Middle School,,,9999999
configurator-baseball-jersey,Baseball Jersey,Size,Adult X-Small,,,,,CONFIGURATOR-BASEBALL-JERSEY-ADULT-X-SMALL,Shenandoah Middle School,,,9999999
configurator-baseball-jersey,Baseball Jersey,Size,Adult X-Small,,,,,CONFIGURATOR-BASEBALL-JERSEY-ADULT-X-SMALL,True North Classical Academy,,,9999999
configurator-baseball-jersey,Baseball Jersey,Size,Adult Small,,,,,CONFIGURATOR-BASEBALL-JERSEY-ADULT-SMALL,1000 Brickell Avenue,,,9999999
configurator-baseball-jersey,Baseball Jersey,Size,Adult Small,,,,,CONFIGURATOR-BASEBALL-JERSEY-ADULT-SMALL,Henry H Filer Middle School,,,9999999
configurator-baseball-jersey,Baseball Jersey,Size,Adult Small,,,,,CONFIGURATOR-BASEBALL-JERSEY-ADULT-SMALL,Rockway Middle School,,,9999999
configurator-baseball-jersey,Baseball Jersey,Size,Adult Small,,,,,CONFIGURATOR-BASEBALL-JERSEY-ADULT-SMALL,Shenandoah Middle School,,,9999999
configurator-baseball-jersey,Baseball Jersey,Size,Adult Small,,,,,CONFIGURATOR-BASEBALL-JERSEY-ADULT-SMALL,True North Classical Academy,,,9999999
configurator-baseball-jersey,Baseball Jersey,Size,Adult Medium,,,,,CONFIGURATOR-BASEBALL-JERSEY-ADULT-MEDIUM,1000 Brickell Avenue,,,9999999
configurator-baseball-jersey,Baseball Jersey,Size,Adult Medium,,,,,CONFIGURATOR-BASEBALL-JERSEY-ADULT-MEDIUM,Henry H Filer Middle School,,,9999999
configurator-baseball-jersey,Baseball Jersey,Size,Adult Medium,,,,,CONFIGURATOR-BASEBALL-JERSEY-ADULT-MEDIUM,Rockway Middle School,,,9999999
configurator-baseball-jersey,Baseball Jersey,Size,Adult Medium,,,,,CONFIGURATOR-BASEBALL-JERSEY-ADULT-MEDIUM,Shenandoah Middle School,,,9999999
configurator-baseball-jersey,Baseball Jersey,Size,Adult Medium,,,,,CONFIGURATOR-BASEBALL-JERSEY-ADULT-MEDIUM,True North Classical Academy,,,9999999
configurator-baseball-jersey,Baseball Jersey,Size,Adult Large,,,,,CONFIGURATOR-BASEBALL-JERSEY-ADULT-LARGE,1000 Brickell Avenue,,,9999999
configurator-baseball-jersey,Baseball Jersey,Size,Adult Large,,,,,CONFIGURATOR-BASEBALL-JERSEY-ADULT-LARGE,Henry H Filer Middle School,,,9999999
configurator-baseball-jersey,Baseball Jersey,Size,Adult Large,,,,,CONFIGURATOR-BASEBALL-JERSEY-ADULT-LARGE,Rockway Middle School,,,9999999
configurator-baseball-jersey,Baseball Jersey,Size,Adult Large,,,,,CONFIGURATOR-BASEBALL-JERSEY-ADULT-LARGE,Shenandoah Middle School,,,9999999
configurator-baseball-jersey,Baseball Jersey,Size,Adult Large,,,,,CONFIGURATOR-BASEBALL-JERSEY-ADULT-LARGE,True North Classical Academy,,,9999999
configurator-baseball-jersey,Baseball Jersey,Size,Adult X-Large,,,,,CONFIGURATOR-BASEBALL-JERSEY-ADULT-X-LARGE,1000 Brickell Avenue,,,9999999
configurator-baseball-jersey,Baseball Jersey,Size,Adult X-Large,,,,,CONFIGURATOR-BASEBALL-JERSEY-ADULT-X-LARGE,Henry H Filer Middle School,,,9999999
configurator-baseball-jersey,Baseball Jersey,Size,Adult X-Large,,,,,CONFIGURATOR-BASEBALL-JERSEY-ADULT-X-LARGE,Rockway Middle School,,,9999999
configurator-baseball-jersey,Baseball Jersey,Size,Adult X-Large,,,,,CONFIGURATOR-BASEBALL-JERSEY-ADULT-X-LARGE,Shenandoah Middle School,,,9999999
configurator-baseball-jersey,Baseball Jersey,Size,Adult X-Large,,,,,CONFIGURATOR-BASEBALL-JERSEY-ADULT-X-LARGE,True North Classical Academy,,,9999999
configurator-baseball-jersey,Baseball Jersey,Size,Adult 2XL,,,,,CONFIGURATOR-BASEBALL-JERSEY-ADULT-2XL,1000 Brickell Avenue,,,9999999
configurator-baseball-jersey,Baseball Jersey,Size,Adult 2XL,,,,,CONFIGURATOR-BASEBALL-JERSEY-ADULT-2XL,Henry H Filer Middle School,,,9999999
configurator-baseball-jersey,Baseball Jersey,Size,Adult 2XL,,,,,CONFIGURATOR-BASEBALL-JERSEY-ADULT-2XL,Rockway Middle School,,,9999999
configurator-baseball-jersey,Baseball Jersey,Size,Adult 2XL,,,,,CONFIGURATOR-BASEBALL-JERSEY-ADULT-2XL,Shenandoah Middle School,,,9999999
configurator-baseball-jersey,Baseball Jersey,Size,Adult 2XL,,,,,CONFIGURATOR-BASEBALL-JERSEY-ADULT-2XL,True North Classical Academy,,,9999999
configurator-baseball-jersey,Baseball Jersey,Size,Adult 3XL,,,,,CONFIGURATOR-BASEBALL-JERSEY-ADULT-3XL,1000 Brickell Avenue,,,9999999
configurator-baseball-jersey,Baseball Jersey,Size,Adult 3XL,,,,,CONFIGURATOR-BASEBALL-JERSEY-ADULT-3XL,Henry H Filer Middle School,,,9999999
configurator-baseball-jersey,Baseball Jersey,Size,Adult 3XL,,,,,CONFIGURATOR-BASEBALL-JERSEY-ADULT-3XL,Rockway Middle School,,,9999999
configurator-baseball-jersey,Baseball Jersey,Size,Adult 3XL,,,,,CONFIGURATOR-BASEBALL-JERSEY-ADULT-3XL,Shenandoah Middle School,,,9999999
configurator-baseball-jersey,Baseball Jersey,Size,Adult 3XL,,,,,CONFIGURATOR-BASEBALL-JERSEY-ADULT-3XL,True North Classical Academy,,,9999999
configurator-basketball-jersey,Basketball Jersey and Shorts,Size,Youth Small,,,,,CONFIGURATOR-BASKETBALL-JERSEY-YOUTH-SMALL,1000 Brickell Avenue,,,9999999
configurator-basketball-jersey,Basketball Jersey and Shorts,Size,Youth Small,,,,,CONFIGURATOR-BASKETBALL-JERSEY-YOUTH-SMALL,Henry H Filer Middle School,,,9999999
configurator-basketball-jersey,Basketball Jersey and Shorts,Size,Youth Small,,,,,CONFIGURATOR-BASKETBALL-JERSEY-YOUTH-SMALL,Rockway Middle School,,,9999999
configurator-basketball-jersey,Basketball Jersey and Shorts,Size,Youth Small,,,,,CONFIGURATOR-BASKETBALL-JERSEY-YOUTH-SMALL,Shenandoah Middle School,,,9999999
configurator-basketball-jersey,Basketball Jersey and Shorts,Size,Youth Small,,,,,CONFIGURATOR-BASKETBALL-JERSEY-YOUTH-SMALL,True North Classical Academy,,,9999999
configurator-basketball-jersey,Basketball Jersey and Shorts,Size,Youth Medium,,,,,CONFIGURATOR-BASKETBALL-JERSEY-YOUTH-MEDIUM,1000 Brickell Avenue,,,9999999
configurator-basketball-jersey,Basketball Jersey and Shorts,Size,Youth Medium,,,,,CONFIGURATOR-BASKETBALL-JERSEY-YOUTH-MEDIUM,Henry H Filer Middle School,,,9999999
configurator-basketball-jersey,Basketball Jersey and Shorts,Size,Youth Medium,,,,,CONFIGURATOR-BASKETBALL-JERSEY-YOUTH-MEDIUM,Rockway Middle School,,,9999999
configurator-basketball-jersey,Basketball Jersey and Shorts,Size,Youth Medium,,,,,CONFIGURATOR-BASKETBALL-JERSEY-YOUTH-MEDIUM,Shenandoah Middle School,,,9999999
configurator-basketball-jersey,Basketball Jersey and Shorts,Size,Youth Medium,,,,,CONFIGURATOR-BASKETBALL-JERSEY-YOUTH-MEDIUM,True North Classical Academy,,,9999999
configurator-basketball-jersey,Basketball Jersey and Shorts,Size,Youth Large,,,,,CONFIGURATOR-BASKETBALL-JERSEY-YOUTH-LARGE,1000 Brickell Avenue,,,9999999
configurator-basketball-jersey,Basketball Jersey and Shorts,Size,Youth Large,,,,,CONFIGURATOR-BASKETBALL-JERSEY-YOUTH-LARGE,Henry H Filer Middle School,,,9999999
configurator-basketball-jersey,Basketball Jersey and Shorts,Size,Youth Large,,,,,CONFIGURATOR-BASKETBALL-JERSEY-YOUTH-LARGE,Rockway Middle School,,,9999999
configurator-basketball-jersey,Basketball Jersey and Shorts,Size,Youth Large,,,,,CONFIGURATOR-BASKETBALL-JERSEY-YOUTH-LARGE,Shenandoah Middle School,,,9999999
configurator-basketball-jersey,Basketball Jersey and Shorts,Size,Youth Large,,,,,CONFIGURATOR-BASKETBALL-JERSEY-YOUTH-LARGE,True North Classical Academy,,,9999999
configurator-basketball-jersey,Basketball Jersey and Shorts,Size,Adult X-Small,,,,,CONFIGURATOR-BASKETBALL-JERSEY-ADULT-X-SMALL,1000 Brickell Avenue,,,9999999
configurator-basketball-jersey,Basketball Jersey and Shorts,Size,Adult X-Small,,,,,CONFIGURATOR-BASKETBALL-JERSEY-ADULT-X-SMALL,Henry H Filer Middle School,,,9999999
configurator-basketball-jersey,Basketball Jersey and Shorts,Size,Adult X-Small,,,,,CONFIGURATOR-BASKETBALL-JERSEY-ADULT-X-SMALL,Rockway Middle School,,,9999999
configurator-basketball-jersey,Basketball Jersey and Shorts,Size,Adult X-Small,,,,,CONFIGURATOR-BASKETBALL-JERSEY-ADULT-X-SMALL,Shenandoah Middle School,,,9999999
configurator-basketball-jersey,Basketball Jersey and Shorts,Size,Adult X-Small,,,,,CONFIGURATOR-BASKETBALL-JERSEY-ADULT-X-SMALL,True North Classical Academy,,,9999999
configurator-basketball-jersey,Basketball Jersey and Shorts,Size,Adult Small,,,,,CONFIGURATOR-BASKETBALL-JERSEY-ADULT-SMALL,1000 Brickell Avenue,,,9999999
configurator-basketball-jersey,Basketball Jersey and Shorts,Size,Adult Small,,,,,CONFIGURATOR-BASKETBALL-JERSEY-ADULT-SMALL,Henry H Filer Middle School,,,9999999
configurator-basketball-jersey,Basketball Jersey and Shorts,Size,Adult Small,,,,,CONFIGURATOR-BASKETBALL-JERSEY-ADULT-SMALL,Rockway Middle School,,,9999999
configurator-basketball-jersey,Basketball Jersey and Shorts,Size,Adult Small,,,,,CONFIGURATOR-BASKETBALL-JERSEY-ADULT-SMALL,Shenandoah Middle School,,,9999999
configurator-basketball-jersey,Basketball Jersey and Shorts,Size,Adult Small,,,,,CONFIGURATOR-BASKETBALL-JERSEY-ADULT-SMALL,True North Classical Academy,,,9999999
configurator-basketball-jersey,Basketball Jersey and Shorts,Size,Adult Medium,,,,,CONFIGURATOR-BASKETBALL-JERSEY-ADULT-MEDIUM,1000 Brickell Avenue,,,9999999
configurator-basketball-jersey,Basketball Jersey and Shorts,Size,Adult Medium,,,,,CONFIGURATOR-BASKETBALL-JERSEY-ADULT-MEDIUM,Henry H Filer Middle School,,,9999999
configurator-basketball-jersey,Basketball Jersey and Shorts,Size,Adult Medium,,,,,CONFIGURATOR-BASKETBALL-JERSEY-ADULT-MEDIUM,Rockway Middle School,,,9999999
configurator-basketball-jersey,Basketball Jersey and Shorts,Size,Adult Medium,,,,,CONFIGURATOR-BASKETBALL-JERSEY-ADULT-MEDIUM,Shenandoah Middle School,,,9999999
configurator-basketball-jersey,Basketball Jersey and Shorts,Size,Adult Medium,,,,,CONFIGURATOR-BASKETBALL-JERSEY-ADULT-MEDIUM,True North Classical Academy,,,9999999
configurator-basketball-jersey,Basketball Jersey and Shorts,Size,Adult Large,,,,,CONFIGURATOR-BASKETBALL-JERSEY-ADULT-LARGE,1000 Brickell Avenue,,,9999999
configurator-basketball-jersey,Basketball Jersey and Shorts,Size,Adult Large,,,,,CONFIGURATOR-BASKETBALL-JERSEY-ADULT-LARGE,Henry H Filer Middle School,,,9999999
configurator-basketball-jersey,Basketball Jersey and Shorts,Size,Adult Large,,,,,CONFIGURATOR-BASKETBALL-JERSEY-ADULT-LARGE,Rockway Middle School,,,9999999
configurator-basketball-jersey,Basketball Jersey and Shorts,Size,Adult Large,,,,,CONFIGURATOR-BASKETBALL-JERSEY-ADULT-LARGE,Shenandoah Middle School,,,9999999
configurator-basketball-jersey,Basketball Jersey and Shorts,Size,Adult Large,,,,,CONFIGURATOR-BASKETBALL-JERSEY-ADULT-LARGE,True North Classical Academy,,,9999999
configurator-basketball-jersey,Basketball Jersey and Shorts,Size,Adult X-Large,,,,,CONFIGURATOR-BASKETBALL-JERSEY-ADULT-X-LARGE,1000 Brickell Avenue,,,9999999
configurator-basketball-jersey,Basketball Jersey and Shorts,Size,Adult X-Large,,,,,CONFIGURATOR-BASKETBALL-JERSEY-ADULT-X-LARGE,Henry H Filer Middle School,,,9999999
configurator-basketball-jersey,Basketball Jersey and Shorts,Size,Adult X-Large,,,,,CONFIGURATOR-BASKETBALL-JERSEY-ADULT-X-LARGE,Rockway Middle School,,,9999999
configurator-basketball-jersey,Basketball Jersey and Shorts,Size,Adult X-Large,,,,,CONFIGURATOR-BASKETBALL-JERSEY-ADULT-X-LARGE,Shenandoah Middle School,,,9999999
configurator-basketball-jersey,Basketball Jersey and Shorts,Size,Adult X-Large,,,,,CONFIGURATOR-BASKETBALL-JERSEY-ADULT-X-LARGE,True North Classical Academy,,,9999999
configurator-basketball-jersey,Basketball Jersey and Shorts,Size,Adult 2XL,,,,,CONFIGURATOR-BASKETBALL-JERSEY-ADULT-2XL,1000 Brickell Avenue,,,9999999
configurator-basketball-jersey,Basketball Jersey and Shorts,Size,Adult 2XL,,,,,CONFIGURATOR-BASKETBALL-JERSEY-ADULT-2XL,Henry H Filer Middle School,,,9999999
configurator-basketball-jersey,Basketball Jersey and Shorts,Size,Adult 2XL,,,,,CONFIGURATOR-BASKETBALL-JERSEY-ADULT-2XL,Rockway Middle School,,,9999999
configurator-basketball-jersey,Basketball Jersey and Shorts,Size,Adult 2XL,,,,,CONFIGURATOR-BASKETBALL-JERSEY-ADULT-2XL,Shenandoah Middle School,,,9999999
configurator-basketball-jersey,Basketball Jersey and Shorts,Size,Adult 2XL,,,,,CONFIGURATOR-BASKETBALL-JERSEY-ADULT-2XL,True North Classical Academy,,,9999999
configurator-basketball-jersey,Basketball Jersey and Shorts,Size,Adult 3XL,,,,,CONFIGURATOR-BASKETBALL-JERSEY-ADULT-3XL,1000 Brickell Avenue,,,9999999
configurator-basketball-jersey,Basketball Jersey and Shorts,Size,Adult 3XL,,,,,CONFIGURATOR-BASKETBALL-JERSEY-ADULT-3XL,Henry H Filer Middle School,,,9999999
configurator-basketball-jersey,Basketball Jersey and Shorts,Size,Adult 3XL,,,,,CONFIGURATOR-BASKETBALL-JERSEY-ADULT-3XL,Rockway Middle School,,,9999999
configurator-basketball-jersey,Basketball Jersey and Shorts,Size,Adult 3XL,,,,,CONFIGURATOR-BASKETBALL-JERSEY-ADULT-3XL,Shenandoah Middle School,,,9999999
configurator-basketball-jersey,Basketball Jersey and Shorts,Size,Adult 3XL,,,,,CONFIGURATOR-BASKETBALL-JERSEY-ADULT-3XL,True North Classical Academy,,,9999999
configurator-basketball-top-long,Basketball Jersey Top And Long Shorts,Size,Youth Small,,,,,CONFIGURATOR-BASKETBALL-TOP-LONG-YOUTH-SMALL,1000 Brickell Avenue,,,9999999
configurator-basketball-top-long,Basketball Jersey Top And Long Shorts,Size,Youth Small,,,,,CONFIGURATOR-BASKETBALL-TOP-LONG-YOUTH-SMALL,Henry H Filer Middle School,,,9999999
configurator-basketball-top-long,Basketball Jersey Top And Long Shorts,Size,Youth Small,,,,,CONFIGURATOR-BASKETBALL-TOP-LONG-YOUTH-SMALL,Rockway Middle School,,,9999999
configurator-basketball-top-long,Basketball Jersey Top And Long Shorts,Size,Youth Small,,,,,CONFIGURATOR-BASKETBALL-TOP-LONG-YOUTH-SMALL,Shenandoah Middle School,,,9999999
configurator-basketball-top-long,Basketball Jersey Top And Long Shorts,Size,Youth Small,,,,,CONFIGURATOR-BASKETBALL-TOP-LONG-YOUTH-SMALL,True North Classical Academy,,,9999999
configurator-basketball-top-long,Basketball Jersey Top And Long Shorts,Size,Youth Medium,,,,,CONFIGURATOR-BASKETBALL-TOP-LONG-YOUTH-MEDIUM,1000 Brickell Avenue,,,9999999
configurator-basketball-top-long,Basketball Jersey Top And Long Shorts,Size,Youth Medium,,,,,CONFIGURATOR-BASKETBALL-TOP-LONG-YOUTH-MEDIUM,Henry H Filer Middle School,,,9999999
configurator-basketball-top-long,Basketball Jersey Top And Long Shorts,Size,Youth Medium,,,,,CONFIGURATOR-BASKETBALL-TOP-LONG-YOUTH-MEDIUM,Rockway Middle School,,,9999999
configurator-basketball-top-long,Basketball Jersey Top And Long Shorts,Size,Youth Medium,,,,,CONFIGURATOR-BASKETBALL-TOP-LONG-YOUTH-MEDIUM,Shenandoah Middle School,,,9999999
configurator-basketball-top-long,Basketball Jersey Top And Long Shorts,Size,Youth Medium,,,,,CONFIGURATOR-BASKETBALL-TOP-LONG-YOUTH-MEDIUM,True North Classical Academy,,,9999999
configurator-basketball-top-long,Basketball Jersey Top And Long Shorts,Size,Youth Large,,,,,CONFIGURATOR-BASKETBALL-TOP-LONG-YOUTH-LARGE,1000 Brickell Avenue,,,9999999
configurator-basketball-top-long,Basketball Jersey Top And Long Shorts,Size,Youth Large,,,,,CONFIGURATOR-BASKETBALL-TOP-LONG-YOUTH-LARGE,Henry H Filer Middle School,,,9999999
configurator-basketball-top-long,Basketball Jersey Top And Long Shorts,Size,Youth Large,,,,,CONFIGURATOR-BASKETBALL-TOP-LONG-YOUTH-LARGE,Rockway Middle School,,,9999999
configurator-basketball-top-long,Basketball Jersey Top And Long Shorts,Size,Youth Large,,,,,CONFIGURATOR-BASKETBALL-TOP-LONG-YOUTH-LARGE,Shenandoah Middle School,,,9999999
configurator-basketball-top-long,Basketball Jersey Top And Long Shorts,Size,Youth Large,,,,,CONFIGURATOR-BASKETBALL-TOP-LONG-YOUTH-LARGE,True North Classical Academy,,,9999999
configurator-basketball-top-long,Basketball Jersey Top And Long Shorts,Size,Adult X-Small,,,,,CONFIGURATOR-BASKETBALL-TOP-LONG-ADULT-X-SMALL,1000 Brickell Avenue,,,9999999
configurator-basketball-top-long,Basketball Jersey Top And Long Shorts,Size,Adult X-Small,,,,,CONFIGURATOR-BASKETBALL-TOP-LONG-ADULT-X-SMALL,Henry H Filer Middle School,,,9999999
configurator-basketball-top-long,Basketball Jersey Top And Long Shorts,Size,Adult X-Small,,,,,CONFIGURATOR-BASKETBALL-TOP-LONG-ADULT-X-SMALL,Rockway Middle School,,,9999999
configurator-basketball-top-long,Basketball Jersey Top And Long Shorts,Size,Adult X-Small,,,,,CONFIGURATOR-BASKETBALL-TOP-LONG-ADULT-X-SMALL,Shenandoah Middle School,,,9999999
configurator-basketball-top-long,Basketball Jersey Top And Long Shorts,Size,Adult X-Small,,,,,CONFIGURATOR-BASKETBALL-TOP-LONG-ADULT-X-SMALL,True North Classical Academy,,,9999999
configurator-basketball-top-long,Basketball Jersey Top And Long Shorts,Size,Adult Small,,,,,CONFIGURATOR-BASKETBALL-TOP-LONG-ADULT-SMALL,1000 Brickell Avenue,,,9999999
configurator-basketball-top-long,Basketball Jersey Top And Long Shorts,Size,Adult Small,,,,,CONFIGURATOR-BASKETBALL-TOP-LONG-ADULT-SMALL,Henry H Filer Middle School,,,9999999
configurator-basketball-top-long,Basketball Jersey Top And Long Shorts,Size,Adult Small,,,,,CONFIGURATOR-BASKETBALL-TOP-LONG-ADULT-SMALL,Rockway Middle School,,,9999999
configurator-basketball-top-long,Basketball Jersey Top And Long Shorts,Size,Adult Small,,,,,CONFIGURATOR-BASKETBALL-TOP-LONG-ADULT-SMALL,Shenandoah Middle School,,,9999999
configurator-basketball-top-long,Basketball Jersey Top And Long Shorts,Size,Adult Small,,,,,CONFIGURATOR-BASKETBALL-TOP-LONG-ADULT-SMALL,True North Classical Academy,,,9999999
configurator-basketball-top-long,Basketball Jersey Top And Long Shorts,Size,Adult Medium,,,,,CONFIGURATOR-BASKETBALL-TOP-LONG-ADULT-MEDIUM,1000 Brickell Avenue,,,9999999
configurator-basketball-top-long,Basketball Jersey Top And Long Shorts,Size,Adult Medium,,,,,CONFIGURATOR-BASKETBALL-TOP-LONG-ADULT-MEDIUM,Henry H Filer Middle School,,,9999999
configurator-basketball-top-long,Basketball Jersey Top And Long Shorts,Size,Adult Medium,,,,,CONFIGURATOR-BASKETBALL-TOP-LONG-ADULT-MEDIUM,Rockway Middle School,,,9999999
configurator-basketball-top-long,Basketball Jersey Top And Long Shorts,Size,Adult Medium,,,,,CONFIGURATOR-BASKETBALL-TOP-LONG-ADULT-MEDIUM,Shenandoah Middle School,,,9999999
configurator-basketball-top-long,Basketball Jersey Top And Long Shorts,Size,Adult Medium,,,,,CONFIGURATOR-BASKETBALL-TOP-LONG-ADULT-MEDIUM,True North Classical Academy,,,9999999
configurator-basketball-top-long,Basketball Jersey Top And Long Shorts,Size,Adult Large,,,,,CONFIGURATOR-BASKETBALL-TOP-LONG-ADULT-LARGE,1000 Brickell Avenue,,,9999999
configurator-basketball-top-long,Basketball Jersey Top And Long Shorts,Size,Adult Large,,,,,CONFIGURATOR-BASKETBALL-TOP-LONG-ADULT-LARGE,Henry H Filer Middle School,,,9999999
configurator-basketball-top-long,Basketball Jersey Top And Long Shorts,Size,Adult Large,,,,,CONFIGURATOR-BASKETBALL-TOP-LONG-ADULT-LARGE,Rockway Middle School,,,9999999
configurator-basketball-top-long,Basketball Jersey Top And Long Shorts,Size,Adult Large,,,,,CONFIGURATOR-BASKETBALL-TOP-LONG-ADULT-LARGE,Shenandoah Middle School,,,9999999
configurator-basketball-top-long,Basketball Jersey Top And Long Shorts,Size,Adult Large,,,,,CONFIGURATOR-BASKETBALL-TOP-LONG-ADULT-LARGE,True North Classical Academy,,,9999999
configurator-basketball-top-long,Basketball Jersey Top And Long Shorts,Size,Adult X-Large,,,,,CONFIGURATOR-BASKETBALL-TOP-LONG-ADULT-X-LARGE,1000 Brickell Avenue,,,9999999
configurator-basketball-top-long,Basketball Jersey Top And Long Shorts,Size,Adult X-Large,,,,,CONFIGURATOR-BASKETBALL-TOP-LONG-ADULT-X-LARGE,Henry H Filer Middle School,,,9999999
configurator-basketball-top-long,Basketball Jersey Top And Long Shorts,Size,Adult X-Large,,,,,CONFIGURATOR-BASKETBALL-TOP-LONG-ADULT-X-LARGE,Rockway Middle School,,,9999999
configurator-basketball-top-long,Basketball Jersey Top And Long Shorts,Size,Adult X-Large,,,,,CONFIGURATOR-BASKETBALL-TOP-LONG-ADULT-X-LARGE,Shenandoah Middle School,,,9999999
configurator-basketball-top-long,Basketball Jersey Top And Long Shorts,Size,Adult X-Large,,,,,CONFIGURATOR-BASKETBALL-TOP-LONG-ADULT-X-LARGE,True North Classical Academy,,,9999999
configurator-basketball-top-long,Basketball Jersey Top And Long Shorts,Size,Adult 2XL,,,,,CONFIGURATOR-BASKETBALL-TOP-LONG-ADULT-2XL,1000 Brickell Avenue,,,9999999
configurator-basketball-top-long,Basketball Jersey Top And Long Shorts,Size,Adult 2XL,,,,,CONFIGURATOR-BASKETBALL-TOP-LONG-ADULT-2XL,Henry H Filer Middle School,,,9999999
configurator-basketball-top-long,Basketball Jersey Top And Long Shorts,Size,Adult 2XL,,,,,CONFIGURATOR-BASKETBALL-TOP-LONG-ADULT-2XL,Rockway Middle School,,,9999999
configurator-basketball-top-long,Basketball Jersey Top And Long Shorts,Size,Adult 2XL,,,,,CONFIGURATOR-BASKETBALL-TOP-LONG-ADULT-2XL,Shenandoah Middle School,,,9999999
configurator-basketball-top-long,Basketball Jersey Top And Long Shorts,Size,Adult 2XL,,,,,CONFIGURATOR-BASKETBALL-TOP-LONG-ADULT-2XL,True North Classical Academy,,,9999999
configurator-basketball-top-long,Basketball Jersey Top And Long Shorts,Size,Adult 3XL,,,,,CONFIGURATOR-BASKETBALL-TOP-LONG-ADULT-3XL,1000 Brickell Avenue,,,9999999
configurator-basketball-top-long,Basketball Jersey Top And Long Shorts,Size,Adult 3XL,,,,,CONFIGURATOR-BASKETBALL-TOP-LONG-ADULT-3XL,Henry H Filer Middle School,,,9999999
configurator-basketball-top-long,Basketball Jersey Top And Long Shorts,Size,Adult 3XL,,,,,CONFIGURATOR-BASKETBALL-TOP-LONG-ADULT-3XL,Rockway Middle School,,,9999999
configurator-basketball-top-long,Basketball Jersey Top And Long Shorts,Size,Adult 3XL,,,,,CONFIGURATOR-BASKETBALL-TOP-LONG-ADULT-3XL,Shenandoah Middle School,,,9999999
configurator-basketball-top-long,Basketball Jersey Top And Long Shorts,Size,Adult 3XL,,,,,CONFIGURATOR-BASKETBALL-TOP-LONG-ADULT-3XL,True North Classical Academy,,,9999999
configurator-basketball-shirt-long,Basketball Shooting Shirt Long Sleeve,Size,Youth Small,,,,,CONFIGURATOR-BASKETBALL-SHIRT-LONG-YOUTH-SMALL,1000 Brickell Avenue,,,9999999
configurator-basketball-shirt-long,Basketball Shooting Shirt Long Sleeve,Size,Youth Small,,,,,CONFIGURATOR-BASKETBALL-SHIRT-LONG-YOUTH-SMALL,Henry H Filer Middle School,,,9999999
configurator-basketball-shirt-long,Basketball Shooting Shirt Long Sleeve,Size,Youth Small,,,,,CONFIGURATOR-BASKETBALL-SHIRT-LONG-YOUTH-SMALL,Rockway Middle School,,,9999999
configurator-basketball-shirt-long,Basketball Shooting Shirt Long Sleeve,Size,Youth Small,,,,,CONFIGURATOR-BASKETBALL-SHIRT-LONG-YOUTH-SMALL,Shenandoah Middle School,,,9999999
configurator-basketball-shirt-long,Basketball Shooting Shirt Long Sleeve,Size,Youth Small,,,,,CONFIGURATOR-BASKETBALL-SHIRT-LONG-YOUTH-SMALL,True North Classical Academy,,,9999999
configurator-basketball-shirt-long,Basketball Shooting Shirt Long Sleeve,Size,Youth Medium,,,,,CONFIGURATOR-BASKETBALL-SHIRT-LONG-YOUTH-MEDIUM,1000 Brickell Avenue,,,9999999
configurator-basketball-shirt-long,Basketball Shooting Shirt Long Sleeve,Size,Youth Medium,,,,,CONFIGURATOR-BASKETBALL-SHIRT-LONG-YOUTH-MEDIUM,Henry H Filer Middle School,,,9999999
configurator-basketball-shirt-long,Basketball Shooting Shirt Long Sleeve,Size,Youth Medium,,,,,CONFIGURATOR-BASKETBALL-SHIRT-LONG-YOUTH-MEDIUM,Rockway Middle School,,,9999999
configurator-basketball-shirt-long,Basketball Shooting Shirt Long Sleeve,Size,Youth Medium,,,,,CONFIGURATOR-BASKETBALL-SHIRT-LONG-YOUTH-MEDIUM,Shenandoah Middle School,,,9999999
configurator-basketball-shirt-long,Basketball Shooting Shirt Long Sleeve,Size,Youth Medium,,,,,CONFIGURATOR-BASKETBALL-SHIRT-LONG-YOUTH-MEDIUM,True North Classical Academy,,,9999999
configurator-basketball-shirt-long,Basketball Shooting Shirt Long Sleeve,Size,Youth Large,,,,,CONFIGURATOR-BASKETBALL-SHIRT-LONG-YOUTH-LARGE,1000 Brickell Avenue,,,9999999
configurator-basketball-shirt-long,Basketball Shooting Shirt Long Sleeve,Size,Youth Large,,,,,CONFIGURATOR-BASKETBALL-SHIRT-LONG-YOUTH-LARGE,Henry H Filer Middle School,,,9999999
configurator-basketball-shirt-long,Basketball Shooting Shirt Long Sleeve,Size,Youth Large,,,,,CONFIGURATOR-BASKETBALL-SHIRT-LONG-YOUTH-LARGE,Rockway Middle School,,,9999999
configurator-basketball-shirt-long,Basketball Shooting Shirt Long Sleeve,Size,Youth Large,,,,,CONFIGURATOR-BASKETBALL-SHIRT-LONG-YOUTH-LARGE,Shenandoah Middle School,,,9999999
configurator-basketball-shirt-long,Basketball Shooting Shirt Long Sleeve,Size,Youth Large,,,,,CONFIGURATOR-BASKETBALL-SHIRT-LONG-YOUTH-LARGE,True North Classical Academy,,,9999999
configurator-basketball-shirt-long,Basketball Shooting Shirt Long Sleeve,Size,Adult X-Small,,,,,CONFIGURATOR-BASKETBALL-SHIRT-LONG-ADULT-X-SMALL,1000 Brickell Avenue,,,9999999
configurator-basketball-shirt-long,Basketball Shooting Shirt Long Sleeve,Size,Adult X-Small,,,,,CONFIGURATOR-BASKETBALL-SHIRT-LONG-ADULT-X-SMALL,Henry H Filer Middle School,,,9999999
configurator-basketball-shirt-long,Basketball Shooting Shirt Long Sleeve,Size,Adult X-Small,,,,,CONFIGURATOR-BASKETBALL-SHIRT-LONG-ADULT-X-SMALL,Rockway Middle School,,,9999999
configurator-basketball-shirt-long,Basketball Shooting Shirt Long Sleeve,Size,Adult X-Small,,,,,CONFIGURATOR-BASKETBALL-SHIRT-LONG-ADULT-X-SMALL,Shenandoah Middle School,,,9999999
configurator-basketball-shirt-long,Basketball Shooting Shirt Long Sleeve,Size,Adult X-Small,,,,,CONFIGURATOR-BASKETBALL-SHIRT-LONG-ADULT-X-SMALL,True North Classical Academy,,,9999999
configurator-basketball-shirt-long,Basketball Shooting Shirt Long Sleeve,Size,Adult Small,,,,,CONFIGURATOR-BASKETBALL-SHIRT-LONG-ADULT-SMALL,1000 Brickell Avenue,,,9999999
configurator-basketball-shirt-long,Basketball Shooting Shirt Long Sleeve,Size,Adult Small,,,,,CONFIGURATOR-BASKETBALL-SHIRT-LONG-ADULT-SMALL,Henry H Filer Middle School,,,9999999
configurator-basketball-shirt-long,Basketball Shooting Shirt Long Sleeve,Size,Adult Small,,,,,CONFIGURATOR-BASKETBALL-SHIRT-LONG-ADULT-SMALL,Rockway Middle School,,,9999999
configurator-basketball-shirt-long,Basketball Shooting Shirt Long Sleeve,Size,Adult Small,,,,,CONFIGURATOR-BASKETBALL-SHIRT-LONG-ADULT-SMALL,Shenandoah Middle School,,,9999999
configurator-basketball-shirt-long,Basketball Shooting Shirt Long Sleeve,Size,Adult Small,,,,,CONFIGURATOR-BASKETBALL-SHIRT-LONG-ADULT-SMALL,True North Classical Academy,,,9999999
configurator-basketball-shirt-long,Basketball Shooting Shirt Long Sleeve,Size,Adult Medium,,,,,CONFIGURATOR-BASKETBALL-SHIRT-LONG-ADULT-MEDIUM,1000 Brickell Avenue,,,9999999
configurator-basketball-shirt-long,Basketball Shooting Shirt Long Sleeve,Size,Adult Medium,,,,,CONFIGURATOR-BASKETBALL-SHIRT-LONG-ADULT-MEDIUM,Henry H Filer Middle School,,,9999999
configurator-basketball-shirt-long,Basketball Shooting Shirt Long Sleeve,Size,Adult Medium,,,,,CONFIGURATOR-BASKETBALL-SHIRT-LONG-ADULT-MEDIUM,Rockway Middle School,,,9999999
configurator-basketball-shirt-long,Basketball Shooting Shirt Long Sleeve,Size,Adult Medium,,,,,CONFIGURATOR-BASKETBALL-SHIRT-LONG-ADULT-MEDIUM,Shenandoah Middle School,,,9999999
configurator-basketball-shirt-long,Basketball Shooting Shirt Long Sleeve,Size,Adult Medium,,,,,CONFIGURATOR-BASKETBALL-SHIRT-LONG-ADULT-MEDIUM,True North Classical Academy,,,9999999
configurator-basketball-shirt-long,Basketball Shooting Shirt Long Sleeve,Size,Adult Large,,,,,CONFIGURATOR-BASKETBALL-SHIRT-LONG-ADULT-LARGE,1000 Brickell Avenue,,,9999999
configurator-basketball-shirt-long,Basketball Shooting Shirt Long Sleeve,Size,Adult Large,,,,,CONFIGURATOR-BASKETBALL-SHIRT-LONG-ADULT-LARGE,Henry H Filer Middle School,,,9999999
configurator-basketball-shirt-long,Basketball Shooting Shirt Long Sleeve,Size,Adult Large,,,,,CONFIGURATOR-BASKETBALL-SHIRT-LONG-ADULT-LARGE,Rockway Middle School,,,9999999
configurator-basketball-shirt-long,Basketball Shooting Shirt Long Sleeve,Size,Adult Large,,,,,CONFIGURATOR-BASKETBALL-SHIRT-LONG-ADULT-LARGE,Shenandoah Middle School,,,9999999
configurator-basketball-shirt-long,Basketball Shooting Shirt Long Sleeve,Size,Adult Large,,,,,CONFIGURATOR-BASKETBALL-SHIRT-LONG-ADULT-LARGE,True North Classical Academy,,,9999999
configurator-basketball-shirt-long,Basketball Shooting Shirt Long Sleeve,Size,Adult X-Large,,,,,CONFIGURATOR-BASKETBALL-SHIRT-LONG-ADULT-X-LARGE,1000 Brickell Avenue,,,9999999
configurator-basketball-shirt-long,Basketball Shooting Shirt Long Sleeve,Size,Adult X-Large,,,,,CONFIGURATOR-BASKETBALL-SHIRT-LONG-ADULT-X-LARGE,Henry H Filer Middle School,,,9999999
configurator-basketball-shirt-long,Basketball Shooting Shirt Long Sleeve,Size,Adult X-Large,,,,,CONFIGURATOR-BASKETBALL-SHIRT-LONG-ADULT-X-LARGE,Rockway Middle School,,,9999999
configurator-basketball-shirt-long,Basketball Shooting Shirt Long Sleeve,Size,Adult X-Large,,,,,CONFIGURATOR-BASKETBALL-SHIRT-LONG-ADULT-X-LARGE,Shenandoah Middle School,,,9999999
configurator-basketball-shirt-long,Basketball Shooting Shirt Long Sleeve,Size,Adult X-Large,,,,,CONFIGURATOR-BASKETBALL-SHIRT-LONG-ADULT-X-LARGE,True North Classical Academy,,,9999999
configurator-basketball-shirt-long,Basketball Shooting Shirt Long Sleeve,Size,Adult 2XL,,,,,CONFIGURATOR-BASKETBALL-SHIRT-LONG-ADULT-2XL,1000 Brickell Avenue,,,9999999
configurator-basketball-shirt-long,Basketball Shooting Shirt Long Sleeve,Size,Adult 2XL,,,,,CONFIGURATOR-BASKETBALL-SHIRT-LONG-ADULT-2XL,Henry H Filer Middle School,,,9999999
configurator-basketball-shirt-long,Basketball Shooting Shirt Long Sleeve,Size,Adult 2XL,,,,,CONFIGURATOR-BASKETBALL-SHIRT-LONG-ADULT-2XL,Rockway Middle School,,,9999999
configurator-basketball-shirt-long,Basketball Shooting Shirt Long Sleeve,Size,Adult 2XL,,,,,CONFIGURATOR-BASKETBALL-SHIRT-LONG-ADULT-2XL,Shenandoah Middle School,,,9999999
configurator-basketball-shirt-long,Basketball Shooting Shirt Long Sleeve,Size,Adult 2XL,,,,,CONFIGURATOR-BASKETBALL-SHIRT-LONG-ADULT-2XL,True North Classical Academy,,,9999999
configurator-basketball-shirt-long,Basketball Shooting Shirt Long Sleeve,Size,Adult 3XL,,,,,CONFIGURATOR-BASKETBALL-SHIRT-LONG-ADULT-3XL,1000 Brickell Avenue,,,9999999
configurator-basketball-shirt-long,Basketball Shooting Shirt Long Sleeve,Size,Adult 3XL,,,,,CONFIGURATOR-BASKETBALL-SHIRT-LONG-ADULT-3XL,Henry H Filer Middle School,,,9999999
configurator-basketball-shirt-long,Basketball Shooting Shirt Long Sleeve,Size,Adult 3XL,,,,,CONFIGURATOR-BASKETBALL-SHIRT-LONG-ADULT-3XL,Rockway Middle School,,,9999999
configurator-basketball-shirt-long,Basketball Shooting Shirt Long Sleeve,Size,Adult 3XL,,,,,CONFIGURATOR-BASKETBALL-SHIRT-LONG-ADULT-3XL,Shenandoah Middle School,,,9999999
configurator-basketball-shirt-long,Basketball Shooting Shirt Long Sleeve,Size,Adult 3XL,,,,,CONFIGURATOR-BASKETBALL-SHIRT-LONG-ADULT-3XL,True North Classical Academy,,,9999999
configurator-basketball-shirt-hoodie,Basketball Shooting Shirt with Hoodie,Size,Youth Small,,,,,CONFIGURATOR-BASKETBALL-SHIRT-HOODIE-YOUTH-SMALL,1000 Brickell Avenue,,,9999999
configurator-basketball-shirt-hoodie,Basketball Shooting Shirt with Hoodie,Size,Youth Small,,,,,CONFIGURATOR-BASKETBALL-SHIRT-HOODIE-YOUTH-SMALL,Henry H Filer Middle School,,,9999999
configurator-basketball-shirt-hoodie,Basketball Shooting Shirt with Hoodie,Size,Youth Small,,,,,CONFIGURATOR-BASKETBALL-SHIRT-HOODIE-YOUTH-SMALL,Rockway Middle School,,,9999999
configurator-basketball-shirt-hoodie,Basketball Shooting Shirt with Hoodie,Size,Youth Small,,,,,CONFIGURATOR-BASKETBALL-SHIRT-HOODIE-YOUTH-SMALL,Shenandoah Middle School,,,9999999
configurator-basketball-shirt-hoodie,Basketball Shooting Shirt with Hoodie,Size,Youth Small,,,,,CONFIGURATOR-BASKETBALL-SHIRT-HOODIE-YOUTH-SMALL,True North Classical Academy,,,9999999
configurator-basketball-shirt-hoodie,Basketball Shooting Shirt with Hoodie,Size,Youth Medium,,,,,CONFIGURATOR-BASKETBALL-SHIRT-HOODIE-YOUTH-MEDIUM,1000 Brickell Avenue,,,9999999
configurator-basketball-shirt-hoodie,Basketball Shooting Shirt with Hoodie,Size,Youth Medium,,,,,CONFIGURATOR-BASKETBALL-SHIRT-HOODIE-YOUTH-MEDIUM,Henry H Filer Middle School,,,9999999
configurator-basketball-shirt-hoodie,Basketball Shooting Shirt with Hoodie,Size,Youth Medium,,,,,CONFIGURATOR-BASKETBALL-SHIRT-HOODIE-YOUTH-MEDIUM,Rockway Middle School,,,9999999
configurator-basketball-shirt-hoodie,Basketball Shooting Shirt with Hoodie,Size,Youth Medium,,,,,CONFIGURATOR-BASKETBALL-SHIRT-HOODIE-YOUTH-MEDIUM,Shenandoah Middle School,,,9999999
configurator-basketball-shirt-hoodie,Basketball Shooting Shirt with Hoodie,Size,Youth Medium,,,,,CONFIGURATOR-BASKETBALL-SHIRT-HOODIE-YOUTH-MEDIUM,True North Classical Academy,,,9999999
configurator-basketball-shirt-hoodie,Basketball Shooting Shirt with Hoodie,Size,Youth Large,,,,,CONFIGURATOR-BASKETBALL-SHIRT-HOODIE-YOUTH-LARGE,1000 Brickell Avenue,,,9999999
configurator-basketball-shirt-hoodie,Basketball Shooting Shirt with Hoodie,Size,Youth Large,,,,,CONFIGURATOR-BASKETBALL-SHIRT-HOODIE-YOUTH-LARGE,Henry H Filer Middle School,,,9999999
configurator-basketball-shirt-hoodie,Basketball Shooting Shirt with Hoodie,Size,Youth Large,,,,,CONFIGURATOR-BASKETBALL-SHIRT-HOODIE-YOUTH-LARGE,Rockway Middle School,,,9999999
configurator-basketball-shirt-hoodie,Basketball Shooting Shirt with Hoodie,Size,Youth Large,,,,,CONFIGURATOR-BASKETBALL-SHIRT-HOODIE-YOUTH-LARGE,Shenandoah Middle School,,,9999999
configurator-basketball-shirt-hoodie,Basketball Shooting Shirt with Hoodie,Size,Youth Large,,,,,CONFIGURATOR-BASKETBALL-SHIRT-HOODIE-YOUTH-LARGE,True North Classical Academy,,,9999999
configurator-basketball-shirt-hoodie,Basketball Shooting Shirt with Hoodie,Size,Adult X-Small,,,,,CONFIGURATOR-BASKETBALL-SHIRT-HOODIE-ADULT-X-SMALL,1000 Brickell Avenue,,,9999999
configurator-basketball-shirt-hoodie,Basketball Shooting Shirt with Hoodie,Size,Adult X-Small,,,,,CONFIGURATOR-BASKETBALL-SHIRT-HOODIE-ADULT-X-SMALL,Henry H Filer Middle School,,,9999999
configurator-basketball-shirt-hoodie,Basketball Shooting Shirt with Hoodie,Size,Adult X-Small,,,,,CONFIGURATOR-BASKETBALL-SHIRT-HOODIE-ADULT-X-SMALL,Rockway Middle School,,,9999999
configurator-basketball-shirt-hoodie,Basketball Shooting Shirt with Hoodie,Size,Adult X-Small,,,,,CONFIGURATOR-BASKETBALL-SHIRT-HOODIE-ADULT-X-SMALL,Shenandoah Middle School,,,9999999
configurator-basketball-shirt-hoodie,Basketball Shooting Shirt with Hoodie,Size,Adult X-Small,,,,,CONFIGURATOR-BASKETBALL-SHIRT-HOODIE-ADULT-X-SMALL,True North Classical Academy,,,9999999
configurator-basketball-shirt-hoodie,Basketball Shooting Shirt with Hoodie,Size,Adult Small,,,,,CONFIGURATOR-BASKETBALL-SHIRT-HOODIE-ADULT-SMALL,1000 Brickell Avenue,,,9999999
configurator-basketball-shirt-hoodie,Basketball Shooting Shirt with Hoodie,Size,Adult Small,,,,,CONFIGURATOR-BASKETBALL-SHIRT-HOODIE-ADULT-SMALL,Henry H Filer Middle School,,,9999999
configurator-basketball-shirt-hoodie,Basketball Shooting Shirt with Hoodie,Size,Adult Small,,,,,CONFIGURATOR-BASKETBALL-SHIRT-HOODIE-ADULT-SMALL,Rockway Middle School,,,9999999
configurator-basketball-shirt-hoodie,Basketball Shooting Shirt with Hoodie,Size,Adult Small,,,,,CONFIGURATOR-BASKETBALL-SHIRT-HOODIE-ADULT-SMALL,Shenandoah Middle School,,,9999999
configurator-basketball-shirt-hoodie,Basketball Shooting Shirt with Hoodie,Size,Adult Small,,,,,CONFIGURATOR-BASKETBALL-SHIRT-HOODIE-ADULT-SMALL,True North Classical Academy,,,9999999
configurator-basketball-shirt-hoodie,Basketball Shooting Shirt with Hoodie,Size,Adult Medium,,,,,CONFIGURATOR-BASKETBALL-SHIRT-HOODIE-ADULT-MEDIUM,1000 Brickell Avenue,,,9999999
configurator-basketball-shirt-hoodie,Basketball Shooting Shirt with Hoodie,Size,Adult Medium,,,,,CONFIGURATOR-BASKETBALL-SHIRT-HOODIE-ADULT-MEDIUM,Henry H Filer Middle School,,,9999999
configurator-basketball-shirt-hoodie,Basketball Shooting Shirt with Hoodie,Size,Adult Medium,,,,,CONFIGURATOR-BASKETBALL-SHIRT-HOODIE-ADULT-MEDIUM,Rockway Middle School,,,9999999
configurator-basketball-shirt-hoodie,Basketball Shooting Shirt with Hoodie,Size,Adult Medium,,,,,CONFIGURATOR-BASKETBALL-SHIRT-HOODIE-ADULT-MEDIUM,Shenandoah Middle School,,,9999999
configurator-basketball-shirt-hoodie,Basketball Shooting Shirt with Hoodie,Size,Adult Medium,,,,,CONFIGURATOR-BASKETBALL-SHIRT-HOODIE-ADULT-MEDIUM,True North Classical Academy,,,9999999
configurator-basketball-shirt-hoodie,Basketball Shooting Shirt with Hoodie,Size,Adult Large,,,,,CONFIGURATOR-BASKETBALL-SHIRT-HOODIE-ADULT-LARGE,1000 Brickell Avenue,,,9999999
configurator-basketball-shirt-hoodie,Basketball Shooting Shirt with Hoodie,Size,Adult Large,,,,,CONFIGURATOR-BASKETBALL-SHIRT-HOODIE-ADULT-LARGE,Henry H Filer Middle School,,,9999999
configurator-basketball-shirt-hoodie,Basketball Shooting Shirt with Hoodie,Size,Adult Large,,,,,CONFIGURATOR-BASKETBALL-SHIRT-HOODIE-ADULT-LARGE,Rockway Middle School,,,9999999
configurator-basketball-shirt-hoodie,Basketball Shooting Shirt with Hoodie,Size,Adult Large,,,,,CONFIGURATOR-BASKETBALL-SHIRT-HOODIE-ADULT-LARGE,Shenandoah Middle School,,,9999999
configurator-basketball-shirt-hoodie,Basketball Shooting Shirt with Hoodie,Size,Adult Large,,,,,CONFIGURATOR-BASKETBALL-SHIRT-HOODIE-ADULT-LARGE,True North Classical Academy,,,9999999
configurator-basketball-shirt-hoodie,Basketball Shooting Shirt with Hoodie,Size,Adult X-Large,,,,,CONFIGURATOR-BASKETBALL-SHIRT-HOODIE-ADULT-X-LARGE,1000 Brickell Avenue,,,9999999
configurator-basketball-shirt-hoodie,Basketball Shooting Shirt with Hoodie,Size,Adult X-Large,,,,,CONFIGURATOR-BASKETBALL-SHIRT-HOODIE-ADULT-X-LARGE,Henry H Filer Middle School,,,9999999
configurator-basketball-shirt-hoodie,Basketball Shooting Shirt with Hoodie,Size,Adult X-Large,,,,,CONFIGURATOR-BASKETBALL-SHIRT-HOODIE-ADULT-X-LARGE,Rockway Middle School,,,9999999
configurator-basketball-shirt-hoodie,Basketball Shooting Shirt with Hoodie,Size,Adult X-Large,,,,,CONFIGURATOR-BASKETBALL-SHIRT-HOODIE-ADULT-X-LARGE,Shenandoah Middle School,,,9999999
configurator-basketball-shirt-hoodie,Basketball Shooting Shirt with Hoodie,Size,Adult X-Large,,,,,CONFIGURATOR-BASKETBALL-SHIRT-HOODIE-ADULT-X-LARGE,True North Classical Academy,,,9999999
configurator-basketball-shirt-hoodie,Basketball Shooting Shirt with Hoodie,Size,Adult 2XL,,,,,CONFIGURATOR-BASKETBALL-SHIRT-HOODIE-ADULT-2XL,1000 Brickell Avenue,,,9999999
configurator-basketball-shirt-hoodie,Basketball Shooting Shirt with Hoodie,Size,Adult 2XL,,,,,CONFIGURATOR-BASKETBALL-SHIRT-HOODIE-ADULT-2XL,Henry H Filer Middle School,,,9999999
configurator-basketball-shirt-hoodie,Basketball Shooting Shirt with Hoodie,Size,Adult 2XL,,,,,CONFIGURATOR-BASKETBALL-SHIRT-HOODIE-ADULT-2XL,Rockway Middle School,,,9999999
configurator-basketball-shirt-hoodie,Basketball Shooting Shirt with Hoodie,Size,Adult 2XL,,,,,CONFIGURATOR-BASKETBALL-SHIRT-HOODIE-ADULT-2XL,Shenandoah Middle School,,,9999999
configurator-basketball-shirt-hoodie,Basketball Shooting Shirt with Hoodie,Size,Adult 2XL,,,,,CONFIGURATOR-BASKETBALL-SHIRT-HOODIE-ADULT-2XL,True North Classical Academy,,,9999999
configurator-basketball-shirt-hoodie,Basketball Shooting Shirt with Hoodie,Size,Adult 3XL,,,,,CONFIGURATOR-BASKETBALL-SHIRT-HOODIE-ADULT-3XL,1000 Brickell Avenue,,,9999999
configurator-basketball-shirt-hoodie,Basketball Shooting Shirt with Hoodie,Size,Adult 3XL,,,,,CONFIGURATOR-BASKETBALL-SHIRT-HOODIE-ADULT-3XL,Henry H Filer Middle School,,,9999999
configurator-basketball-shirt-hoodie,Basketball Shooting Shirt with Hoodie,Size,Adult 3XL,,,,,CONFIGURATOR-BASKETBALL-SHIRT-HOODIE-ADULT-3XL,Rockway Middle School,,,9999999
configurator-basketball-shirt-hoodie,Basketball Shooting Shirt with Hoodie,Size,Adult 3XL,,,,,CONFIGURATOR-BASKETBALL-SHIRT-HOODIE-ADULT-3XL,Shenandoah Middle School,,,9999999
configurator-basketball-shirt-hoodie,Basketball Shooting Shirt with Hoodie,Size,Adult 3XL,,,,,CONFIGURATOR-BASKETBALL-SHIRT-HOODIE-ADULT-3XL,True North Classical Academy,,,9999999
configurator-basketball-shirt-short,Basketball Shooting Shirt Short Sleeve,Size,Youth Small,,,,,CONFIGURATOR-BASKETBALL-SHIRT-SHORT-YOUTH-SMALL,1000 Brickell Avenue,,,9999999
configurator-basketball-shirt-short,Basketball Shooting Shirt Short Sleeve,Size,Youth Small,,,,,CONFIGURATOR-BASKETBALL-SHIRT-SHORT-YOUTH-SMALL,Henry H Filer Middle School,,,9999999
configurator-basketball-shirt-short,Basketball Shooting Shirt Short Sleeve,Size,Youth Small,,,,,CONFIGURATOR-BASKETBALL-SHIRT-SHORT-YOUTH-SMALL,Rockway Middle School,,,9999999
configurator-basketball-shirt-short,Basketball Shooting Shirt Short Sleeve,Size,Youth Small,,,,,CONFIGURATOR-BASKETBALL-SHIRT-SHORT-YOUTH-SMALL,Shenandoah Middle School,,,9999999
configurator-basketball-shirt-short,Basketball Shooting Shirt Short Sleeve,Size,Youth Small,,,,,CONFIGURATOR-BASKETBALL-SHIRT-SHORT-YOUTH-SMALL,True North Classical Academy,,,9999999
configurator-basketball-shirt-short,Basketball Shooting Shirt Short Sleeve,Size,Youth Medium,,,,,CONFIGURATOR-BASKETBALL-SHIRT-SHORT-YOUTH-MEDIUM,1000 Brickell Avenue,,,9999999
configurator-basketball-shirt-short,Basketball Shooting Shirt Short Sleeve,Size,Youth Medium,,,,,CONFIGURATOR-BASKETBALL-SHIRT-SHORT-YOUTH-MEDIUM,Henry H Filer Middle School,,,9999999
configurator-basketball-shirt-short,Basketball Shooting Shirt Short Sleeve,Size,Youth Medium,,,,,CONFIGURATOR-BASKETBALL-SHIRT-SHORT-YOUTH-MEDIUM,Rockway Middle School,,,9999999
configurator-basketball-shirt-short,Basketball Shooting Shirt Short Sleeve,Size,Youth Medium,,,,,CONFIGURATOR-BASKETBALL-SHIRT-SHORT-YOUTH-MEDIUM,Shenandoah Middle School,,,9999999
configurator-basketball-shirt-short,Basketball Shooting Shirt Short Sleeve,Size,Youth Medium,,,,,CONFIGURATOR-BASKETBALL-SHIRT-SHORT-YOUTH-MEDIUM,True North Classical Academy,,,9999999
configurator-basketball-shirt-short,Basketball Shooting Shirt Short Sleeve,Size,Youth Large,,,,,CONFIGURATOR-BASKETBALL-SHIRT-SHORT-YOUTH-LARGE,1000 Brickell Avenue,,,9999999
configurator-basketball-shirt-short,Basketball Shooting Shirt Short Sleeve,Size,Youth Large,,,,,CONFIGURATOR-BASKETBALL-SHIRT-SHORT-YOUTH-LARGE,Henry H Filer Middle School,,,9999999
configurator-basketball-shirt-short,Basketball Shooting Shirt Short Sleeve,Size,Youth Large,,,,,CONFIGURATOR-BASKETBALL-SHIRT-SHORT-YOUTH-LARGE,Rockway Middle School,,,9999999
configurator-basketball-shirt-short,Basketball Shooting Shirt Short Sleeve,Size,Youth Large,,,,,CONFIGURATOR-BASKETBALL-SHIRT-SHORT-YOUTH-LARGE,Shenandoah Middle School,,,9999999
configurator-basketball-shirt-short,Basketball Shooting Shirt Short Sleeve,Size,Youth Large,,,,,CONFIGURATOR-BASKETBALL-SHIRT-SHORT-YOUTH-LARGE,True North Classical Academy,,,9999999
configurator-basketball-shirt-short,Basketball Shooting Shirt Short Sleeve,Size,Adult X-Small,,,,,CONFIGURATOR-BASKETBALL-SHIRT-SHORT-ADULT-X-SMALL,1000 Brickell Avenue,,,9999999
configurator-basketball-shirt-short,Basketball Shooting Shirt Short Sleeve,Size,Adult X-Small,,,,,CONFIGURATOR-BASKETBALL-SHIRT-SHORT-ADULT-X-SMALL,Henry H Filer Middle School,,,9999999
configurator-basketball-shirt-short,Basketball Shooting Shirt Short Sleeve,Size,Adult X-Small,,,,,CONFIGURATOR-BASKETBALL-SHIRT-SHORT-ADULT-X-SMALL,Rockway Middle School,,,9999999
configurator-basketball-shirt-short,Basketball Shooting Shirt Short Sleeve,Size,Adult X-Small,,,,,CONFIGURATOR-BASKETBALL-SHIRT-SHORT-ADULT-X-SMALL,Shenandoah Middle School,,,9999999
configurator-basketball-shirt-short,Basketball Shooting Shirt Short Sleeve,Size,Adult X-Small,,,,,CONFIGURATOR-BASKETBALL-SHIRT-SHORT-ADULT-X-SMALL,True North Classical Academy,,,9999999
configurator-basketball-shirt-short,Basketball Shooting Shirt Short Sleeve,Size,Adult Small,,,,,CONFIGURATOR-BASKETBALL-SHIRT-SHORT-ADULT-SMALL,1000 Brickell Avenue,,,9999999
configurator-basketball-shirt-short,Basketball Shooting Shirt Short Sleeve,Size,Adult Small,,,,,CONFIGURATOR-BASKETBALL-SHIRT-SHORT-ADULT-SMALL,Henry H Filer Middle School,,,9999999
configurator-basketball-shirt-short,Basketball Shooting Shirt Short Sleeve,Size,Adult Small,,,,,CONFIGURATOR-BASKETBALL-SHIRT-SHORT-ADULT-SMALL,Rockway Middle School,,,9999999
configurator-basketball-shirt-short,Basketball Shooting Shirt Short Sleeve,Size,Adult Small,,,,,CONFIGURATOR-BASKETBALL-SHIRT-SHORT-ADULT-SMALL,Shenandoah Middle School,,,9999999
configurator-basketball-shirt-short,Basketball Shooting Shirt Short Sleeve,Size,Adult Small,,,,,CONFIGURATOR-BASKETBALL-SHIRT-SHORT-ADULT-SMALL,True North Classical Academy,,,9999999
configurator-basketball-shirt-short,Basketball Shooting Shirt Short Sleeve,Size,Adult Medium,,,,,CONFIGURATOR-BASKETBALL-SHIRT-SHORT-ADULT-MEDIUM,1000 Brickell Avenue,,,9999999
configurator-basketball-shirt-short,Basketball Shooting Shirt Short Sleeve,Size,Adult Medium,,,,,CONFIGURATOR-BASKETBALL-SHIRT-SHORT-ADULT-MEDIUM,Henry H Filer Middle School,,,9999999
configurator-basketball-shirt-short,Basketball Shooting Shirt Short Sleeve,Size,Adult Medium,,,,,CONFIGURATOR-BASKETBALL-SHIRT-SHORT-ADULT-MEDIUM,Rockway Middle School,,,9999999
configurator-basketball-shirt-short,Basketball Shooting Shirt Short Sleeve,Size,Adult Medium,,,,,CONFIGURATOR-BASKETBALL-SHIRT-SHORT-ADULT-MEDIUM,Shenandoah Middle School,,,9999999
configurator-basketball-shirt-short,Basketball Shooting Shirt Short Sleeve,Size,Adult Medium,,,,,CONFIGURATOR-BASKETBALL-SHIRT-SHORT-ADULT-MEDIUM,True North Classical Academy,,,9999999
configurator-basketball-shirt-short,Basketball Shooting Shirt Short Sleeve,Size,Adult Large,,,,,CONFIGURATOR-BASKETBALL-SHIRT-SHORT-ADULT-LARGE,1000 Brickell Avenue,,,9999999
configurator-basketball-shirt-short,Basketball Shooting Shirt Short Sleeve,Size,Adult Large,,,,,CONFIGURATOR-BASKETBALL-SHIRT-SHORT-ADULT-LARGE,Henry H Filer Middle School,,,9999999
configurator-basketball-shirt-short,Basketball Shooting Shirt Short Sleeve,Size,Adult Large,,,,,CONFIGURATOR-BASKETBALL-SHIRT-SHORT-ADULT-LARGE,Rockway Middle School,,,9999999
configurator-basketball-shirt-short,Basketball Shooting Shirt Short Sleeve,Size,Adult Large,,,,,CONFIGURATOR-BASKETBALL-SHIRT-SHORT-ADULT-LARGE,Shenandoah Middle School,,,9999999
configurator-basketball-shirt-short,Basketball Shooting Shirt Short Sleeve,Size,Adult Large,,,,,CONFIGURATOR-BASKETBALL-SHIRT-SHORT-ADULT-LARGE,True North Classical Academy,,,9999999
configurator-basketball-shirt-short,Basketball Shooting Shirt Short Sleeve,Size,Adult X-Large,,,,,CONFIGURATOR-BASKETBALL-SHIRT-SHORT-ADULT-X-LARGE,1000 Brickell Avenue,,,9999999
configurator-basketball-shirt-short,Basketball Shooting Shirt Short Sleeve,Size,Adult X-Large,,,,,CONFIGURATOR-BASKETBALL-SHIRT-SHORT-ADULT-X-LARGE,Henry H Filer Middle School,,,9999999
configurator-basketball-shirt-short,Basketball Shooting Shirt Short Sleeve,Size,Adult X-Large,,,,,CONFIGURATOR-BASKETBALL-SHIRT-SHORT-ADULT-X-LARGE,Rockway Middle School,,,9999999
configurator-basketball-shirt-short,Basketball Shooting Shirt Short Sleeve,Size,Adult X-Large,,,,,CONFIGURATOR-BASKETBALL-SHIRT-SHORT-ADULT-X-LARGE,Shenandoah Middle School,,,9999999
configurator-basketball-shirt-short,Basketball Shooting Shirt Short Sleeve,Size,Adult X-Large,,,,,CONFIGURATOR-BASKETBALL-SHIRT-SHORT-ADULT-X-LARGE,True North Classical Academy,,,9999999
configurator-basketball-shirt-short,Basketball Shooting Shirt Short Sleeve,Size,Adult 2XL,,,,,CONFIGURATOR-BASKETBALL-SHIRT-SHORT-ADULT-2XL,1000 Brickell Avenue,,,9999999
configurator-basketball-shirt-short,Basketball Shooting Shirt Short Sleeve,Size,Adult 2XL,,,,,CONFIGURATOR-BASKETBALL-SHIRT-SHORT-ADULT-2XL,Henry H Filer Middle School,,,9999999
configurator-basketball-shirt-short,Basketball Shooting Shirt Short Sleeve,Size,Adult 2XL,,,,,CONFIGURATOR-BASKETBALL-SHIRT-SHORT-ADULT-2XL,Rockway Middle School,,,9999999
configurator-basketball-shirt-short,Basketball Shooting Shirt Short Sleeve,Size,Adult 2XL,,,,,CONFIGURATOR-BASKETBALL-SHIRT-SHORT-ADULT-2XL,Shenandoah Middle School,,,9999999
configurator-basketball-shirt-short,Basketball Shooting Shirt Short Sleeve,Size,Adult 2XL,,,,,CONFIGURATOR-BASKETBALL-SHIRT-SHORT-ADULT-2XL,True North Classical Academy,,,9999999
configurator-basketball-shirt-short,Basketball Shooting Shirt Short Sleeve,Size,Adult 3XL,,,,,CONFIGURATOR-BASKETBALL-SHIRT-SHORT-ADULT-3XL,1000 Brickell Avenue,,,9999999
configurator-basketball-shirt-short,Basketball Shooting Shirt Short Sleeve,Size,Adult 3XL,,,,,CONFIGURATOR-BASKETBALL-SHIRT-SHORT-ADULT-3XL,Henry H Filer Middle School,,,9999999
configurator-basketball-shirt-short,Basketball Shooting Shirt Short Sleeve,Size,Adult 3XL,,,,,CONFIGURATOR-BASKETBALL-SHIRT-SHORT-ADULT-3XL,Rockway Middle School,,,9999999
configurator-basketball-shirt-short,Basketball Shooting Shirt Short Sleeve,Size,Adult 3XL,,,,,CONFIGURATOR-BASKETBALL-SHIRT-SHORT-ADULT-3XL,Shenandoah Middle School,,,9999999
configurator-basketball-shirt-short,Basketball Shooting Shirt Short Sleeve,Size,Adult 3XL,,,,,CONFIGURATOR-BASKETBALL-SHIRT-SHORT-ADULT-3XL,True North Classical Academy,,,9999999
configurator-duffle-bag,Duffle Bag,Title,Default Title,,,,,CONFIGURATOR-DUFFLE-BAG-DEFAULT-TITLE,1000 Brickell Avenue,,,9999999
configurator-duffle-bag,Duffle Bag,Title,Default Title,,,,,CONFIGURATOR-DUFFLE-BAG-DEFAULT-TITLE,Henry H Filer Middle School,,,9999999
configurator-duffle-bag,Duffle Bag,Title,Default Title,,,,,CONFIGURATOR-DUFFLE-BAG-DEFAULT-TITLE,Rockway Middle School,,,9999999
configurator-duffle-bag,Duffle Bag,Title,Default Title,,,,,CONFIGURATOR-DUFFLE-BAG-DEFAULT-TITLE,Shenandoah Middle School,,,9999999
configurator-duffle-bag,Duffle Bag,Title,Default Title,,,,,CONFIGURATOR-DUFFLE-BAG-DEFAULT-TITLE,True North Classical Academy,,,9999999
configurator-flag-football-hoodie,Flag Football Jersey with Hoodie,Size,Youth Small,,,,,CONFIGURATOR-FLAG-FOOTBALL-HOODIE-YOUTH-SMALL,1000 Brickell Avenue,,,9999999
configurator-flag-football-hoodie,Flag Football Jersey with Hoodie,Size,Youth Small,,,,,CONFIGURATOR-FLAG-FOOTBALL-HOODIE-YOUTH-SMALL,Henry H Filer Middle School,,,9999999
configurator-flag-football-hoodie,Flag Football Jersey with Hoodie,Size,Youth Small,,,,,CONFIGURATOR-FLAG-FOOTBALL-HOODIE-YOUTH-SMALL,Rockway Middle School,,,9999999
configurator-flag-football-hoodie,Flag Football Jersey with Hoodie,Size,Youth Small,,,,,CONFIGURATOR-FLAG-FOOTBALL-HOODIE-YOUTH-SMALL,Shenandoah Middle School,,,9999999
configurator-flag-football-hoodie,Flag Football Jersey with Hoodie,Size,Youth Small,,,,,CONFIGURATOR-FLAG-FOOTBALL-HOODIE-YOUTH-SMALL,True North Classical Academy,,,9999999
configurator-flag-football-hoodie,Flag Football Jersey with Hoodie,Size,Youth Medium,,,,,CONFIGURATOR-FLAG-FOOTBALL-HOODIE-YOUTH-MEDIUM,1000 Brickell Avenue,,,9999999
configurator-flag-football-hoodie,Flag Football Jersey with Hoodie,Size,Youth Medium,,,,,CONFIGURATOR-FLAG-FOOTBALL-HOODIE-YOUTH-MEDIUM,Henry H Filer Middle School,,,9999999
configurator-flag-football-hoodie,Flag Football Jersey with Hoodie,Size,Youth Medium,,,,,CONFIGURATOR-FLAG-FOOTBALL-HOODIE-YOUTH-MEDIUM,Rockway Middle School,,,9999999
configurator-flag-football-hoodie,Flag Football Jersey with Hoodie,Size,Youth Medium,,,,,CONFIGURATOR-FLAG-FOOTBALL-HOODIE-YOUTH-MEDIUM,Shenandoah Middle School,,,9999999
configurator-flag-football-hoodie,Flag Football Jersey with Hoodie,Size,Youth Medium,,,,,CONFIGURATOR-FLAG-FOOTBALL-HOODIE-YOUTH-MEDIUM,True North Classical Academy,,,9999999
configurator-flag-football-hoodie,Flag Football Jersey with Hoodie,Size,Youth Large,,,,,CONFIGURATOR-FLAG-FOOTBALL-HOODIE-YOUTH-LARGE,1000 Brickell Avenue,,,9999999
configurator-flag-football-hoodie,Flag Football Jersey with Hoodie,Size,Youth Large,,,,,CONFIGURATOR-FLAG-FOOTBALL-HOODIE-YOUTH-LARGE,Henry H Filer Middle School,,,9999999
configurator-flag-football-hoodie,Flag Football Jersey with Hoodie,Size,Youth Large,,,,,CONFIGURATOR-FLAG-FOOTBALL-HOODIE-YOUTH-LARGE,Rockway Middle School,,,9999999
configurator-flag-football-hoodie,Flag Football Jersey with Hoodie,Size,Youth Large,,,,,CONFIGURATOR-FLAG-FOOTBALL-HOODIE-YOUTH-LARGE,Shenandoah Middle School,,,9999999
configurator-flag-football-hoodie,Flag Football Jersey with Hoodie,Size,Youth Large,,,,,CONFIGURATOR-FLAG-FOOTBALL-HOODIE-YOUTH-LARGE,True North Classical Academy,,,9999999
configurator-flag-football-hoodie,Flag Football Jersey with Hoodie,Size,Adult X-Small,,,,,CONFIGURATOR-FLAG-FOOTBALL-HOODIE-ADULT-X-SMALL,1000 Brickell Avenue,,,9999999
configurator-flag-football-hoodie,Flag Football Jersey with Hoodie,Size,Adult X-Small,,,,,CONFIGURATOR-FLAG-FOOTBALL-HOODIE-ADULT-X-SMALL,Henry H Filer Middle School,,,9999999
configurator-flag-football-hoodie,Flag Football Jersey with Hoodie,Size,Adult X-Small,,,,,CONFIGURATOR-FLAG-FOOTBALL-HOODIE-ADULT-X-SMALL,Rockway Middle School,,,9999999
configurator-flag-football-hoodie,Flag Football Jersey with Hoodie,Size,Adult X-Small,,,,,CONFIGURATOR-FLAG-FOOTBALL-HOODIE-ADULT-X-SMALL,Shenandoah Middle School,,,9999999
configurator-flag-football-hoodie,Flag Football Jersey with Hoodie,Size,Adult X-Small,,,,,CONFIGURATOR-FLAG-FOOTBALL-HOODIE-ADULT-X-SMALL,True North Classical Academy,,,9999999
configurator-flag-football-hoodie,Flag Football Jersey with Hoodie,Size,Adult Small,,,,,CONFIGURATOR-FLAG-FOOTBALL-HOODIE-ADULT-SMALL,1000 Brickell Avenue,,,9999999
configurator-flag-football-hoodie,Flag Football Jersey with Hoodie,Size,Adult Small,,,,,CONFIGURATOR-FLAG-FOOTBALL-HOODIE-ADULT-SMALL,Henry H Filer Middle School,,,9999999
configurator-flag-football-hoodie,Flag Football Jersey with Hoodie,Size,Adult Small,,,,,CONFIGURATOR-FLAG-FOOTBALL-HOODIE-ADULT-SMALL,Rockway Middle School,,,9999999
configurator-flag-football-hoodie,Flag Football Jersey with Hoodie,Size,Adult Small,,,,,CONFIGURATOR-FLAG-FOOTBALL-HOODIE-ADULT-SMALL,Shenandoah Middle School,,,9999999
configurator-flag-football-hoodie,Flag Football Jersey with Hoodie,Size,Adult Small,,,,,CONFIGURATOR-FLAG-FOOTBALL-HOODIE-ADULT-SMALL,True North Classical Academy,,,9999999
configurator-flag-football-hoodie,Flag Football Jersey with Hoodie,Size,Adult Medium,,,,,CONFIGURATOR-FLAG-FOOTBALL-HOODIE-ADULT-MEDIUM,1000 Brickell Avenue,,,9999999
configurator-flag-football-hoodie,Flag Football Jersey with Hoodie,Size,Adult Medium,,,,,CONFIGURATOR-FLAG-FOOTBALL-HOODIE-ADULT-MEDIUM,Henry H Filer Middle School,,,9999999
configurator-flag-football-hoodie,Flag Football Jersey with Hoodie,Size,Adult Medium,,,,,CONFIGURATOR-FLAG-FOOTBALL-HOODIE-ADULT-MEDIUM,Rockway Middle School,,,9999999
configurator-flag-football-hoodie,Flag Football Jersey with Hoodie,Size,Adult Medium,,,,,CONFIGURATOR-FLAG-FOOTBALL-HOODIE-ADULT-MEDIUM,Shenandoah Middle School,,,9999999
configurator-flag-football-hoodie,Flag Football Jersey with Hoodie,Size,Adult Medium,,,,,CONFIGURATOR-FLAG-FOOTBALL-HOODIE-ADULT-MEDIUM,True North Classical Academy,,,9999999
configurator-flag-football-hoodie,Flag Football Jersey with Hoodie,Size,Adult Large,,,,,CONFIGURATOR-FLAG-FOOTBALL-HOODIE-ADULT-LARGE,1000 Brickell Avenue,,,9999999
configurator-flag-football-hoodie,Flag Football Jersey with Hoodie,Size,Adult Large,,,,,CONFIGURATOR-FLAG-FOOTBALL-HOODIE-ADULT-LARGE,Henry H Filer Middle School,,,9999999
configurator-flag-football-hoodie,Flag Football Jersey with Hoodie,Size,Adult Large,,,,,CONFIGURATOR-FLAG-FOOTBALL-HOODIE-ADULT-LARGE,Rockway Middle School,,,9999999
configurator-flag-football-hoodie,Flag Football Jersey with Hoodie,Size,Adult Large,,,,,CONFIGURATOR-FLAG-FOOTBALL-HOODIE-ADULT-LARGE,Shenandoah Middle School,,,9999999
configurator-flag-football-hoodie,Flag Football Jersey with Hoodie,Size,Adult Large,,,,,CONFIGURATOR-FLAG-FOOTBALL-HOODIE-ADULT-LARGE,True North Classical Academy,,,9999999
configurator-flag-football-hoodie,Flag Football Jersey with Hoodie,Size,Adult X-Large,,,,,CONFIGURATOR-FLAG-FOOTBALL-HOODIE-ADULT-X-LARGE,1000 Brickell Avenue,,,9999999
configurator-flag-football-hoodie,Flag Football Jersey with Hoodie,Size,Adult X-Large,,,,,CONFIGURATOR-FLAG-FOOTBALL-HOODIE-ADULT-X-LARGE,Henry H Filer Middle School,,,9999999
configurator-flag-football-hoodie,Flag Football Jersey with Hoodie,Size,Adult X-Large,,,,,CONFIGURATOR-FLAG-FOOTBALL-HOODIE-ADULT-X-LARGE,Rockway Middle School,,,9999999
configurator-flag-football-hoodie,Flag Football Jersey with Hoodie,Size,Adult X-Large,,,,,CONFIGURATOR-FLAG-FOOTBALL-HOODIE-ADULT-X-LARGE,Shenandoah Middle School,,,9999999
configurator-flag-football-hoodie,Flag Football Jersey with Hoodie,Size,Adult X-Large,,,,,CONFIGURATOR-FLAG-FOOTBALL-HOODIE-ADULT-X-LARGE,True North Classical Academy,,,9999999
configurator-flag-football-hoodie,Flag Football Jersey with Hoodie,Size,Adult 2XL,,,,,CONFIGURATOR-FLAG-FOOTBALL-HOODIE-ADULT-2XL,1000 Brickell Avenue,,,9999999
configurator-flag-football-hoodie,Flag Football Jersey with Hoodie,Size,Adult 2XL,,,,,CONFIGURATOR-FLAG-FOOTBALL-HOODIE-ADULT-2XL,Henry H Filer Middle School,,,9999999
configurator-flag-football-hoodie,Flag Football Jersey with Hoodie,Size,Adult 2XL,,,,,CONFIGURATOR-FLAG-FOOTBALL-HOODIE-ADULT-2XL,Rockway Middle School,,,9999999
configurator-flag-football-hoodie,Flag Football Jersey with Hoodie,Size,Adult 2XL,,,,,CONFIGURATOR-FLAG-FOOTBALL-HOODIE-ADULT-2XL,Shenandoah Middle School,,,9999999
configurator-flag-football-hoodie,Flag Football Jersey with Hoodie,Size,Adult 2XL,,,,,CONFIGURATOR-FLAG-FOOTBALL-HOODIE-ADULT-2XL,True North Classical Academy,,,9999999
configurator-flag-football-hoodie,Flag Football Jersey with Hoodie,Size,Adult 3XL,,,,,CONFIGURATOR-FLAG-FOOTBALL-HOODIE-ADULT-3XL,1000 Brickell Avenue,,,9999999
configurator-flag-football-hoodie,Flag Football Jersey with Hoodie,Size,Adult 3XL,,,,,CONFIGURATOR-FLAG-FOOTBALL-HOODIE-ADULT-3XL,Henry H Filer Middle School,,,9999999
configurator-flag-football-hoodie,Flag Football Jersey with Hoodie,Size,Adult 3XL,,,,,CONFIGURATOR-FLAG-FOOTBALL-HOODIE-ADULT-3XL,Rockway Middle School,,,9999999
configurator-flag-football-hoodie,Flag Football Jersey with Hoodie,Size,Adult 3XL,,,,,CONFIGURATOR-FLAG-FOOTBALL-HOODIE-ADULT-3XL,Shenandoah Middle School,,,9999999
configurator-flag-football-hoodie,Flag Football Jersey with Hoodie,Size,Adult 3XL,,,,,CONFIGURATOR-FLAG-FOOTBALL-HOODIE-ADULT-3XL,True North Classical Academy,,,9999999
configurator-half-short,Half Size Shorts,Size,Youth Small,,,,,CONFIGURATOR-HALF-SHORT-YOUTH-SMALL,1000 Brickell Avenue,,,9999999
configurator-half-short,Half Size Shorts,Size,Youth Small,,,,,CONFIGURATOR-HALF-SHORT-YOUTH-SMALL,Henry H Filer Middle School,,,9999999
configurator-half-short,Half Size Shorts,Size,Youth Small,,,,,CONFIGURATOR-HALF-SHORT-YOUTH-SMALL,Rockway Middle School,,,9999999
configurator-half-short,Half Size Shorts,Size,Youth Small,,,,,CONFIGURATOR-HALF-SHORT-YOUTH-SMALL,Shenandoah Middle School,,,9999999
configurator-half-short,Half Size Shorts,Size,Youth Small,,,,,CONFIGURATOR-HALF-SHORT-YOUTH-SMALL,True North Classical Academy,,,9999999
configurator-half-short,Half Size Shorts,Size,Youth Medium,,,,,CONFIGURATOR-HALF-SHORT-YOUTH-MEDIUM,1000 Brickell Avenue,,,9999999
configurator-half-short,Half Size Shorts,Size,Youth Medium,,,,,CONFIGURATOR-HALF-SHORT-YOUTH-MEDIUM,Henry H Filer Middle School,,,9999999
configurator-half-short,Half Size Shorts,Size,Youth Medium,,,,,CONFIGURATOR-HALF-SHORT-YOUTH-MEDIUM,Rockway Middle School,,,9999999
configurator-half-short,Half Size Shorts,Size,Youth Medium,,,,,CONFIGURATOR-HALF-SHORT-YOUTH-MEDIUM,Shenandoah Middle School,,,9999999
configurator-half-short,Half Size Shorts,Size,Youth Medium,,,,,CONFIGURATOR-HALF-SHORT-YOUTH-MEDIUM,True North Classical Academy,,,9999999
configurator-half-short,Half Size Shorts,Size,Youth Large,,,,,CONFIGURATOR-HALF-SHORT-YOUTH-LARGE,1000 Brickell Avenue,,,9999999
configurator-half-short,Half Size Shorts,Size,Youth Large,,,,,CONFIGURATOR-HALF-SHORT-YOUTH-LARGE,Henry H Filer Middle School,,,9999999
configurator-half-short,Half Size Shorts,Size,Youth Large,,,,,CONFIGURATOR-HALF-SHORT-YOUTH-LARGE,Rockway Middle School,,,9999999
configurator-half-short,Half Size Shorts,Size,Youth Large,,,,,CONFIGURATOR-HALF-SHORT-YOUTH-LARGE,Shenandoah Middle School,,,9999999
configurator-half-short,Half Size Shorts,Size,Youth Large,,,,,CONFIGURATOR-HALF-SHORT-YOUTH-LARGE,True North Classical Academy,,,9999999
configurator-half-short,Half Size Shorts,Size,Adult X-Small,,,,,CONFIGURATOR-HALF-SHORT-ADULT-X-SMALL,1000 Brickell Avenue,,,9999999
configurator-half-short,Half Size Shorts,Size,Adult X-Small,,,,,CONFIGURATOR-HALF-SHORT-ADULT-X-SMALL,Henry H Filer Middle School,,,9999999
configurator-half-short,Half Size Shorts,Size,Adult X-Small,,,,,CONFIGURATOR-HALF-SHORT-ADULT-X-SMALL,Rockway Middle School,,,9999999
configurator-half-short,Half Size Shorts,Size,Adult X-Small,,,,,CONFIGURATOR-HALF-SHORT-ADULT-X-SMALL,Shenandoah Middle School,,,9999999
configurator-half-short,Half Size Shorts,Size,Adult X-Small,,,,,CONFIGURATOR-HALF-SHORT-ADULT-X-SMALL,True North Classical Academy,,,9999999
configurator-half-short,Half Size Shorts,Size,Adult Small,,,,,CONFIGURATOR-HALF-SHORT-ADULT-SMALL,1000 Brickell Avenue,,,9999999
configurator-half-short,Half Size Shorts,Size,Adult Small,,,,,CONFIGURATOR-HALF-SHORT-ADULT-SMALL,Henry H Filer Middle School,,,9999999
configurator-half-short,Half Size Shorts,Size,Adult Small,,,,,CONFIGURATOR-HALF-SHORT-ADULT-SMALL,Rockway Middle School,,,9999999
configurator-half-short,Half Size Shorts,Size,Adult Small,,,,,CONFIGURATOR-HALF-SHORT-ADULT-SMALL,Shenandoah Middle School,,,9999999
configurator-half-short,Half Size Shorts,Size,Adult Small,,,,,CONFIGURATOR-HALF-SHORT-ADULT-SMALL,True North Classical Academy,,,9999999
configurator-half-short,Half Size Shorts,Size,Adult Medium,,,,,CONFIGURATOR-HALF-SHORT-ADULT-MEDIUM,1000 Brickell Avenue,,,9999999
configurator-half-short,Half Size Shorts,Size,Adult Medium,,,,,CONFIGURATOR-HALF-SHORT-ADULT-MEDIUM,Henry H Filer Middle School,,,9999999
configurator-half-short,Half Size Shorts,Size,Adult Medium,,,,,CONFIGURATOR-HALF-SHORT-ADULT-MEDIUM,Rockway Middle School,,,9999999
configurator-half-short,Half Size Shorts,Size,Adult Medium,,,,,CONFIGURATOR-HALF-SHORT-ADULT-MEDIUM,Shenandoah Middle School,,,9999999
configurator-half-short,Half Size Shorts,Size,Adult Medium,,,,,CONFIGURATOR-HALF-SHORT-ADULT-MEDIUM,True North Classical Academy,,,9999999
configurator-half-short,Half Size Shorts,Size,Adult Large,,,,,CONFIGURATOR-HALF-SHORT-ADULT-LARGE,1000 Brickell Avenue,,,9999999
configurator-half-short,Half Size Shorts,Size,Adult Large,,,,,CONFIGURATOR-HALF-SHORT-ADULT-LARGE,Henry H Filer Middle School,,,9999999
configurator-half-short,Half Size Shorts,Size,Adult Large,,,,,CONFIGURATOR-HALF-SHORT-ADULT-LARGE,Rockway Middle School,,,9999999
configurator-half-short,Half Size Shorts,Size,Adult Large,,,,,CONFIGURATOR-HALF-SHORT-ADULT-LARGE,Shenandoah Middle School,,,9999999
configurator-half-short,Half Size Shorts,Size,Adult Large,,,,,CONFIGURATOR-HALF-SHORT-ADULT-LARGE,True North Classical Academy,,,9999999
configurator-half-short,Half Size Shorts,Size,Adult X-Large,,,,,CONFIGURATOR-HALF-SHORT-ADULT-X-LARGE,1000 Brickell Avenue,,,9999999
configurator-half-short,Half Size Shorts,Size,Adult X-Large,,,,,CONFIGURATOR-HALF-SHORT-ADULT-X-LARGE,Henry H Filer Middle School,,,9999999
configurator-half-short,Half Size Shorts,Size,Adult X-Large,,,,,CONFIGURATOR-HALF-SHORT-ADULT-X-LARGE,Rockway Middle School,,,9999999
configurator-half-short,Half Size Shorts,Size,Adult X-Large,,,,,CONFIGURATOR-HALF-SHORT-ADULT-X-LARGE,Shenandoah Middle School,,,9999999
configurator-half-short,Half Size Shorts,Size,Adult X-Large,,,,,CONFIGURATOR-HALF-SHORT-ADULT-X-LARGE,True North Classical Academy,,,9999999
configurator-half-short,Half Size Shorts,Size,Adult 2XL,,,,,CONFIGURATOR-HALF-SHORT-ADULT-2XL,1000 Brickell Avenue,,,9999999
configurator-half-short,Half Size Shorts,Size,Adult 2XL,,,,,CONFIGURATOR-HALF-SHORT-ADULT-2XL,Henry H Filer Middle School,,,9999999
configurator-half-short,Half Size Shorts,Size,Adult 2XL,,,,,CONFIGURATOR-HALF-SHORT-ADULT-2XL,Rockway Middle School,,,9999999
configurator-half-short,Half Size Shorts,Size,Adult 2XL,,,,,CONFIGURATOR-HALF-SHORT-ADULT-2XL,Shenandoah Middle School,,,9999999
configurator-half-short,Half Size Shorts,Size,Adult 2XL,,,,,CONFIGURATOR-HALF-SHORT-ADULT-2XL,True North Classical Academy,,,9999999
configurator-half-short,Half Size Shorts,Size,Adult 3XL,,,,,CONFIGURATOR-HALF-SHORT-ADULT-3XL,1000 Brickell Avenue,,,9999999
configurator-half-short,Half Size Shorts,Size,Adult 3XL,,,,,CONFIGURATOR-HALF-SHORT-ADULT-3XL,Henry H Filer Middle School,,,9999999
configurator-half-short,Half Size Shorts,Size,Adult 3XL,,,,,CONFIGURATOR-HALF-SHORT-ADULT-3XL,Rockway Middle School,,,9999999
configurator-half-short,Half Size Shorts,Size,Adult 3XL,,,,,CONFIGURATOR-HALF-SHORT-ADULT-3XL,Shenandoah Middle School,,,9999999
configurator-half-short,Half Size Shorts,Size,Adult 3XL,,,,,CONFIGURATOR-HALF-SHORT-ADULT-3XL,True North Classical Academy,,,9999999
configurator-hoodie,Hoodie,Size,Youth Small,,,,,CONFIGURATOR-HOODIE-YOUTH-SMALL,1000 Brickell Avenue,,,9999999
configurator-hoodie,Hoodie,Size,Youth Small,,,,,CONFIGURATOR-HOODIE-YOUTH-SMALL,Henry H Filer Middle School,,,9999999
configurator-hoodie,Hoodie,Size,Youth Small,,,,,CONFIGURATOR-HOODIE-YOUTH-SMALL,Rockway Middle School,,,9999999
configurator-hoodie,Hoodie,Size,Youth Small,,,,,CONFIGURATOR-HOODIE-YOUTH-SMALL,Shenandoah Middle School,,,9999999
configurator-hoodie,Hoodie,Size,Youth Small,,,,,CONFIGURATOR-HOODIE-YOUTH-SMALL,True North Classical Academy,,,9999999
configurator-hoodie,Hoodie,Size,Youth Medium,,,,,CONFIGURATOR-HOODIE-YOUTH-MEDIUM,1000 Brickell Avenue,,,9999999
configurator-hoodie,Hoodie,Size,Youth Medium,,,,,CONFIGURATOR-HOODIE-YOUTH-MEDIUM,Henry H Filer Middle School,,,9999999
configurator-hoodie,Hoodie,Size,Youth Medium,,,,,CONFIGURATOR-HOODIE-YOUTH-MEDIUM,Rockway Middle School,,,9999999
configurator-hoodie,Hoodie,Size,Youth Medium,,,,,CONFIGURATOR-HOODIE-YOUTH-MEDIUM,Shenandoah Middle School,,,9999999
configurator-hoodie,Hoodie,Size,Youth Medium,,,,,CONFIGURATOR-HOODIE-YOUTH-MEDIUM,True North Classical Academy,,,9999999
configurator-hoodie,Hoodie,Size,Youth Large,,,,,CONFIGURATOR-HOODIE-YOUTH-LARGE,1000 Brickell Avenue,,,9999999
configurator-hoodie,Hoodie,Size,Youth Large,,,,,CONFIGURATOR-HOODIE-YOUTH-LARGE,Henry H Filer Middle School,,,9999999
configurator-hoodie,Hoodie,Size,Youth Large,,,,,CONFIGURATOR-HOODIE-YOUTH-LARGE,Rockway Middle School,,,9999999
configurator-hoodie,Hoodie,Size,Youth Large,,,,,CONFIGURATOR-HOODIE-YOUTH-LARGE,Shenandoah Middle School,,,9999999
configurator-hoodie,Hoodie,Size,Youth Large,,,,,CONFIGURATOR-HOODIE-YOUTH-LARGE,True North Classical Academy,,,9999999
configurator-hoodie,Hoodie,Size,Adult X-Small,,,,,CONFIGURATOR-HOODIE-ADULT-X-SMALL,1000 Brickell Avenue,,,9999999
configurator-hoodie,Hoodie,Size,Adult X-Small,,,,,CONFIGURATOR-HOODIE-ADULT-X-SMALL,Henry H Filer Middle School,,,9999999
configurator-hoodie,Hoodie,Size,Adult X-Small,,,,,CONFIGURATOR-HOODIE-ADULT-X-SMALL,Rockway Middle School,,,9999999
configurator-hoodie,Hoodie,Size,Adult X-Small,,,,,CONFIGURATOR-HOODIE-ADULT-X-SMALL,Shenandoah Middle School,,,9999999
configurator-hoodie,Hoodie,Size,Adult X-Small,,,,,CONFIGURATOR-HOODIE-ADULT-X-SMALL,True North Classical Academy,,,9999999
configurator-hoodie,Hoodie,Size,Adult Small,,,,,CONFIGURATOR-HOODIE-ADULT-SMALL,1000 Brickell Avenue,,,9999999
configurator-hoodie,Hoodie,Size,Adult Small,,,,,CONFIGURATOR-HOODIE-ADULT-SMALL,Henry H Filer Middle School,,,9999999
configurator-hoodie,Hoodie,Size,Adult Small,,,,,CONFIGURATOR-HOODIE-ADULT-SMALL,Rockway Middle School,,,9999999
configurator-hoodie,Hoodie,Size,Adult Small,,,,,CONFIGURATOR-HOODIE-ADULT-SMALL,Shenandoah Middle School,,,9999999
configurator-hoodie,Hoodie,Size,Adult Small,,,,,CONFIGURATOR-HOODIE-ADULT-SMALL,True North Classical Academy,,,9999999
configurator-hoodie,Hoodie,Size,Adult Medium,,,,,CONFIGURATOR-HOODIE-ADULT-MEDIUM,1000 Brickell Avenue,,,9999999
configurator-hoodie,Hoodie,Size,Adult Medium,,,,,CONFIGURATOR-HOODIE-ADULT-MEDIUM,Henry H Filer Middle School,,,9999999
configurator-hoodie,Hoodie,Size,Adult Medium,,,,,CONFIGURATOR-HOODIE-ADULT-MEDIUM,Rockway Middle School,,,9999999
configurator-hoodie,Hoodie,Size,Adult Medium,,,,,CONFIGURATOR-HOODIE-ADULT-MEDIUM,Shenandoah Middle School,,,9999999
configurator-hoodie,Hoodie,Size,Adult Medium,,,,,CONFIGURATOR-HOODIE-ADULT-MEDIUM,True North Classical Academy,,,9999999
configurator-hoodie,Hoodie,Size,Adult Large,,,,,CONFIGURATOR-HOODIE-ADULT-LARGE,1000 Brickell Avenue,,,9999999
configurator-hoodie,Hoodie,Size,Adult Large,,,,,CONFIGURATOR-HOODIE-ADULT-LARGE,Henry H Filer Middle School,,,9999999
configurator-hoodie,Hoodie,Size,Adult Large,,,,,CONFIGURATOR-HOODIE-ADULT-LARGE,Rockway Middle School,,,9999999
configurator-hoodie,Hoodie,Size,Adult Large,,,,,CONFIGURATOR-HOODIE-ADULT-LARGE,Shenandoah Middle School,,,9999999
configurator-hoodie,Hoodie,Size,Adult Large,,,,,CONFIGURATOR-HOODIE-ADULT-LARGE,True North Classical Academy,,,9999999
configurator-hoodie,Hoodie,Size,Adult X-Large,,,,,CONFIGURATOR-HOODIE-ADULT-X-LARGE,1000 Brickell Avenue,,,9999999
configurator-hoodie,Hoodie,Size,Adult X-Large,,,,,CONFIGURATOR-HOODIE-ADULT-X-LARGE,Henry H Filer Middle School,,,9999999
configurator-hoodie,Hoodie,Size,Adult X-Large,,,,,CONFIGURATOR-HOODIE-ADULT-X-LARGE,Rockway Middle School,,,9999999
configurator-hoodie,Hoodie,Size,Adult X-Large,,,,,CONFIGURATOR-HOODIE-ADULT-X-LARGE,Shenandoah Middle School,,,9999999
configurator-hoodie,Hoodie,Size,Adult X-Large,,,,,CONFIGURATOR-HOODIE-ADULT-X-LARGE,True North Classical Academy,,,9999999
configurator-hoodie,Hoodie,Size,Adult 2XL,,,,,CONFIGURATOR-HOODIE-ADULT-2XL,1000 Brickell Avenue,,,9999999
configurator-hoodie,Hoodie,Size,Adult 2XL,,,,,CONFIGURATOR-HOODIE-ADULT-2XL,Henry H Filer Middle School,,,9999999
configurator-hoodie,Hoodie,Size,Adult 2XL,,,,,CONFIGURATOR-HOODIE-ADULT-2XL,Rockway Middle School,,,9999999
configurator-hoodie,Hoodie,Size,Adult 2XL,,,,,CONFIGURATOR-HOODIE-ADULT-2XL,Shenandoah Middle School,,,9999999
configurator-hoodie,Hoodie,Size,Adult 2XL,,,,,CONFIGURATOR-HOODIE-ADULT-2XL,True North Classical Academy,,,9999999
configurator-hoodie,Hoodie,Size,Adult 3XL,,,,,CONFIGURATOR-HOODIE-ADULT-3XL,1000 Brickell Avenue,,,9999999
configurator-hoodie,Hoodie,Size,Adult 3XL,,,,,CONFIGURATOR-HOODIE-ADULT-3XL,Henry H Filer Middle School,,,9999999
configurator-hoodie,Hoodie,Size,Adult 3XL,,,,,CONFIGURATOR-HOODIE-ADULT-3XL,Rockway Middle School,,,9999999
configurator-hoodie,Hoodie,Size,Adult 3XL,,,,,CONFIGURATOR-HOODIE-ADULT-3XL,Shenandoah Middle School,,,9999999
configurator-hoodie,Hoodie,Size,Adult 3XL,,,,,CONFIGURATOR-HOODIE-ADULT-3XL,True North Classical Academy,,,9999999
configurator-long-pants,Long Pants,Size,Youth Small,,,,,CONFIGURATOR-LONG-PANTS-YOUTH-SMALL,1000 Brickell Avenue,,,9999999
configurator-long-pants,Long Pants,Size,Youth Small,,,,,CONFIGURATOR-LONG-PANTS-YOUTH-SMALL,Henry H Filer Middle School,,,9999999
configurator-long-pants,Long Pants,Size,Youth Small,,,,,CONFIGURATOR-LONG-PANTS-YOUTH-SMALL,Rockway Middle School,,,9999999
configurator-long-pants,Long Pants,Size,Youth Small,,,,,CONFIGURATOR-LONG-PANTS-YOUTH-SMALL,Shenandoah Middle School,,,9999999
configurator-long-pants,Long Pants,Size,Youth Small,,,,,CONFIGURATOR-LONG-PANTS-YOUTH-SMALL,True North Classical Academy,,,9999999
configurator-long-pants,Long Pants,Size,Youth Medium,,,,,CONFIGURATOR-LONG-PANTS-YOUTH-MEDIUM,1000 Brickell Avenue,,,9999999
configurator-long-pants,Long Pants,Size,Youth Medium,,,,,CONFIGURATOR-LONG-PANTS-YOUTH-MEDIUM,Henry H Filer Middle School,,,9999999
configurator-long-pants,Long Pants,Size,Youth Medium,,,,,CONFIGURATOR-LONG-PANTS-YOUTH-MEDIUM,Rockway Middle School,,,9999999
configurator-long-pants,Long Pants,Size,Youth Medium,,,,,CONFIGURATOR-LONG-PANTS-YOUTH-MEDIUM,Shenandoah Middle School,,,9999999
configurator-long-pants,Long Pants,Size,Youth Medium,,,,,CONFIGURATOR-LONG-PANTS-YOUTH-MEDIUM,True North Classical Academy,,,9999999
configurator-long-pants,Long Pants,Size,Youth Large,,,,,CONFIGURATOR-LONG-PANTS-YOUTH-LARGE,1000 Brickell Avenue,,,9999999
configurator-long-pants,Long Pants,Size,Youth Large,,,,,CONFIGURATOR-LONG-PANTS-YOUTH-LARGE,Henry H Filer Middle School,,,9999999
configurator-long-pants,Long Pants,Size,Youth Large,,,,,CONFIGURATOR-LONG-PANTS-YOUTH-LARGE,Rockway Middle School,,,9999999
configurator-long-pants,Long Pants,Size,Youth Large,,,,,CONFIGURATOR-LONG-PANTS-YOUTH-LARGE,Shenandoah Middle School,,,9999999
configurator-long-pants,Long Pants,Size,Youth Large,,,,,CONFIGURATOR-LONG-PANTS-YOUTH-LARGE,True North Classical Academy,,,9999999
configurator-long-pants,Long Pants,Size,Adult X-Small,,,,,CONFIGURATOR-LONG-PANTS-ADULT-X-SMALL,1000 Brickell Avenue,,,9999999
configurator-long-pants,Long Pants,Size,Adult X-Small,,,,,CONFIGURATOR-LONG-PANTS-ADULT-X-SMALL,Henry H Filer Middle School,,,9999999
configurator-long-pants,Long Pants,Size,Adult X-Small,,,,,CONFIGURATOR-LONG-PANTS-ADULT-X-SMALL,Rockway Middle School,,,9999999
configurator-long-pants,Long Pants,Size,Adult X-Small,,,,,CONFIGURATOR-LONG-PANTS-ADULT-X-SMALL,Shenandoah Middle School,,,9999999
configurator-long-pants,Long Pants,Size,Adult X-Small,,,,,CONFIGURATOR-LONG-PANTS-ADULT-X-SMALL,True North Classical Academy,,,9999999
configurator-long-pants,Long Pants,Size,Adult Small,,,,,CONFIGURATOR-LONG-PANTS-ADULT-SMALL,1000 Brickell Avenue,,,9999999
configurator-long-pants,Long Pants,Size,Adult Small,,,,,CONFIGURATOR-LONG-PANTS-ADULT-SMALL,Henry H Filer Middle School,,,9999999
configurator-long-pants,Long Pants,Size,Adult Small,,,,,CONFIGURATOR-LONG-PANTS-ADULT-SMALL,Rockway Middle School,,,9999999
configurator-long-pants,Long Pants,Size,Adult Small,,,,,CONFIGURATOR-LONG-PANTS-ADULT-SMALL,Shenandoah Middle School,,,9999999
configurator-long-pants,Long Pants,Size,Adult Small,,,,,CONFIGURATOR-LONG-PANTS-ADULT-SMALL,True North Classical Academy,,,9999999
configurator-long-pants,Long Pants,Size,Adult Medium,,,,,CONFIGURATOR-LONG-PANTS-ADULT-MEDIUM,1000 Brickell Avenue,,,9999999
configurator-long-pants,Long Pants,Size,Adult Medium,,,,,CONFIGURATOR-LONG-PANTS-ADULT-MEDIUM,Henry H Filer Middle School,,,9999999
configurator-long-pants,Long Pants,Size,Adult Medium,,,,,CONFIGURATOR-LONG-PANTS-ADULT-MEDIUM,Rockway Middle School,,,9999999
configurator-long-pants,Long Pants,Size,Adult Medium,,,,,CONFIGURATOR-LONG-PANTS-ADULT-MEDIUM,Shenandoah Middle School,,,9999999
configurator-long-pants,Long Pants,Size,Adult Medium,,,,,CONFIGURATOR-LONG-PANTS-ADULT-MEDIUM,True North Classical Academy,,,9999999
configurator-long-pants,Long Pants,Size,Adult Large,,,,,CONFIGURATOR-LONG-PANTS-ADULT-LARGE,1000 Brickell Avenue,,,9999999
configurator-long-pants,Long Pants,Size,Adult Large,,,,,CONFIGURATOR-LONG-PANTS-ADULT-LARGE,Henry H Filer Middle School,,,9999999
configurator-long-pants,Long Pants,Size,Adult Large,,,,,CONFIGURATOR-LONG-PANTS-ADULT-LARGE,Rockway Middle School,,,9999999
configurator-long-pants,Long Pants,Size,Adult Large,,,,,CONFIGURATOR-LONG-PANTS-ADULT-LARGE,Shenandoah Middle School,,,9999999
configurator-long-pants,Long Pants,Size,Adult Large,,,,,CONFIGURATOR-LONG-PANTS-ADULT-LARGE,True North Classical Academy,,,9999999
configurator-long-pants,Long Pants,Size,Adult X-Large,,,,,CONFIGURATOR-LONG-PANTS-ADULT-X-LARGE,1000 Brickell Avenue,,,9999999
configurator-long-pants,Long Pants,Size,Adult X-Large,,,,,CONFIGURATOR-LONG-PANTS-ADULT-X-LARGE,Henry H Filer Middle School,,,9999999
configurator-long-pants,Long Pants,Size,Adult X-Large,,,,,CONFIGURATOR-LONG-PANTS-ADULT-X-LARGE,Rockway Middle School,,,9999999
configurator-long-pants,Long Pants,Size,Adult X-Large,,,,,CONFIGURATOR-LONG-PANTS-ADULT-X-LARGE,Shenandoah Middle School,,,9999999
configurator-long-pants,Long Pants,Size,Adult X-Large,,,,,CONFIGURATOR-LONG-PANTS-ADULT-X-LARGE,True North Classical Academy,,,9999999
configurator-long-pants,Long Pants,Size,Adult 2XL,,,,,CONFIGURATOR-LONG-PANTS-ADULT-2XL,1000 Brickell Avenue,,,9999999
configurator-long-pants,Long Pants,Size,Adult 2XL,,,,,CONFIGURATOR-LONG-PANTS-ADULT-2XL,Henry H Filer Middle School,,,9999999
configurator-long-pants,Long Pants,Size,Adult 2XL,,,,,CONFIGURATOR-LONG-PANTS-ADULT-2XL,Rockway Middle School,,,9999999
configurator-long-pants,Long Pants,Size,Adult 2XL,,,,,CONFIGURATOR-LONG-PANTS-ADULT-2XL,Shenandoah Middle School,,,9999999
configurator-long-pants,Long Pants,Size,Adult 2XL,,,,,CONFIGURATOR-LONG-PANTS-ADULT-2XL,True North Classical Academy,,,9999999
configurator-long-pants,Long Pants,Size,Adult 3XL,,,,,CONFIGURATOR-LONG-PANTS-ADULT-3XL,1000 Brickell Avenue,,,9999999
configurator-long-pants,Long Pants,Size,Adult 3XL,,,,,CONFIGURATOR-LONG-PANTS-ADULT-3XL,Henry H Filer Middle School,,,9999999
configurator-long-pants,Long Pants,Size,Adult 3XL,,,,,CONFIGURATOR-LONG-PANTS-ADULT-3XL,Rockway Middle School,,,9999999
configurator-long-pants,Long Pants,Size,Adult 3XL,,,,,CONFIGURATOR-LONG-PANTS-ADULT-3XL,Shenandoah Middle School,,,9999999
configurator-long-pants,Long Pants,Size,Adult 3XL,,,,,CONFIGURATOR-LONG-PANTS-ADULT-3XL,True North Classical Academy,,,9999999
configurator-polo-long,Polo Shirts Long Sleeve,Size,Youth Small,,,,,CONFIGURATOR-POLO-LONG-YOUTH-SMALL,1000 Brickell Avenue,,,9999999
configurator-polo-long,Polo Shirts Long Sleeve,Size,Youth Small,,,,,CONFIGURATOR-POLO-LONG-YOUTH-SMALL,Henry H Filer Middle School,,,9999999
configurator-polo-long,Polo Shirts Long Sleeve,Size,Youth Small,,,,,CONFIGURATOR-POLO-LONG-YOUTH-SMALL,Rockway Middle School,,,9999999
configurator-polo-long,Polo Shirts Long Sleeve,Size,Youth Small,,,,,CONFIGURATOR-POLO-LONG-YOUTH-SMALL,Shenandoah Middle School,,,9999999
configurator-polo-long,Polo Shirts Long Sleeve,Size,Youth Small,,,,,CONFIGURATOR-POLO-LONG-YOUTH-SMALL,True North Classical Academy,,,9999999
configurator-polo-long,Polo Shirts Long Sleeve,Size,Youth Medium,,,,,CONFIGURATOR-POLO-LONG-YOUTH-MEDIUM,1000 Brickell Avenue,,,9999999
configurator-polo-long,Polo Shirts Long Sleeve,Size,Youth Medium,,,,,CONFIGURATOR-POLO-LONG-YOUTH-MEDIUM,Henry H Filer Middle School,,,9999999
configurator-polo-long,Polo Shirts Long Sleeve,Size,Youth Medium,,,,,CONFIGURATOR-POLO-LONG-YOUTH-MEDIUM,Rockway Middle School,,,9999999
configurator-polo-long,Polo Shirts Long Sleeve,Size,Youth Medium,,,,,CONFIGURATOR-POLO-LONG-YOUTH-MEDIUM,Shenandoah Middle School,,,9999999
configurator-polo-long,Polo Shirts Long Sleeve,Size,Youth Medium,,,,,CONFIGURATOR-POLO-LONG-YOUTH-MEDIUM,True North Classical Academy,,,9999999
configurator-polo-long,Polo Shirts Long Sleeve,Size,Youth Large,,,,,CONFIGURATOR-POLO-LONG-YOUTH-LARGE,1000 Brickell Avenue,,,9999999
configurator-polo-long,Polo Shirts Long Sleeve,Size,Youth Large,,,,,CONFIGURATOR-POLO-LONG-YOUTH-LARGE,Henry H Filer Middle School,,,9999999
configurator-polo-long,Polo Shirts Long Sleeve,Size,Youth Large,,,,,CONFIGURATOR-POLO-LONG-YOUTH-LARGE,Rockway Middle School,,,9999999
configurator-polo-long,Polo Shirts Long Sleeve,Size,Youth Large,,,,,CONFIGURATOR-POLO-LONG-YOUTH-LARGE,Shenandoah Middle School,,,9999999
configurator-polo-long,Polo Shirts Long Sleeve,Size,Youth Large,,,,,CONFIGURATOR-POLO-LONG-YOUTH-LARGE,True North Classical Academy,,,9999999
configurator-polo-long,Polo Shirts Long Sleeve,Size,Adult X-Small,,,,,CONFIGURATOR-POLO-LONG-ADULT-X-SMALL,1000 Brickell Avenue,,,9999999
configurator-polo-long,Polo Shirts Long Sleeve,Size,Adult X-Small,,,,,CONFIGURATOR-POLO-LONG-ADULT-X-SMALL,Henry H Filer Middle School,,,9999999
configurator-polo-long,Polo Shirts Long Sleeve,Size,Adult X-Small,,,,,CONFIGURATOR-POLO-LONG-ADULT-X-SMALL,Rockway Middle School,,,9999999
configurator-polo-long,Polo Shirts Long Sleeve,Size,Adult X-Small,,,,,CONFIGURATOR-POLO-LONG-ADULT-X-SMALL,Shenandoah Middle School,,,9999999
configurator-polo-long,Polo Shirts Long Sleeve,Size,Adult X-Small,,,,,CONFIGURATOR-POLO-LONG-ADULT-X-SMALL,True North Classical Academy,,,9999999
configurator-polo-long,Polo Shirts Long Sleeve,Size,Adult Small,,,,,CONFIGURATOR-POLO-LONG-ADULT-SMALL,1000 Brickell Avenue,,,9999999
configurator-polo-long,Polo Shirts Long Sleeve,Size,Adult Small,,,,,CONFIGURATOR-POLO-LONG-ADULT-SMALL,Henry H Filer Middle School,,,9999999
configurator-polo-long,Polo Shirts Long Sleeve,Size,Adult Small,,,,,CONFIGURATOR-POLO-LONG-ADULT-SMALL,Rockway Middle School,,,9999999
configurator-polo-long,Polo Shirts Long Sleeve,Size,Adult Small,,,,,CONFIGURATOR-POLO-LONG-ADULT-SMALL,Shenandoah Middle School,,,9999999
configurator-polo-long,Polo Shirts Long Sleeve,Size,Adult Small,,,,,CONFIGURATOR-POLO-LONG-ADULT-SMALL,True North Classical Academy,,,9999999
configurator-polo-long,Polo Shirts Long Sleeve,Size,Adult Medium,,,,,CONFIGURATOR-POLO-LONG-ADULT-MEDIUM,1000 Brickell Avenue,,,9999999
configurator-polo-long,Polo Shirts Long Sleeve,Size,Adult Medium,,,,,CONFIGURATOR-POLO-LONG-ADULT-MEDIUM,Henry H Filer Middle School,,,9999999
configurator-polo-long,Polo Shirts Long Sleeve,Size,Adult Medium,,,,,CONFIGURATOR-POLO-LONG-ADULT-MEDIUM,Rockway Middle School,,,9999999
configurator-polo-long,Polo Shirts Long Sleeve,Size,Adult Medium,,,,,CONFIGURATOR-POLO-LONG-ADULT-MEDIUM,Shenandoah Middle School,,,9999999
configurator-polo-long,Polo Shirts Long Sleeve,Size,Adult Medium,,,,,CONFIGURATOR-POLO-LONG-ADULT-MEDIUM,True North Classical Academy,,,9999999
configurator-polo-long,Polo Shirts Long Sleeve,Size,Adult Large,,,,,CONFIGURATOR-POLO-LONG-ADULT-LARGE,1000 Brickell Avenue,,,9999999
configurator-polo-long,Polo Shirts Long Sleeve,Size,Adult Large,,,,,CONFIGURATOR-POLO-LONG-ADULT-LARGE,Henry H Filer Middle School,,,9999999
configurator-polo-long,Polo Shirts Long Sleeve,Size,Adult Large,,,,,CONFIGURATOR-POLO-LONG-ADULT-LARGE,Rockway Middle School,,,9999999
configurator-polo-long,Polo Shirts Long Sleeve,Size,Adult Large,,,,,CONFIGURATOR-POLO-LONG-ADULT-LARGE,Shenandoah Middle School,,,9999999
configurator-polo-long,Polo Shirts Long Sleeve,Size,Adult Large,,,,,CONFIGURATOR-POLO-LONG-ADULT-LARGE,True North Classical Academy,,,9999999
configurator-polo-long,Polo Shirts Long Sleeve,Size,Adult X-Large,,,,,CONFIGURATOR-POLO-LONG-ADULT-X-LARGE,1000 Brickell Avenue,,,9999999
configurator-polo-long,Polo Shirts Long Sleeve,Size,Adult X-Large,,,,,CONFIGURATOR-POLO-LONG-ADULT-X-LARGE,Henry H Filer Middle School,,,9999999
configurator-polo-long,Polo Shirts Long Sleeve,Size,Adult X-Large,,,,,CONFIGURATOR-POLO-LONG-ADULT-X-LARGE,Rockway Middle School,,,9999999
configurator-polo-long,Polo Shirts Long Sleeve,Size,Adult X-Large,,,,,CONFIGURATOR-POLO-LONG-ADULT-X-LARGE,Shenandoah Middle School,,,9999999
configurator-polo-long,Polo Shirts Long Sleeve,Size,Adult X-Large,,,,,CONFIGURATOR-POLO-LONG-ADULT-X-LARGE,True North Classical Academy,,,9999999
configurator-polo-long,Polo Shirts Long Sleeve,Size,Adult 2XL,,,,,CONFIGURATOR-POLO-LONG-ADULT-2XL,1000 Brickell Avenue,,,9999999
configurator-polo-long,Polo Shirts Long Sleeve,Size,Adult 2XL,,,,,CONFIGURATOR-POLO-LONG-ADULT-2XL,Henry H Filer Middle School,,,9999999
configurator-polo-long,Polo Shirts Long Sleeve,Size,Adult 2XL,,,,,CONFIGURATOR-POLO-LONG-ADULT-2XL,Rockway Middle School,,,9999999
configurator-polo-long,Polo Shirts Long Sleeve,Size,Adult 2XL,,,,,CONFIGURATOR-POLO-LONG-ADULT-2XL,Shenandoah Middle School,,,9999999
configurator-polo-long,Polo Shirts Long Sleeve,Size,Adult 2XL,,,,,CONFIGURATOR-POLO-LONG-ADULT-2XL,True North Classical Academy,,,9999999
configurator-polo-long,Polo Shirts Long Sleeve,Size,Adult 3XL,,,,,CONFIGURATOR-POLO-LONG-ADULT-3XL,1000 Brickell Avenue,,,9999999
configurator-polo-long,Polo Shirts Long Sleeve,Size,Adult 3XL,,,,,CONFIGURATOR-POLO-LONG-ADULT-3XL,Henry H Filer Middle School,,,9999999
configurator-polo-long,Polo Shirts Long Sleeve,Size,Adult 3XL,,,,,CONFIGURATOR-POLO-LONG-ADULT-3XL,Rockway Middle School,,,9999999
configurator-polo-long,Polo Shirts Long Sleeve,Size,Adult 3XL,,,,,CONFIGURATOR-POLO-LONG-ADULT-3XL,Shenandoah Middle School,,,9999999
configurator-polo-long,Polo Shirts Long Sleeve,Size,Adult 3XL,,,,,CONFIGURATOR-POLO-LONG-ADULT-3XL,True North Classical Academy,,,9999999
configurator-polo-short,Polo Shirts Short Sleeve,Size,Youth Small,,,,,CONFIGURATOR-POLO-SHORT-YOUTH-SMALL,1000 Brickell Avenue,,,9999999
configurator-polo-short,Polo Shirts Short Sleeve,Size,Youth Small,,,,,CONFIGURATOR-POLO-SHORT-YOUTH-SMALL,Henry H Filer Middle School,,,9999999
configurator-polo-short,Polo Shirts Short Sleeve,Size,Youth Small,,,,,CONFIGURATOR-POLO-SHORT-YOUTH-SMALL,Rockway Middle School,,,9999999
configurator-polo-short,Polo Shirts Short Sleeve,Size,Youth Small,,,,,CONFIGURATOR-POLO-SHORT-YOUTH-SMALL,Shenandoah Middle School,,,9999999
configurator-polo-short,Polo Shirts Short Sleeve,Size,Youth Small,,,,,CONFIGURATOR-POLO-SHORT-YOUTH-SMALL,True North Classical Academy,,,9999999
configurator-polo-short,Polo Shirts Short Sleeve,Size,Youth Medium,,,,,CONFIGURATOR-POLO-SHORT-YOUTH-MEDIUM,1000 Brickell Avenue,,,9999999
configurator-polo-short,Polo Shirts Short Sleeve,Size,Youth Medium,,,,,CONFIGURATOR-POLO-SHORT-YOUTH-MEDIUM,Henry H Filer Middle School,,,9999999
configurator-polo-short,Polo Shirts Short Sleeve,Size,Youth Medium,,,,,CONFIGURATOR-POLO-SHORT-YOUTH-MEDIUM,Rockway Middle School,,,9999999
configurator-polo-short,Polo Shirts Short Sleeve,Size,Youth Medium,,,,,CONFIGURATOR-POLO-SHORT-YOUTH-MEDIUM,Shenandoah Middle School,,,9999999
configurator-polo-short,Polo Shirts Short Sleeve,Size,Youth Medium,,,,,CONFIGURATOR-POLO-SHORT-YOUTH-MEDIUM,True North Classical Academy,,,9999999
configurator-polo-short,Polo Shirts Short Sleeve,Size,Youth Large,,,,,CONFIGURATOR-POLO-SHORT-YOUTH-LARGE,1000 Brickell Avenue,,,9999999
configurator-polo-short,Polo Shirts Short Sleeve,Size,Youth Large,,,,,CONFIGURATOR-POLO-SHORT-YOUTH-LARGE,Henry H Filer Middle School,,,9999999
configurator-polo-short,Polo Shirts Short Sleeve,Size,Youth Large,,,,,CONFIGURATOR-POLO-SHORT-YOUTH-LARGE,Rockway Middle School,,,9999999
configurator-polo-short,Polo Shirts Short Sleeve,Size,Youth Large,,,,,CONFIGURATOR-POLO-SHORT-YOUTH-LARGE,Shenandoah Middle School,,,9999999
configurator-polo-short,Polo Shirts Short Sleeve,Size,Youth Large,,,,,CONFIGURATOR-POLO-SHORT-YOUTH-LARGE,True North Classical Academy,,,9999999
configurator-polo-short,Polo Shirts Short Sleeve,Size,Adult X-Small,,,,,CONFIGURATOR-POLO-SHORT-ADULT-X-SMALL,1000 Brickell Avenue,,,9999999
configurator-polo-short,Polo Shirts Short Sleeve,Size,Adult X-Small,,,,,CONFIGURATOR-POLO-SHORT-ADULT-X-SMALL,Henry H Filer Middle School,,,9999999
configurator-polo-short,Polo Shirts Short Sleeve,Size,Adult X-Small,,,,,CONFIGURATOR-POLO-SHORT-ADULT-X-SMALL,Rockway Middle School,,,9999999
configurator-polo-short,Polo Shirts Short Sleeve,Size,Adult X-Small,,,,,CONFIGURATOR-POLO-SHORT-ADULT-X-SMALL,Shenandoah Middle School,,,9999999
configurator-polo-short,Polo Shirts Short Sleeve,Size,Adult X-Small,,,,,CONFIGURATOR-POLO-SHORT-ADULT-X-SMALL,True North Classical Academy,,,9999999
configurator-polo-short,Polo Shirts Short Sleeve,Size,Adult Small,,,,,CONFIGURATOR-POLO-SHORT-ADULT-SMALL,1000 Brickell Avenue,,,9999999
configurator-polo-short,Polo Shirts Short Sleeve,Size,Adult Small,,,,,CONFIGURATOR-POLO-SHORT-ADULT-SMALL,Henry H Filer Middle School,,,9999999
configurator-polo-short,Polo Shirts Short Sleeve,Size,Adult Small,,,,,CONFIGURATOR-POLO-SHORT-ADULT-SMALL,Rockway Middle School,,,9999999
configurator-polo-short,Polo Shirts Short Sleeve,Size,Adult Small,,,,,CONFIGURATOR-POLO-SHORT-ADULT-SMALL,Shenandoah Middle School,,,9999999
configurator-polo-short,Polo Shirts Short Sleeve,Size,Adult Small,,,,,CONFIGURATOR-POLO-SHORT-ADULT-SMALL,True North Classical Academy,,,9999999
configurator-polo-short,Polo Shirts Short Sleeve,Size,Adult Medium,,,,,CONFIGURATOR-POLO-SHORT-ADULT-MEDIUM,1000 Brickell Avenue,,,9999999
configurator-polo-short,Polo Shirts Short Sleeve,Size,Adult Medium,,,,,CONFIGURATOR-POLO-SHORT-ADULT-MEDIUM,Henry H Filer Middle School,,,9999999
configurator-polo-short,Polo Shirts Short Sleeve,Size,Adult Medium,,,,,CONFIGURATOR-POLO-SHORT-ADULT-MEDIUM,Rockway Middle School,,,9999999
configurator-polo-short,Polo Shirts Short Sleeve,Size,Adult Medium,,,,,CONFIGURATOR-POLO-SHORT-ADULT-MEDIUM,Shenandoah Middle School,,,9999999
configurator-polo-short,Polo Shirts Short Sleeve,Size,Adult Medium,,,,,CONFIGURATOR-POLO-SHORT-ADULT-MEDIUM,True North Classical Academy,,,9999999
configurator-polo-short,Polo Shirts Short Sleeve,Size,Adult Large,,,,,CONFIGURATOR-POLO-SHORT-ADULT-LARGE,1000 Brickell Avenue,,,9999999
configurator-polo-short,Polo Shirts Short Sleeve,Size,Adult Large,,,,,CONFIGURATOR-POLO-SHORT-ADULT-LARGE,Henry H Filer Middle School,,,9999999
configurator-polo-short,Polo Shirts Short Sleeve,Size,Adult Large,,,,,CONFIGURATOR-POLO-SHORT-ADULT-LARGE,Rockway Middle School,,,9999999
configurator-polo-short,Polo Shirts Short Sleeve,Size,Adult Large,,,,,CONFIGURATOR-POLO-SHORT-ADULT-LARGE,Shenandoah Middle School,,,9999999
configurator-polo-short,Polo Shirts Short Sleeve,Size,Adult Large,,,,,CONFIGURATOR-POLO-SHORT-ADULT-LARGE,True North Classical Academy,,,9999999
configurator-polo-short,Polo Shirts Short Sleeve,Size,Adult X-Large,,,,,CONFIGURATOR-POLO-SHORT-ADULT-X-LARGE,1000 Brickell Avenue,,,9999999
configurator-polo-short,Polo Shirts Short Sleeve,Size,Adult X-Large,,,,,CONFIGURATOR-POLO-SHORT-ADULT-X-LARGE,Henry H Filer Middle School,,,9999999
configurator-polo-short,Polo Shirts Short Sleeve,Size,Adult X-Large,,,,,CONFIGURATOR-POLO-SHORT-ADULT-X-LARGE,Rockway Middle School,,,9999999
configurator-polo-short,Polo Shirts Short Sleeve,Size,Adult X-Large,,,,,CONFIGURATOR-POLO-SHORT-ADULT-X-LARGE,Shenandoah Middle School,,,9999999
configurator-polo-short,Polo Shirts Short Sleeve,Size,Adult X-Large,,,,,CONFIGURATOR-POLO-SHORT-ADULT-X-LARGE,True North Classical Academy,,,9999999
configurator-polo-short,Polo Shirts Short Sleeve,Size,Adult 2XL,,,,,CONFIGURATOR-POLO-SHORT-ADULT-2XL,1000 Brickell Avenue,,,9999999
configurator-polo-short,Polo Shirts Short Sleeve,Size,Adult 2XL,,,,,CONFIGURATOR-POLO-SHORT-ADULT-2XL,Henry H Filer Middle School,,,9999999
configurator-polo-short,Polo Shirts Short Sleeve,Size,Adult 2XL,,,,,CONFIGURATOR-POLO-SHORT-ADULT-2XL,Rockway Middle School,,,9999999
configurator-polo-short,Polo Shirts Short Sleeve,Size,Adult 2XL,,,,,CONFIGURATOR-POLO-SHORT-ADULT-2XL,Shenandoah Middle School,,,9999999
configurator-polo-short,Polo Shirts Short Sleeve,Size,Adult 2XL,,,,,CONFIGURATOR-POLO-SHORT-ADULT-2XL,True North Classical Academy,,,9999999
configurator-polo-short,Polo Shirts Short Sleeve,Size,Adult 3XL,,,,,CONFIGURATOR-POLO-SHORT-ADULT-3XL,1000 Brickell Avenue,,,9999999
configurator-polo-short,Polo Shirts Short Sleeve,Size,Adult 3XL,,,,,CONFIGURATOR-POLO-SHORT-ADULT-3XL,Henry H Filer Middle School,,,9999999
configurator-polo-short,Polo Shirts Short Sleeve,Size,Adult 3XL,,,,,CONFIGURATOR-POLO-SHORT-ADULT-3XL,Rockway Middle School,,,9999999
configurator-polo-short,Polo Shirts Short Sleeve,Size,Adult 3XL,,,,,CONFIGURATOR-POLO-SHORT-ADULT-3XL,Shenandoah Middle School,,,9999999
configurator-polo-short,Polo Shirts Short Sleeve,Size,Adult 3XL,,,,,CONFIGURATOR-POLO-SHORT-ADULT-3XL,True North Classical Academy,,,9999999
configurator-soccer-crew,Soccer Jersey Crew Neck,Size,Youth Small,,,,,CONFIGURATOR-SOCCER-CREW-YOUTH-SMALL,1000 Brickell Avenue,,,9999999
configurator-soccer-crew,Soccer Jersey Crew Neck,Size,Youth Small,,,,,CONFIGURATOR-SOCCER-CREW-YOUTH-SMALL,Henry H Filer Middle School,,,9999999
configurator-soccer-crew,Soccer Jersey Crew Neck,Size,Youth Small,,,,,CONFIGURATOR-SOCCER-CREW-YOUTH-SMALL,Rockway Middle School,,,9999999
configurator-soccer-crew,Soccer Jersey Crew Neck,Size,Youth Small,,,,,CONFIGURATOR-SOCCER-CREW-YOUTH-SMALL,Shenandoah Middle School,,,9999999
configurator-soccer-crew,Soccer Jersey Crew Neck,Size,Youth Small,,,,,CONFIGURATOR-SOCCER-CREW-YOUTH-SMALL,True North Classical Academy,,,9999999
configurator-soccer-crew,Soccer Jersey Crew Neck,Size,Youth Medium,,,,,CONFIGURATOR-SOCCER-CREW-YOUTH-MEDIUM,1000 Brickell Avenue,,,9999999
configurator-soccer-crew,Soccer Jersey Crew Neck,Size,Youth Medium,,,,,CONFIGURATOR-SOCCER-CREW-YOUTH-MEDIUM,Henry H Filer Middle School,,,9999999
configurator-soccer-crew,Soccer Jersey Crew Neck,Size,Youth Medium,,,,,CONFIGURATOR-SOCCER-CREW-YOUTH-MEDIUM,Rockway Middle School,,,9999999
configurator-soccer-crew,Soccer Jersey Crew Neck,Size,Youth Medium,,,,,CONFIGURATOR-SOCCER-CREW-YOUTH-MEDIUM,Shenandoah Middle School,,,9999999
configurator-soccer-crew,Soccer Jersey Crew Neck,Size,Youth Medium,,,,,CONFIGURATOR-SOCCER-CREW-YOUTH-MEDIUM,True North Classical Academy,,,9999999
configurator-soccer-crew,Soccer Jersey Crew Neck,Size,Youth Large,,,,,CONFIGURATOR-SOCCER-CREW-YOUTH-LARGE,1000 Brickell Avenue,,,9999999
configurator-soccer-crew,Soccer Jersey Crew Neck,Size,Youth Large,,,,,CONFIGURATOR-SOCCER-CREW-YOUTH-LARGE,Henry H Filer Middle School,,,9999999
configurator-soccer-crew,Soccer Jersey Crew Neck,Size,Youth Large,,,,,CONFIGURATOR-SOCCER-CREW-YOUTH-LARGE,Rockway Middle School,,,9999999
configurator-soccer-crew,Soccer Jersey Crew Neck,Size,Youth Large,,,,,CONFIGURATOR-SOCCER-CREW-YOUTH-LARGE,Shenandoah Middle School,,,9999999
configurator-soccer-crew,Soccer Jersey Crew Neck,Size,Youth Large,,,,,CONFIGURATOR-SOCCER-CREW-YOUTH-LARGE,True North Classical Academy,,,9999999
configurator-soccer-crew,Soccer Jersey Crew Neck,Size,Adult X-Small,,,,,CONFIGURATOR-SOCCER-CREW-ADULT-X-SMALL,1000 Brickell Avenue,,,9999999
configurator-soccer-crew,Soccer Jersey Crew Neck,Size,Adult X-Small,,,,,CONFIGURATOR-SOCCER-CREW-ADULT-X-SMALL,Henry H Filer Middle School,,,9999999
configurator-soccer-crew,Soccer Jersey Crew Neck,Size,Adult X-Small,,,,,CONFIGURATOR-SOCCER-CREW-ADULT-X-SMALL,Rockway Middle School,,,9999999
configurator-soccer-crew,Soccer Jersey Crew Neck,Size,Adult X-Small,,,,,CONFIGURATOR-SOCCER-CREW-ADULT-X-SMALL,Shenandoah Middle School,,,9999999
configurator-soccer-crew,Soccer Jersey Crew Neck,Size,Adult X-Small,,,,,CONFIGURATOR-SOCCER-CREW-ADULT-X-SMALL,True North Classical Academy,,,9999999
configurator-soccer-crew,Soccer Jersey Crew Neck,Size,Adult Small,,,,,CONFIGURATOR-SOCCER-CREW-ADULT-SMALL,1000 Brickell Avenue,,,9999999
configurator-soccer-crew,Soccer Jersey Crew Neck,Size,Adult Small,,,,,CONFIGURATOR-SOCCER-CREW-ADULT-SMALL,Henry H Filer Middle School,,,9999999
configurator-soccer-crew,Soccer Jersey Crew Neck,Size,Adult Small,,,,,CONFIGURATOR-SOCCER-CREW-ADULT-SMALL,Rockway Middle School,,,9999999
configurator-soccer-crew,Soccer Jersey Crew Neck,Size,Adult Small,,,,,CONFIGURATOR-SOCCER-CREW-ADULT-SMALL,Shenandoah Middle School,,,9999999
configurator-soccer-crew,Soccer Jersey Crew Neck,Size,Adult Small,,,,,CONFIGURATOR-SOCCER-CREW-ADULT-SMALL,True North Classical Academy,,,9999999
configurator-soccer-crew,Soccer Jersey Crew Neck,Size,Adult Medium,,,,,CONFIGURATOR-SOCCER-CREW-ADULT-MEDIUM,1000 Brickell Avenue,,,9999999
configurator-soccer-crew,Soccer Jersey Crew Neck,Size,Adult Medium,,,,,CONFIGURATOR-SOCCER-CREW-ADULT-MEDIUM,Henry H Filer Middle School,,,9999999
configurator-soccer-crew,Soccer Jersey Crew Neck,Size,Adult Medium,,,,,CONFIGURATOR-SOCCER-CREW-ADULT-MEDIUM,Rockway Middle School,,,9999999
configurator-soccer-crew,Soccer Jersey Crew Neck,Size,Adult Medium,,,,,CONFIGURATOR-SOCCER-CREW-ADULT-MEDIUM,Shenandoah Middle School,,,9999999
configurator-soccer-crew,Soccer Jersey Crew Neck,Size,Adult Medium,,,,,CONFIGURATOR-SOCCER-CREW-ADULT-MEDIUM,True North Classical Academy,,,9999999
configurator-soccer-crew,Soccer Jersey Crew Neck,Size,Adult Large,,,,,CONFIGURATOR-SOCCER-CREW-ADULT-LARGE,1000 Brickell Avenue,,,9999999
configurator-soccer-crew,Soccer Jersey Crew Neck,Size,Adult Large,,,,,CONFIGURATOR-SOCCER-CREW-ADULT-LARGE,Henry H Filer Middle School,,,9999999
configurator-soccer-crew,Soccer Jersey Crew Neck,Size,Adult Large,,,,,CONFIGURATOR-SOCCER-CREW-ADULT-LARGE,Rockway Middle School,,,9999999
configurator-soccer-crew,Soccer Jersey Crew Neck,Size,Adult Large,,,,,CONFIGURATOR-SOCCER-CREW-ADULT-LARGE,Shenandoah Middle School,,,9999999
configurator-soccer-crew,Soccer Jersey Crew Neck,Size,Adult Large,,,,,CONFIGURATOR-SOCCER-CREW-ADULT-LARGE,True North Classical Academy,,,9999999
configurator-soccer-crew,Soccer Jersey Crew Neck,Size,Adult X-Large,,,,,CONFIGURATOR-SOCCER-CREW-ADULT-X-LARGE,1000 Brickell Avenue,,,9999999
configurator-soccer-crew,Soccer Jersey Crew Neck,Size,Adult X-Large,,,,,CONFIGURATOR-SOCCER-CREW-ADULT-X-LARGE,Henry H Filer Middle School,,,9999999
configurator-soccer-crew,Soccer Jersey Crew Neck,Size,Adult X-Large,,,,,CONFIGURATOR-SOCCER-CREW-ADULT-X-LARGE,Rockway Middle School,,,9999999
configurator-soccer-crew,Soccer Jersey Crew Neck,Size,Adult X-Large,,,,,CONFIGURATOR-SOCCER-CREW-ADULT-X-LARGE,Shenandoah Middle School,,,9999999
configurator-soccer-crew,Soccer Jersey Crew Neck,Size,Adult X-Large,,,,,CONFIGURATOR-SOCCER-CREW-ADULT-X-LARGE,True North Classical Academy,,,9999999
configurator-soccer-crew,Soccer Jersey Crew Neck,Size,Adult 2XL,,,,,CONFIGURATOR-SOCCER-CREW-ADULT-2XL,1000 Brickell Avenue,,,9999999
configurator-soccer-crew,Soccer Jersey Crew Neck,Size,Adult 2XL,,,,,CONFIGURATOR-SOCCER-CREW-ADULT-2XL,Henry H Filer Middle School,,,9999999
configurator-soccer-crew,Soccer Jersey Crew Neck,Size,Adult 2XL,,,,,CONFIGURATOR-SOCCER-CREW-ADULT-2XL,Rockway Middle School,,,9999999
configurator-soccer-crew,Soccer Jersey Crew Neck,Size,Adult 2XL,,,,,CONFIGURATOR-SOCCER-CREW-ADULT-2XL,Shenandoah Middle School,,,9999999
configurator-soccer-crew,Soccer Jersey Crew Neck,Size,Adult 2XL,,,,,CONFIGURATOR-SOCCER-CREW-ADULT-2XL,True North Classical Academy,,,9999999
configurator-soccer-crew,Soccer Jersey Crew Neck,Size,Adult 3XL,,,,,CONFIGURATOR-SOCCER-CREW-ADULT-3XL,1000 Brickell Avenue,,,9999999
configurator-soccer-crew,Soccer Jersey Crew Neck,Size,Adult 3XL,,,,,CONFIGURATOR-SOCCER-CREW-ADULT-3XL,Henry H Filer Middle School,,,9999999
configurator-soccer-crew,Soccer Jersey Crew Neck,Size,Adult 3XL,,,,,CONFIGURATOR-SOCCER-CREW-ADULT-3XL,Rockway Middle School,,,9999999
configurator-soccer-crew,Soccer Jersey Crew Neck,Size,Adult 3XL,,,,,CONFIGURATOR-SOCCER-CREW-ADULT-3XL,Shenandoah Middle School,,,9999999
configurator-soccer-crew,Soccer Jersey Crew Neck,Size,Adult 3XL,,,,,CONFIGURATOR-SOCCER-CREW-ADULT-3XL,True North Classical Academy,,,9999999
configurator-soccer-vneck,Soccer Jersey V-Neck,Size,Youth Small,,,,,CONFIGURATOR-SOCCER-VNECK-YOUTH-SMALL,1000 Brickell Avenue,,,9999999
configurator-soccer-vneck,Soccer Jersey V-Neck,Size,Youth Small,,,,,CONFIGURATOR-SOCCER-VNECK-YOUTH-SMALL,Henry H Filer Middle School,,,9999999
configurator-soccer-vneck,Soccer Jersey V-Neck,Size,Youth Small,,,,,CONFIGURATOR-SOCCER-VNECK-YOUTH-SMALL,Rockway Middle School,,,9999999
configurator-soccer-vneck,Soccer Jersey V-Neck,Size,Youth Small,,,,,CONFIGURATOR-SOCCER-VNECK-YOUTH-SMALL,Shenandoah Middle School,,,9999999
configurator-soccer-vneck,Soccer Jersey V-Neck,Size,Youth Small,,,,,CONFIGURATOR-SOCCER-VNECK-YOUTH-SMALL,True North Classical Academy,,,9999999
configurator-soccer-vneck,Soccer Jersey V-Neck,Size,Youth Medium,,,,,CONFIGURATOR-SOCCER-VNECK-YOUTH-MEDIUM,1000 Brickell Avenue,,,9999999
configurator-soccer-vneck,Soccer Jersey V-Neck,Size,Youth Medium,,,,,CONFIGURATOR-SOCCER-VNECK-YOUTH-MEDIUM,Henry H Filer Middle School,,,9999999
configurator-soccer-vneck,Soccer Jersey V-Neck,Size,Youth Medium,,,,,CONFIGURATOR-SOCCER-VNECK-YOUTH-MEDIUM,Rockway Middle School,,,9999999
configurator-soccer-vneck,Soccer Jersey V-Neck,Size,Youth Medium,,,,,CONFIGURATOR-SOCCER-VNECK-YOUTH-MEDIUM,Shenandoah Middle School,,,9999999
configurator-soccer-vneck,Soccer Jersey V-Neck,Size,Youth Medium,,,,,CONFIGURATOR-SOCCER-VNECK-YOUTH-MEDIUM,True North Classical Academy,,,9999999
configurator-soccer-vneck,Soccer Jersey V-Neck,Size,Youth Large,,,,,CONFIGURATOR-SOCCER-VNECK-YOUTH-LARGE,1000 Brickell Avenue,,,9999999
configurator-soccer-vneck,Soccer Jersey V-Neck,Size,Youth Large,,,,,CONFIGURATOR-SOCCER-VNECK-YOUTH-LARGE,Henry H Filer Middle School,,,9999999
configurator-soccer-vneck,Soccer Jersey V-Neck,Size,Youth Large,,,,,CONFIGURATOR-SOCCER-VNECK-YOUTH-LARGE,Rockway Middle School,,,9999999
configurator-soccer-vneck,Soccer Jersey V-Neck,Size,Youth Large,,,,,CONFIGURATOR-SOCCER-VNECK-YOUTH-LARGE,Shenandoah Middle School,,,9999999
configurator-soccer-vneck,Soccer Jersey V-Neck,Size,Youth Large,,,,,CONFIGURATOR-SOCCER-VNECK-YOUTH-LARGE,True North Classical Academy,,,9999999
configurator-soccer-vneck,Soccer Jersey V-Neck,Size,Adult X-Small,,,,,CONFIGURATOR-SOCCER-VNECK-ADULT-X-SMALL,1000 Brickell Avenue,,,9999999
configurator-soccer-vneck,Soccer Jersey V-Neck,Size,Adult X-Small,,,,,CONFIGURATOR-SOCCER-VNECK-ADULT-X-SMALL,Henry H Filer Middle School,,,9999999
configurator-soccer-vneck,Soccer Jersey V-Neck,Size,Adult X-Small,,,,,CONFIGURATOR-SOCCER-VNECK-ADULT-X-SMALL,Rockway Middle School,,,9999999
configurator-soccer-vneck,Soccer Jersey V-Neck,Size,Adult X-Small,,,,,CONFIGURATOR-SOCCER-VNECK-ADULT-X-SMALL,Shenandoah Middle School,,,9999999
configurator-soccer-vneck,Soccer Jersey V-Neck,Size,Adult X-Small,,,,,CONFIGURATOR-SOCCER-VNECK-ADULT-X-SMALL,True North Classical Academy,,,9999999
configurator-soccer-vneck,Soccer Jersey V-Neck,Size,Adult Small,,,,,CONFIGURATOR-SOCCER-VNECK-ADULT-SMALL,1000 Brickell Avenue,,,9999999
configurator-soccer-vneck,Soccer Jersey V-Neck,Size,Adult Small,,,,,CONFIGURATOR-SOCCER-VNECK-ADULT-SMALL,Henry H Filer Middle School,,,9999999
configurator-soccer-vneck,Soccer Jersey V-Neck,Size,Adult Small,,,,,CONFIGURATOR-SOCCER-VNECK-ADULT-SMALL,Rockway Middle School,,,9999999
configurator-soccer-vneck,Soccer Jersey V-Neck,Size,Adult Small,,,,,CONFIGURATOR-SOCCER-VNECK-ADULT-SMALL,Shenandoah Middle School,,,9999999
configurator-soccer-vneck,Soccer Jersey V-Neck,Size,Adult Small,,,,,CONFIGURATOR-SOCCER-VNECK-ADULT-SMALL,True North Classical Academy,,,9999999
configurator-soccer-vneck,Soccer Jersey V-Neck,Size,Adult Medium,,,,,CONFIGURATOR-SOCCER-VNECK-ADULT-MEDIUM,1000 Brickell Avenue,,,9999999
configurator-soccer-vneck,Soccer Jersey V-Neck,Size,Adult Medium,,,,,CONFIGURATOR-SOCCER-VNECK-ADULT-MEDIUM,Henry H Filer Middle School,,,9999999
configurator-soccer-vneck,Soccer Jersey V-Neck,Size,Adult Medium,,,,,CONFIGURATOR-SOCCER-VNECK-ADULT-MEDIUM,Rockway Middle School,,,9999999
configurator-soccer-vneck,Soccer Jersey V-Neck,Size,Adult Medium,,,,,CONFIGURATOR-SOCCER-VNECK-ADULT-MEDIUM,Shenandoah Middle School,,,9999999
configurator-soccer-vneck,Soccer Jersey V-Neck,Size,Adult Medium,,,,,CONFIGURATOR-SOCCER-VNECK-ADULT-MEDIUM,True North Classical Academy,,,9999999
configurator-soccer-vneck,Soccer Jersey V-Neck,Size,Adult Large,,,,,CONFIGURATOR-SOCCER-VNECK-ADULT-LARGE,1000 Brickell Avenue,,,9999999
configurator-soccer-vneck,Soccer Jersey V-Neck,Size,Adult Large,,,,,CONFIGURATOR-SOCCER-VNECK-ADULT-LARGE,Henry H Filer Middle School,,,9999999
configurator-soccer-vneck,Soccer Jersey V-Neck,Size,Adult Large,,,,,CONFIGURATOR-SOCCER-VNECK-ADULT-LARGE,Rockway Middle School,,,9999999
configurator-soccer-vneck,Soccer Jersey V-Neck,Size,Adult Large,,,,,CONFIGURATOR-SOCCER-VNECK-ADULT-LARGE,Shenandoah Middle School,,,9999999
configurator-soccer-vneck,Soccer Jersey V-Neck,Size,Adult Large,,,,,CONFIGURATOR-SOCCER-VNECK-ADULT-LARGE,True North Classical Academy,,,9999999
configurator-soccer-vneck,Soccer Jersey V-Neck,Size,Adult X-Large,,,,,CONFIGURATOR-SOCCER-VNECK-ADULT-X-LARGE,1000 Brickell Avenue,,,9999999
configurator-soccer-vneck,Soccer Jersey V-Neck,Size,Adult X-Large,,,,,CONFIGURATOR-SOCCER-VNECK-ADULT-X-LARGE,Henry H Filer Middle School,,,9999999
configurator-soccer-vneck,Soccer Jersey V-Neck,Size,Adult X-Large,,,,,CONFIGURATOR-SOCCER-VNECK-ADULT-X-LARGE,Rockway Middle School,,,9999999
configurator-soccer-vneck,Soccer Jersey V-Neck,Size,Adult X-Large,,,,,CONFIGURATOR-SOCCER-VNECK-ADULT-X-LARGE,Shenandoah Middle School,,,9999999
configurator-soccer-vneck,Soccer Jersey V-Neck,Size,Adult X-Large,,,,,CONFIGURATOR-SOCCER-VNECK-ADULT-X-LARGE,True North Classical Academy,,,9999999
configurator-soccer-vneck,Soccer Jersey V-Neck,Size,Adult 2XL,,,,,CONFIGURATOR-SOCCER-VNECK-ADULT-2XL,1000 Brickell Avenue,,,9999999
configurator-soccer-vneck,Soccer Jersey V-Neck,Size,Adult 2XL,,,,,CONFIGURATOR-SOCCER-VNECK-ADULT-2XL,Henry H Filer Middle School,,,9999999
configurator-soccer-vneck,Soccer Jersey V-Neck,Size,Adult 2XL,,,,,CONFIGURATOR-SOCCER-VNECK-ADULT-2XL,Rockway Middle School,,,9999999
configurator-soccer-vneck,Soccer Jersey V-Neck,Size,Adult 2XL,,,,,CONFIGURATOR-SOCCER-VNECK-ADULT-2XL,Shenandoah Middle School,,,9999999
configurator-soccer-vneck,Soccer Jersey V-Neck,Size,Adult 2XL,,,,,CONFIGURATOR-SOCCER-VNECK-ADULT-2XL,True North Classical Academy,,,9999999
configurator-soccer-vneck,Soccer Jersey V-Neck,Size,Adult 3XL,,,,,CONFIGURATOR-SOCCER-VNECK-ADULT-3XL,1000 Brickell Avenue,,,9999999
configurator-soccer-vneck,Soccer Jersey V-Neck,Size,Adult 3XL,,,,,CONFIGURATOR-SOCCER-VNECK-ADULT-3XL,Henry H Filer Middle School,,,9999999
configurator-soccer-vneck,Soccer Jersey V-Neck,Size,Adult 3XL,,,,,CONFIGURATOR-SOCCER-VNECK-ADULT-3XL,Rockway Middle School,,,9999999
configurator-soccer-vneck,Soccer Jersey V-Neck,Size,Adult 3XL,,,,,CONFIGURATOR-SOCCER-VNECK-ADULT-3XL,Shenandoah Middle School,,,9999999
configurator-soccer-vneck,Soccer Jersey V-Neck,Size,Adult 3XL,,,,,CONFIGURATOR-SOCCER-VNECK-ADULT-3XL,True North Classical Academy,,,9999999
configurator-standard-bottom,"Baseball Standard Bottom Cut, Cuffed",Size,Youth Small,,,,,CONFIGURATOR-STANDARD-BOTTOM-YOUTH-SMALL,1000 Brickell Avenue,,,9999999
configurator-standard-bottom,"Baseball Standard Bottom Cut, Cuffed",Size,Youth Small,,,,,CONFIGURATOR-STANDARD-BOTTOM-YOUTH-SMALL,Henry H Filer Middle School,,,9999999
configurator-standard-bottom,"Baseball Standard Bottom Cut, Cuffed",Size,Youth Small,,,,,CONFIGURATOR-STANDARD-BOTTOM-YOUTH-SMALL,Rockway Middle School,,,9999999
configurator-standard-bottom,"Baseball Standard Bottom Cut, Cuffed",Size,Youth Small,,,,,CONFIGURATOR-STANDARD-BOTTOM-YOUTH-SMALL,Shenandoah Middle School,,,9999999
configurator-standard-bottom,"Baseball Standard Bottom Cut, Cuffed",Size,Youth Small,,,,,CONFIGURATOR-STANDARD-BOTTOM-YOUTH-SMALL,True North Classical Academy,,,9999999
configurator-standard-bottom,"Baseball Standard Bottom Cut, Cuffed",Size,Youth Medium,,,,,CONFIGURATOR-STANDARD-BOTTOM-YOUTH-MEDIUM,1000 Brickell Avenue,,,9999999
configurator-standard-bottom,"Baseball Standard Bottom Cut, Cuffed",Size,Youth Medium,,,,,CONFIGURATOR-STANDARD-BOTTOM-YOUTH-MEDIUM,Henry H Filer Middle School,,,9999999
configurator-standard-bottom,"Baseball Standard Bottom Cut, Cuffed",Size,Youth Medium,,,,,CONFIGURATOR-STANDARD-BOTTOM-YOUTH-MEDIUM,Rockway Middle School,,,9999999
configurator-standard-bottom,"Baseball Standard Bottom Cut, Cuffed",Size,Youth Medium,,,,,CONFIGURATOR-STANDARD-BOTTOM-YOUTH-MEDIUM,Shenandoah Middle School,,,9999999
configurator-standard-bottom,"Baseball Standard Bottom Cut, Cuffed",Size,Youth Medium,,,,,CONFIGURATOR-STANDARD-BOTTOM-YOUTH-MEDIUM,True North Classical Academy,,,9999999
configurator-standard-bottom,"Baseball Standard Bottom Cut, Cuffed",Size,Youth Large,,,,,CONFIGURATOR-STANDARD-BOTTOM-YOUTH-LARGE,1000 Brickell Avenue,,,9999999
configurator-standard-bottom,"Baseball Standard Bottom Cut, Cuffed",Size,Youth Large,,,,,CONFIGURATOR-STANDARD-BOTTOM-YOUTH-LARGE,Henry H Filer Middle School,,,9999999
configurator-standard-bottom,"Baseball Standard Bottom Cut, Cuffed",Size,Youth Large,,,,,CONFIGURATOR-STANDARD-BOTTOM-YOUTH-LARGE,Rockway Middle School,,,9999999
configurator-standard-bottom,"Baseball Standard Bottom Cut, Cuffed",Size,Youth Large,,,,,CONFIGURATOR-STANDARD-BOTTOM-YOUTH-LARGE,Shenandoah Middle School,,,9999999
configurator-standard-bottom,"Baseball Standard Bottom Cut, Cuffed",Size,Youth Large,,,,,CONFIGURATOR-STANDARD-BOTTOM-YOUTH-LARGE,True North Classical Academy,,,9999999
configurator-standard-bottom,"Baseball Standard Bottom Cut, Cuffed",Size,Adult X-Small,,,,,CONFIGURATOR-STANDARD-BOTTOM-ADULT-X-SMALL,1000 Brickell Avenue,,,9999999
configurator-standard-bottom,"Baseball Standard Bottom Cut, Cuffed",Size,Adult X-Small,,,,,CONFIGURATOR-STANDARD-BOTTOM-ADULT-X-SMALL,Henry H Filer Middle School,,,9999999
configurator-standard-bottom,"Baseball Standard Bottom Cut, Cuffed",Size,Adult X-Small,,,,,CONFIGURATOR-STANDARD-BOTTOM-ADULT-X-SMALL,Rockway Middle School,,,9999999
configurator-standard-bottom,"Baseball Standard Bottom Cut, Cuffed",Size,Adult X-Small,,,,,CONFIGURATOR-STANDARD-BOTTOM-ADULT-X-SMALL,Shenandoah Middle School,,,9999999
configurator-standard-bottom,"Baseball Standard Bottom Cut, Cuffed",Size,Adult X-Small,,,,,CONFIGURATOR-STANDARD-BOTTOM-ADULT-X-SMALL,True North Classical Academy,,,9999999
configurator-standard-bottom,"Baseball Standard Bottom Cut, Cuffed",Size,Adult Small,,,,,CONFIGURATOR-STANDARD-BOTTOM-ADULT-SMALL,1000 Brickell Avenue,,,9999999
configurator-standard-bottom,"Baseball Standard Bottom Cut, Cuffed",Size,Adult Small,,,,,CONFIGURATOR-STANDARD-BOTTOM-ADULT-SMALL,Henry H Filer Middle School,,,9999999
configurator-standard-bottom,"Baseball Standard Bottom Cut, Cuffed",Size,Adult Small,,,,,CONFIGURATOR-STANDARD-BOTTOM-ADULT-SMALL,Rockway Middle School,,,9999999
configurator-standard-bottom,"Baseball Standard Bottom Cut, Cuffed",Size,Adult Small,,,,,CONFIGURATOR-STANDARD-BOTTOM-ADULT-SMALL,Shenandoah Middle School,,,9999999
configurator-standard-bottom,"Baseball Standard Bottom Cut, Cuffed",Size,Adult Small,,,,,CONFIGURATOR-STANDARD-BOTTOM-ADULT-SMALL,True North Classical Academy,,,9999999
configurator-standard-bottom,"Baseball Standard Bottom Cut, Cuffed",Size,Adult Medium,,,,,CONFIGURATOR-STANDARD-BOTTOM-ADULT-MEDIUM,1000 Brickell Avenue,,,9999999
configurator-standard-bottom,"Baseball Standard Bottom Cut, Cuffed",Size,Adult Medium,,,,,CONFIGURATOR-STANDARD-BOTTOM-ADULT-MEDIUM,Henry H Filer Middle School,,,9999999
configurator-standard-bottom,"Baseball Standard Bottom Cut, Cuffed",Size,Adult Medium,,,,,CONFIGURATOR-STANDARD-BOTTOM-ADULT-MEDIUM,Rockway Middle School,,,9999999
configurator-standard-bottom,"Baseball Standard Bottom Cut, Cuffed",Size,Adult Medium,,,,,CONFIGURATOR-STANDARD-BOTTOM-ADULT-MEDIUM,Shenandoah Middle School,,,9999999
configurator-standard-bottom,"Baseball Standard Bottom Cut, Cuffed",Size,Adult Medium,,,,,CONFIGURATOR-STANDARD-BOTTOM-ADULT-MEDIUM,True North Classical Academy,,,9999999
configurator-standard-bottom,"Baseball Standard Bottom Cut, Cuffed",Size,Adult Large,,,,,CONFIGURATOR-STANDARD-BOTTOM-ADULT-LARGE,1000 Brickell Avenue,,,9999999
configurator-standard-bottom,"Baseball Standard Bottom Cut, Cuffed",Size,Adult Large,,,,,CONFIGURATOR-STANDARD-BOTTOM-ADULT-LARGE,Henry H Filer Middle School,,,9999999
configurator-standard-bottom,"Baseball Standard Bottom Cut, Cuffed",Size,Adult Large,,,,,CONFIGURATOR-STANDARD-BOTTOM-ADULT-LARGE,Rockway Middle School,,,9999999
configurator-standard-bottom,"Baseball Standard Bottom Cut, Cuffed",Size,Adult Large,,,,,CONFIGURATOR-STANDARD-BOTTOM-ADULT-LARGE,Shenandoah Middle School,,,9999999
configurator-standard-bottom,"Baseball Standard Bottom Cut, Cuffed",Size,Adult Large,,,,,CONFIGURATOR-STANDARD-BOTTOM-ADULT-LARGE,True North Classical Academy,,,9999999
configurator-standard-bottom,"Baseball Standard Bottom Cut, Cuffed",Size,Adult X-Large,,,,,CONFIGURATOR-STANDARD-BOTTOM-ADULT-X-LARGE,1000 Brickell Avenue,,,9999999
configurator-standard-bottom,"Baseball Standard Bottom Cut, Cuffed",Size,Adult X-Large,,,,,CONFIGURATOR-STANDARD-BOTTOM-ADULT-X-LARGE,Henry H Filer Middle School,,,9999999
configurator-standard-bottom,"Baseball Standard Bottom Cut, Cuffed",Size,Adult X-Large,,,,,CONFIGURATOR-STANDARD-BOTTOM-ADULT-X-LARGE,Rockway Middle School,,,9999999
configurator-standard-bottom,"Baseball Standard Bottom Cut, Cuffed",Size,Adult X-Large,,,,,CONFIGURATOR-STANDARD-BOTTOM-ADULT-X-LARGE,Shenandoah Middle School,,,9999999
configurator-standard-bottom,"Baseball Standard Bottom Cut, Cuffed",Size,Adult X-Large,,,,,CONFIGURATOR-STANDARD-BOTTOM-ADULT-X-LARGE,True North Classical Academy,,,9999999
configurator-standard-bottom,"Baseball Standard Bottom Cut, Cuffed",Size,Adult 2XL,,,,,CONFIGURATOR-STANDARD-BOTTOM-ADULT-2XL,1000 Brickell Avenue,,,9999999
configurator-standard-bottom,"Baseball Standard Bottom Cut, Cuffed",Size,Adult 2XL,,,,,CONFIGURATOR-STANDARD-BOTTOM-ADULT-2XL,Henry H Filer Middle School,,,9999999
configurator-standard-bottom,"Baseball Standard Bottom Cut, Cuffed",Size,Adult 2XL,,,,,CONFIGURATOR-STANDARD-BOTTOM-ADULT-2XL,Rockway Middle School,,,9999999
configurator-standard-bottom,"Baseball Standard Bottom Cut, Cuffed",Size,Adult 2XL,,,,,CONFIGURATOR-STANDARD-BOTTOM-ADULT-2XL,Shenandoah Middle School,,,9999999
configurator-standard-bottom,"Baseball Standard Bottom Cut, Cuffed",Size,Adult 2XL,,,,,CONFIGURATOR-STANDARD-BOTTOM-ADULT-2XL,True North Classical Academy,,,9999999
configurator-standard-bottom,"Baseball Standard Bottom Cut, Cuffed",Size,Adult 3XL,,,,,CONFIGURATOR-STANDARD-BOTTOM-ADULT-3XL,1000 Brickell Avenue,,,9999999
configurator-standard-bottom,"Baseball Standard Bottom Cut, Cuffed",Size,Adult 3XL,,,,,CONFIGURATOR-STANDARD-BOTTOM-ADULT-3XL,Henry H Filer Middle School,,,9999999
configurator-standard-bottom,"Baseball Standard Bottom Cut, Cuffed",Size,Adult 3XL,,,,,CONFIGURATOR-STANDARD-BOTTOM-ADULT-3XL,Rockway Middle School,,,9999999
configurator-standard-bottom,"Baseball Standard Bottom Cut, Cuffed",Size,Adult 3XL,,,,,CONFIGURATOR-STANDARD-BOTTOM-ADULT-3XL,Shenandoah Middle School,,,9999999
configurator-standard-bottom,"Baseball Standard Bottom Cut, Cuffed",Size,Adult 3XL,,,,,CONFIGURATOR-STANDARD-BOTTOM-ADULT-3XL,True North Classical Academy,,,9999999
configurator-track-compression,Track & Field Compression Shorts,Size,Youth Small,,,,,CONFIGURATOR-TRACK-COMPRESSION-YOUTH-SMALL,1000 Brickell Avenue,,,9999999
configurator-track-compression,Track & Field Compression Shorts,Size,Youth Small,,,,,CONFIGURATOR-TRACK-COMPRESSION-YOUTH-SMALL,Henry H Filer Middle School,,,9999999
configurator-track-compression,Track & Field Compression Shorts,Size,Youth Small,,,,,CONFIGURATOR-TRACK-COMPRESSION-YOUTH-SMALL,Rockway Middle School,,,9999999
configurator-track-compression,Track & Field Compression Shorts,Size,Youth Small,,,,,CONFIGURATOR-TRACK-COMPRESSION-YOUTH-SMALL,Shenandoah Middle School,,,9999999
configurator-track-compression,Track & Field Compression Shorts,Size,Youth Small,,,,,CONFIGURATOR-TRACK-COMPRESSION-YOUTH-SMALL,True North Classical Academy,,,9999999
configurator-track-compression,Track & Field Compression Shorts,Size,Youth Medium,,,,,CONFIGURATOR-TRACK-COMPRESSION-YOUTH-MEDIUM,1000 Brickell Avenue,,,9999999
configurator-track-compression,Track & Field Compression Shorts,Size,Youth Medium,,,,,CONFIGURATOR-TRACK-COMPRESSION-YOUTH-MEDIUM,Henry H Filer Middle School,,,9999999
configurator-track-compression,Track & Field Compression Shorts,Size,Youth Medium,,,,,CONFIGURATOR-TRACK-COMPRESSION-YOUTH-MEDIUM,Rockway Middle School,,,9999999
configurator-track-compression,Track & Field Compression Shorts,Size,Youth Medium,,,,,CONFIGURATOR-TRACK-COMPRESSION-YOUTH-MEDIUM,Shenandoah Middle School,,,9999999
configurator-track-compression,Track & Field Compression Shorts,Size,Youth Medium,,,,,CONFIGURATOR-TRACK-COMPRESSION-YOUTH-MEDIUM,True North Classical Academy,,,9999999
configurator-track-compression,Track & Field Compression Shorts,Size,Youth Large,,,,,CONFIGURATOR-TRACK-COMPRESSION-YOUTH-LARGE,1000 Brickell Avenue,,,9999999
configurator-track-compression,Track & Field Compression Shorts,Size,Youth Large,,,,,CONFIGURATOR-TRACK-COMPRESSION-YOUTH-LARGE,Henry H Filer Middle School,,,9999999
configurator-track-compression,Track & Field Compression Shorts,Size,Youth Large,,,,,CONFIGURATOR-TRACK-COMPRESSION-YOUTH-LARGE,Rockway Middle School,,,9999999
configurator-track-compression,Track & Field Compression Shorts,Size,Youth Large,,,,,CONFIGURATOR-TRACK-COMPRESSION-YOUTH-LARGE,Shenandoah Middle School,,,9999999
configurator-track-compression,Track & Field Compression Shorts,Size,Youth Large,,,,,CONFIGURATOR-TRACK-COMPRESSION-YOUTH-LARGE,True North Classical Academy,,,9999999
configurator-track-compression,Track & Field Compression Shorts,Size,Adult X-Small,,,,,CONFIGURATOR-TRACK-COMPRESSION-ADULT-X-SMALL,1000 Brickell Avenue,,,9999999
configurator-track-compression,Track & Field Compression Shorts,Size,Adult X-Small,,,,,CONFIGURATOR-TRACK-COMPRESSION-ADULT-X-SMALL,Henry H Filer Middle School,,,9999999
configurator-track-compression,Track & Field Compression Shorts,Size,Adult X-Small,,,,,CONFIGURATOR-TRACK-COMPRESSION-ADULT-X-SMALL,Rockway Middle School,,,9999999
configurator-track-compression,Track & Field Compression Shorts,Size,Adult X-Small,,,,,CONFIGURATOR-TRACK-COMPRESSION-ADULT-X-SMALL,Shenandoah Middle School,,,9999999
configurator-track-compression,Track & Field Compression Shorts,Size,Adult X-Small,,,,,CONFIGURATOR-TRACK-COMPRESSION-ADULT-X-SMALL,True North Classical Academy,,,9999999
configurator-track-compression,Track & Field Compression Shorts,Size,Adult Small,,,,,CONFIGURATOR-TRACK-COMPRESSION-ADULT-SMALL,1000 Brickell Avenue,,,9999999
configurator-track-compression,Track & Field Compression Shorts,Size,Adult Small,,,,,CONFIGURATOR-TRACK-COMPRESSION-ADULT-SMALL,Henry H Filer Middle School,,,9999999
configurator-track-compression,Track & Field Compression Shorts,Size,Adult Small,,,,,CONFIGURATOR-TRACK-COMPRESSION-ADULT-SMALL,Rockway Middle School,,,9999999
configurator-track-compression,Track & Field Compression Shorts,Size,Adult Small,,,,,CONFIGURATOR-TRACK-COMPRESSION-ADULT-SMALL,Shenandoah Middle School,,,9999999
configurator-track-compression,Track & Field Compression Shorts,Size,Adult Small,,,,,CONFIGURATOR-TRACK-COMPRESSION-ADULT-SMALL,True North Classical Academy,,,9999999
configurator-track-compression,Track & Field Compression Shorts,Size,Adult Medium,,,,,CONFIGURATOR-TRACK-COMPRESSION-ADULT-MEDIUM,1000 Brickell Avenue,,,9999999
configurator-track-compression,Track & Field Compression Shorts,Size,Adult Medium,,,,,CONFIGURATOR-TRACK-COMPRESSION-ADULT-MEDIUM,Henry H Filer Middle School,,,9999999
configurator-track-compression,Track & Field Compression Shorts,Size,Adult Medium,,,,,CONFIGURATOR-TRACK-COMPRESSION-ADULT-MEDIUM,Rockway Middle School,,,9999999
configurator-track-compression,Track & Field Compression Shorts,Size,Adult Medium,,,,,CONFIGURATOR-TRACK-COMPRESSION-ADULT-MEDIUM,Shenandoah Middle School,,,9999999
configurator-track-compression,Track & Field Compression Shorts,Size,Adult Medium,,,,,CONFIGURATOR-TRACK-COMPRESSION-ADULT-MEDIUM,True North Classical Academy,,,9999999
configurator-track-compression,Track & Field Compression Shorts,Size,Adult Large,,,,,CONFIGURATOR-TRACK-COMPRESSION-ADULT-LARGE,1000 Brickell Avenue,,,9999999
configurator-track-compression,Track & Field Compression Shorts,Size,Adult Large,,,,,CONFIGURATOR-TRACK-COMPRESSION-ADULT-LARGE,Henry H Filer Middle School,,,9999999
configurator-track-compression,Track & Field Compression Shorts,Size,Adult Large,,,,,CONFIGURATOR-TRACK-COMPRESSION-ADULT-LARGE,Rockway Middle School,,,9999999
configurator-track-compression,Track & Field Compression Shorts,Size,Adult Large,,,,,CONFIGURATOR-TRACK-COMPRESSION-ADULT-LARGE,Shenandoah Middle School,,,9999999
configurator-track-compression,Track & Field Compression Shorts,Size,Adult Large,,,,,CONFIGURATOR-TRACK-COMPRESSION-ADULT-LARGE,True North Classical Academy,,,9999999
configurator-track-compression,Track & Field Compression Shorts,Size,Adult X-Large,,,,,CONFIGURATOR-TRACK-COMPRESSION-ADULT-X-LARGE,1000 Brickell Avenue,,,9999999
configurator-track-compression,Track & Field Compression Shorts,Size,Adult X-Large,,,,,CONFIGURATOR-TRACK-COMPRESSION-ADULT-X-LARGE,Henry H Filer Middle School,,,9999999
configurator-track-compression,Track & Field Compression Shorts,Size,Adult X-Large,,,,,CONFIGURATOR-TRACK-COMPRESSION-ADULT-X-LARGE,Rockway Middle School,,,9999999
configurator-track-compression,Track & Field Compression Shorts,Size,Adult X-Large,,,,,CONFIGURATOR-TRACK-COMPRESSION-ADULT-X-LARGE,Shenandoah Middle School,,,9999999
configurator-track-compression,Track & Field Compression Shorts,Size,Adult X-Large,,,,,CONFIGURATOR-TRACK-COMPRESSION-ADULT-X-LARGE,True North Classical Academy,,,9999999
configurator-track-compression,Track & Field Compression Shorts,Size,Adult 2XL,,,,,CONFIGURATOR-TRACK-COMPRESSION-ADULT-2XL,1000 Brickell Avenue,,,9999999
configurator-track-compression,Track & Field Compression Shorts,Size,Adult 2XL,,,,,CONFIGURATOR-TRACK-COMPRESSION-ADULT-2XL,Henry H Filer Middle School,,,9999999
configurator-track-compression,Track & Field Compression Shorts,Size,Adult 2XL,,,,,CONFIGURATOR-TRACK-COMPRESSION-ADULT-2XL,Rockway Middle School,,,9999999
configurator-track-compression,Track & Field Compression Shorts,Size,Adult 2XL,,,,,CONFIGURATOR-TRACK-COMPRESSION-ADULT-2XL,Shenandoah Middle School,,,9999999
configurator-track-compression,Track & Field Compression Shorts,Size,Adult 2XL,,,,,CONFIGURATOR-TRACK-COMPRESSION-ADULT-2XL,True North Classical Academy,,,9999999
configurator-track-compression,Track & Field Compression Shorts,Size,Adult 3XL,,,,,CONFIGURATOR-TRACK-COMPRESSION-ADULT-3XL,1000 Brickell Avenue,,,9999999
configurator-track-compression,Track & Field Compression Shorts,Size,Adult 3XL,,,,,CONFIGURATOR-TRACK-COMPRESSION-ADULT-3XL,Henry H Filer Middle School,,,9999999
configurator-track-compression,Track & Field Compression Shorts,Size,Adult 3XL,,,,,CONFIGURATOR-TRACK-COMPRESSION-ADULT-3XL,Rockway Middle School,,,9999999
configurator-track-compression,Track & Field Compression Shorts,Size,Adult 3XL,,,,,CONFIGURATOR-TRACK-COMPRESSION-ADULT-3XL,Shenandoah Middle School,,,9999999
configurator-track-compression,Track & Field Compression Shorts,Size,Adult 3XL,,,,,CONFIGURATOR-TRACK-COMPRESSION-ADULT-3XL,True North Classical Academy,,,9999999
configurator-track-mid-shorts,Track & Field Mid-Length Shorts,Size,Youth Small,,,,,CONFIGURATOR-TRACK-MID-SHORTS-YOUTH-SMALL,1000 Brickell Avenue,,,9999999
configurator-track-mid-shorts,Track & Field Mid-Length Shorts,Size,Youth Small,,,,,CONFIGURATOR-TRACK-MID-SHORTS-YOUTH-SMALL,Henry H Filer Middle School,,,9999999
configurator-track-mid-shorts,Track & Field Mid-Length Shorts,Size,Youth Small,,,,,CONFIGURATOR-TRACK-MID-SHORTS-YOUTH-SMALL,Rockway Middle School,,,9999999
configurator-track-mid-shorts,Track & Field Mid-Length Shorts,Size,Youth Small,,,,,CONFIGURATOR-TRACK-MID-SHORTS-YOUTH-SMALL,Shenandoah Middle School,,,9999999
configurator-track-mid-shorts,Track & Field Mid-Length Shorts,Size,Youth Small,,,,,CONFIGURATOR-TRACK-MID-SHORTS-YOUTH-SMALL,True North Classical Academy,,,9999999
configurator-track-mid-shorts,Track & Field Mid-Length Shorts,Size,Youth Medium,,,,,CONFIGURATOR-TRACK-MID-SHORTS-YOUTH-MEDIUM,1000 Brickell Avenue,,,9999999
configurator-track-mid-shorts,Track & Field Mid-Length Shorts,Size,Youth Medium,,,,,CONFIGURATOR-TRACK-MID-SHORTS-YOUTH-MEDIUM,Henry H Filer Middle School,,,9999999
configurator-track-mid-shorts,Track & Field Mid-Length Shorts,Size,Youth Medium,,,,,CONFIGURATOR-TRACK-MID-SHORTS-YOUTH-MEDIUM,Rockway Middle School,,,9999999
configurator-track-mid-shorts,Track & Field Mid-Length Shorts,Size,Youth Medium,,,,,CONFIGURATOR-TRACK-MID-SHORTS-YOUTH-MEDIUM,Shenandoah Middle School,,,9999999
configurator-track-mid-shorts,Track & Field Mid-Length Shorts,Size,Youth Medium,,,,,CONFIGURATOR-TRACK-MID-SHORTS-YOUTH-MEDIUM,True North Classical Academy,,,9999999
configurator-track-mid-shorts,Track & Field Mid-Length Shorts,Size,Youth Large,,,,,CONFIGURATOR-TRACK-MID-SHORTS-YOUTH-LARGE,1000 Brickell Avenue,,,9999999
configurator-track-mid-shorts,Track & Field Mid-Length Shorts,Size,Youth Large,,,,,CONFIGURATOR-TRACK-MID-SHORTS-YOUTH-LARGE,Henry H Filer Middle School,,,9999999
configurator-track-mid-shorts,Track & Field Mid-Length Shorts,Size,Youth Large,,,,,CONFIGURATOR-TRACK-MID-SHORTS-YOUTH-LARGE,Rockway Middle School,,,9999999
configurator-track-mid-shorts,Track & Field Mid-Length Shorts,Size,Youth Large,,,,,CONFIGURATOR-TRACK-MID-SHORTS-YOUTH-LARGE,Shenandoah Middle School,,,9999999
configurator-track-mid-shorts,Track & Field Mid-Length Shorts,Size,Youth Large,,,,,CONFIGURATOR-TRACK-MID-SHORTS-YOUTH-LARGE,True North Classical Academy,,,9999999
configurator-track-mid-shorts,Track & Field Mid-Length Shorts,Size,Adult X-Small,,,,,CONFIGURATOR-TRACK-MID-SHORTS-ADULT-X-SMALL,1000 Brickell Avenue,,,9999999
configurator-track-mid-shorts,Track & Field Mid-Length Shorts,Size,Adult X-Small,,,,,CONFIGURATOR-TRACK-MID-SHORTS-ADULT-X-SMALL,Henry H Filer Middle School,,,9999999
configurator-track-mid-shorts,Track & Field Mid-Length Shorts,Size,Adult X-Small,,,,,CONFIGURATOR-TRACK-MID-SHORTS-ADULT-X-SMALL,Rockway Middle School,,,9999999
configurator-track-mid-shorts,Track & Field Mid-Length Shorts,Size,Adult X-Small,,,,,CONFIGURATOR-TRACK-MID-SHORTS-ADULT-X-SMALL,Shenandoah Middle School,,,9999999
configurator-track-mid-shorts,Track & Field Mid-Length Shorts,Size,Adult X-Small,,,,,CONFIGURATOR-TRACK-MID-SHORTS-ADULT-X-SMALL,True North Classical Academy,,,9999999
configurator-track-mid-shorts,Track & Field Mid-Length Shorts,Size,Adult Small,,,,,CONFIGURATOR-TRACK-MID-SHORTS-ADULT-SMALL,1000 Brickell Avenue,,,9999999
configurator-track-mid-shorts,Track & Field Mid-Length Shorts,Size,Adult Small,,,,,CONFIGURATOR-TRACK-MID-SHORTS-ADULT-SMALL,Henry H Filer Middle School,,,9999999
configurator-track-mid-shorts,Track & Field Mid-Length Shorts,Size,Adult Small,,,,,CONFIGURATOR-TRACK-MID-SHORTS-ADULT-SMALL,Rockway Middle School,,,9999999
configurator-track-mid-shorts,Track & Field Mid-Length Shorts,Size,Adult Small,,,,,CONFIGURATOR-TRACK-MID-SHORTS-ADULT-SMALL,Shenandoah Middle School,,,9999999
configurator-track-mid-shorts,Track & Field Mid-Length Shorts,Size,Adult Small,,,,,CONFIGURATOR-TRACK-MID-SHORTS-ADULT-SMALL,True North Classical Academy,,,9999999
configurator-track-mid-shorts,Track & Field Mid-Length Shorts,Size,Adult Medium,,,,,CONFIGURATOR-TRACK-MID-SHORTS-ADULT-MEDIUM,1000 Brickell Avenue,,,9999999
configurator-track-mid-shorts,Track & Field Mid-Length Shorts,Size,Adult Medium,,,,,CONFIGURATOR-TRACK-MID-SHORTS-ADULT-MEDIUM,Henry H Filer Middle School,,,9999999
configurator-track-mid-shorts,Track & Field Mid-Length Shorts,Size,Adult Medium,,,,,CONFIGURATOR-TRACK-MID-SHORTS-ADULT-MEDIUM,Rockway Middle School,,,9999999
configurator-track-mid-shorts,Track & Field Mid-Length Shorts,Size,Adult Medium,,,,,CONFIGURATOR-TRACK-MID-SHORTS-ADULT-MEDIUM,Shenandoah Middle School,,,9999999
configurator-track-mid-shorts,Track & Field Mid-Length Shorts,Size,Adult Medium,,,,,CONFIGURATOR-TRACK-MID-SHORTS-ADULT-MEDIUM,True North Classical Academy,,,9999999
configurator-track-mid-shorts,Track & Field Mid-Length Shorts,Size,Adult Large,,,,,CONFIGURATOR-TRACK-MID-SHORTS-ADULT-LARGE,1000 Brickell Avenue,,,9999999
configurator-track-mid-shorts,Track & Field Mid-Length Shorts,Size,Adult Large,,,,,CONFIGURATOR-TRACK-MID-SHORTS-ADULT-LARGE,Henry H Filer Middle School,,,9999999
configurator-track-mid-shorts,Track & Field Mid-Length Shorts,Size,Adult Large,,,,,CONFIGURATOR-TRACK-MID-SHORTS-ADULT-LARGE,Rockway Middle School,,,9999999
configurator-track-mid-shorts,Track & Field Mid-Length Shorts,Size,Adult Large,,,,,CONFIGURATOR-TRACK-MID-SHORTS-ADULT-LARGE,Shenandoah Middle School,,,9999999
configurator-track-mid-shorts,Track & Field Mid-Length Shorts,Size,Adult Large,,,,,CONFIGURATOR-TRACK-MID-SHORTS-ADULT-LARGE,True North Classical Academy,,,9999999
configurator-track-mid-shorts,Track & Field Mid-Length Shorts,Size,Adult X-Large,,,,,CONFIGURATOR-TRACK-MID-SHORTS-ADULT-X-LARGE,1000 Brickell Avenue,,,9999999
configurator-track-mid-shorts,Track & Field Mid-Length Shorts,Size,Adult X-Large,,,,,CONFIGURATOR-TRACK-MID-SHORTS-ADULT-X-LARGE,Henry H Filer Middle School,,,9999999
configurator-track-mid-shorts,Track & Field Mid-Length Shorts,Size,Adult X-Large,,,,,CONFIGURATOR-TRACK-MID-SHORTS-ADULT-X-LARGE,Rockway Middle School,,,9999999
configurator-track-mid-shorts,Track & Field Mid-Length Shorts,Size,Adult X-Large,,,,,CONFIGURATOR-TRACK-MID-SHORTS-ADULT-X-LARGE,Shenandoah Middle School,,,9999999
configurator-track-mid-shorts,Track & Field Mid-Length Shorts,Size,Adult X-Large,,,,,CONFIGURATOR-TRACK-MID-SHORTS-ADULT-X-LARGE,True North Classical Academy,,,9999999
configurator-track-mid-shorts,Track & Field Mid-Length Shorts,Size,Adult 2XL,,,,,CONFIGURATOR-TRACK-MID-SHORTS-ADULT-2XL,1000 Brickell Avenue,,,9999999
configurator-track-mid-shorts,Track & Field Mid-Length Shorts,Size,Adult 2XL,,,,,CONFIGURATOR-TRACK-MID-SHORTS-ADULT-2XL,Henry H Filer Middle School,,,9999999
configurator-track-mid-shorts,Track & Field Mid-Length Shorts,Size,Adult 2XL,,,,,CONFIGURATOR-TRACK-MID-SHORTS-ADULT-2XL,Rockway Middle School,,,9999999
configurator-track-mid-shorts,Track & Field Mid-Length Shorts,Size,Adult 2XL,,,,,CONFIGURATOR-TRACK-MID-SHORTS-ADULT-2XL,Shenandoah Middle School,,,9999999
configurator-track-mid-shorts,Track & Field Mid-Length Shorts,Size,Adult 2XL,,,,,CONFIGURATOR-TRACK-MID-SHORTS-ADULT-2XL,True North Classical Academy,,,9999999
configurator-track-mid-shorts,Track & Field Mid-Length Shorts,Size,Adult 3XL,,,,,CONFIGURATOR-TRACK-MID-SHORTS-ADULT-3XL,1000 Brickell Avenue,,,9999999
configurator-track-mid-shorts,Track & Field Mid-Length Shorts,Size,Adult 3XL,,,,,CONFIGURATOR-TRACK-MID-SHORTS-ADULT-3XL,Henry H Filer Middle School,,,9999999
configurator-track-mid-shorts,Track & Field Mid-Length Shorts,Size,Adult 3XL,,,,,CONFIGURATOR-TRACK-MID-SHORTS-ADULT-3XL,Rockway Middle School,,,9999999
configurator-track-mid-shorts,Track & Field Mid-Length Shorts,Size,Adult 3XL,,,,,CONFIGURATOR-TRACK-MID-SHORTS-ADULT-3XL,Shenandoah Middle School,,,9999999
configurator-track-mid-shorts,Track & Field Mid-Length Shorts,Size,Adult 3XL,,,,,CONFIGURATOR-TRACK-MID-SHORTS-ADULT-3XL,True North Classical Academy,,,9999999
configurator-track-split-shorts,Track & Field Split Shorts,Size,Youth Small,,,,,CONFIGURATOR-TRACK-SPLIT-SHORTS-YOUTH-SMALL,1000 Brickell Avenue,,,9999999
configurator-track-split-shorts,Track & Field Split Shorts,Size,Youth Small,,,,,CONFIGURATOR-TRACK-SPLIT-SHORTS-YOUTH-SMALL,Henry H Filer Middle School,,,9999999
configurator-track-split-shorts,Track & Field Split Shorts,Size,Youth Small,,,,,CONFIGURATOR-TRACK-SPLIT-SHORTS-YOUTH-SMALL,Rockway Middle School,,,9999999
configurator-track-split-shorts,Track & Field Split Shorts,Size,Youth Small,,,,,CONFIGURATOR-TRACK-SPLIT-SHORTS-YOUTH-SMALL,Shenandoah Middle School,,,9999999
configurator-track-split-shorts,Track & Field Split Shorts,Size,Youth Small,,,,,CONFIGURATOR-TRACK-SPLIT-SHORTS-YOUTH-SMALL,True North Classical Academy,,,9999999
configurator-track-split-shorts,Track & Field Split Shorts,Size,Youth Medium,,,,,CONFIGURATOR-TRACK-SPLIT-SHORTS-YOUTH-MEDIUM,1000 Brickell Avenue,,,9999999
configurator-track-split-shorts,Track & Field Split Shorts,Size,Youth Medium,,,,,CONFIGURATOR-TRACK-SPLIT-SHORTS-YOUTH-MEDIUM,Henry H Filer Middle School,,,9999999
configurator-track-split-shorts,Track & Field Split Shorts,Size,Youth Medium,,,,,CONFIGURATOR-TRACK-SPLIT-SHORTS-YOUTH-MEDIUM,Rockway Middle School,,,9999999
configurator-track-split-shorts,Track & Field Split Shorts,Size,Youth Medium,,,,,CONFIGURATOR-TRACK-SPLIT-SHORTS-YOUTH-MEDIUM,Shenandoah Middle School,,,9999999
configurator-track-split-shorts,Track & Field Split Shorts,Size,Youth Medium,,,,,CONFIGURATOR-TRACK-SPLIT-SHORTS-YOUTH-MEDIUM,True North Classical Academy,,,9999999
configurator-track-split-shorts,Track & Field Split Shorts,Size,Youth Large,,,,,CONFIGURATOR-TRACK-SPLIT-SHORTS-YOUTH-LARGE,1000 Brickell Avenue,,,9999999
configurator-track-split-shorts,Track & Field Split Shorts,Size,Youth Large,,,,,CONFIGURATOR-TRACK-SPLIT-SHORTS-YOUTH-LARGE,Henry H Filer Middle School,,,9999999
configurator-track-split-shorts,Track & Field Split Shorts,Size,Youth Large,,,,,CONFIGURATOR-TRACK-SPLIT-SHORTS-YOUTH-LARGE,Rockway Middle School,,,9999999
configurator-track-split-shorts,Track & Field Split Shorts,Size,Youth Large,,,,,CONFIGURATOR-TRACK-SPLIT-SHORTS-YOUTH-LARGE,Shenandoah Middle School,,,9999999
configurator-track-split-shorts,Track & Field Split Shorts,Size,Youth Large,,,,,CONFIGURATOR-TRACK-SPLIT-SHORTS-YOUTH-LARGE,True North Classical Academy,,,9999999
configurator-track-split-shorts,Track & Field Split Shorts,Size,Adult X-Small,,,,,CONFIGURATOR-TRACK-SPLIT-SHORTS-ADULT-X-SMALL,1000 Brickell Avenue,,,9999999
configurator-track-split-shorts,Track & Field Split Shorts,Size,Adult X-Small,,,,,CONFIGURATOR-TRACK-SPLIT-SHORTS-ADULT-X-SMALL,Henry H Filer Middle School,,,9999999
configurator-track-split-shorts,Track & Field Split Shorts,Size,Adult X-Small,,,,,CONFIGURATOR-TRACK-SPLIT-SHORTS-ADULT-X-SMALL,Rockway Middle School,,,9999999
configurator-track-split-shorts,Track & Field Split Shorts,Size,Adult X-Small,,,,,CONFIGURATOR-TRACK-SPLIT-SHORTS-ADULT-X-SMALL,Shenandoah Middle School,,,9999999
configurator-track-split-shorts,Track & Field Split Shorts,Size,Adult X-Small,,,,,CONFIGURATOR-TRACK-SPLIT-SHORTS-ADULT-X-SMALL,True North Classical Academy,,,9999999
configurator-track-split-shorts,Track & Field Split Shorts,Size,Adult Small,,,,,CONFIGURATOR-TRACK-SPLIT-SHORTS-ADULT-SMALL,1000 Brickell Avenue,,,9999999
configurator-track-split-shorts,Track & Field Split Shorts,Size,Adult Small,,,,,CONFIGURATOR-TRACK-SPLIT-SHORTS-ADULT-SMALL,Henry H Filer Middle School,,,9999999
configurator-track-split-shorts,Track & Field Split Shorts,Size,Adult Small,,,,,CONFIGURATOR-TRACK-SPLIT-SHORTS-ADULT-SMALL,Rockway Middle School,,,9999999
configurator-track-split-shorts,Track & Field Split Shorts,Size,Adult Small,,,,,CONFIGURATOR-TRACK-SPLIT-SHORTS-ADULT-SMALL,Shenandoah Middle School,,,9999999
configurator-track-split-shorts,Track & Field Split Shorts,Size,Adult Small,,,,,CONFIGURATOR-TRACK-SPLIT-SHORTS-ADULT-SMALL,True North Classical Academy,,,9999999
configurator-track-split-shorts,Track & Field Split Shorts,Size,Adult Medium,,,,,CONFIGURATOR-TRACK-SPLIT-SHORTS-ADULT-MEDIUM,1000 Brickell Avenue,,,9999999
configurator-track-split-shorts,Track & Field Split Shorts,Size,Adult Medium,,,,,CONFIGURATOR-TRACK-SPLIT-SHORTS-ADULT-MEDIUM,Henry H Filer Middle School,,,9999999
configurator-track-split-shorts,Track & Field Split Shorts,Size,Adult Medium,,,,,CONFIGURATOR-TRACK-SPLIT-SHORTS-ADULT-MEDIUM,Rockway Middle School,,,9999999
configurator-track-split-shorts,Track & Field Split Shorts,Size,Adult Medium,,,,,CONFIGURATOR-TRACK-SPLIT-SHORTS-ADULT-MEDIUM,Shenandoah Middle School,,,9999999
configurator-track-split-shorts,Track & Field Split Shorts,Size,Adult Medium,,,,,CONFIGURATOR-TRACK-SPLIT-SHORTS-ADULT-MEDIUM,True North Classical Academy,,,9999999
configurator-track-split-shorts,Track & Field Split Shorts,Size,Adult Large,,,,,CONFIGURATOR-TRACK-SPLIT-SHORTS-ADULT-LARGE,1000 Brickell Avenue,,,9999999
configurator-track-split-shorts,Track & Field Split Shorts,Size,Adult Large,,,,,CONFIGURATOR-TRACK-SPLIT-SHORTS-ADULT-LARGE,Henry H Filer Middle School,,,9999999
configurator-track-split-shorts,Track & Field Split Shorts,Size,Adult Large,,,,,CONFIGURATOR-TRACK-SPLIT-SHORTS-ADULT-LARGE,Rockway Middle School,,,9999999
configurator-track-split-shorts,Track & Field Split Shorts,Size,Adult Large,,,,,CONFIGURATOR-TRACK-SPLIT-SHORTS-ADULT-LARGE,Shenandoah Middle School,,,9999999
configurator-track-split-shorts,Track & Field Split Shorts,Size,Adult Large,,,,,CONFIGURATOR-TRACK-SPLIT-SHORTS-ADULT-LARGE,True North Classical Academy,,,9999999
configurator-track-split-shorts,Track & Field Split Shorts,Size,Adult X-Large,,,,,CONFIGURATOR-TRACK-SPLIT-SHORTS-ADULT-X-LARGE,1000 Brickell Avenue,,,9999999
configurator-track-split-shorts,Track & Field Split Shorts,Size,Adult X-Large,,,,,CONFIGURATOR-TRACK-SPLIT-SHORTS-ADULT-X-LARGE,Henry H Filer Middle School,,,9999999
configurator-track-split-shorts,Track & Field Split Shorts,Size,Adult X-Large,,,,,CONFIGURATOR-TRACK-SPLIT-SHORTS-ADULT-X-LARGE,Rockway Middle School,,,9999999
configurator-track-split-shorts,Track & Field Split Shorts,Size,Adult X-Large,,,,,CONFIGURATOR-TRACK-SPLIT-SHORTS-ADULT-X-LARGE,Shenandoah Middle School,,,9999999
configurator-track-split-shorts,Track & Field Split Shorts,Size,Adult X-Large,,,,,CONFIGURATOR-TRACK-SPLIT-SHORTS-ADULT-X-LARGE,True North Classical Academy,,,9999999
configurator-track-split-shorts,Track & Field Split Shorts,Size,Adult 2XL,,,,,CONFIGURATOR-TRACK-SPLIT-SHORTS-ADULT-2XL,1000 Brickell Avenue,,,9999999
configurator-track-split-shorts,Track & Field Split Shorts,Size,Adult 2XL,,,,,CONFIGURATOR-TRACK-SPLIT-SHORTS-ADULT-2XL,Henry H Filer Middle School,,,9999999
configurator-track-split-shorts,Track & Field Split Shorts,Size,Adult 2XL,,,,,CONFIGURATOR-TRACK-SPLIT-SHORTS-ADULT-2XL,Rockway Middle School,,,9999999
configurator-track-split-shorts,Track & Field Split Shorts,Size,Adult 2XL,,,,,CONFIGURATOR-TRACK-SPLIT-SHORTS-ADULT-2XL,Shenandoah Middle School,,,9999999
configurator-track-split-shorts,Track & Field Split Shorts,Size,Adult 2XL,,,,,CONFIGURATOR-TRACK-SPLIT-SHORTS-ADULT-2XL,True North Classical Academy,,,9999999
configurator-track-split-shorts,Track & Field Split Shorts,Size,Adult 3XL,,,,,CONFIGURATOR-TRACK-SPLIT-SHORTS-ADULT-3XL,1000 Brickell Avenue,,,9999999
configurator-track-split-shorts,Track & Field Split Shorts,Size,Adult 3XL,,,,,CONFIGURATOR-TRACK-SPLIT-SHORTS-ADULT-3XL,Henry H Filer Middle School,,,9999999
configurator-track-split-shorts,Track & Field Split Shorts,Size,Adult 3XL,,,,,CONFIGURATOR-TRACK-SPLIT-SHORTS-ADULT-3XL,Rockway Middle School,,,9999999
configurator-track-split-shorts,Track & Field Split Shorts,Size,Adult 3XL,,,,,CONFIGURATOR-TRACK-SPLIT-SHORTS-ADULT-3XL,Shenandoah Middle School,,,9999999
configurator-track-split-shorts,Track & Field Split Shorts,Size,Adult 3XL,,,,,CONFIGURATOR-TRACK-SPLIT-SHORTS-ADULT-3XL,True North Classical Academy,,,9999999
configurator-track-crop,Track & Field Crop Top,Size,X-Small,,,,,CONFIGURATOR-TRACK-CROP-X-SMALL,1000 Brickell Avenue,,,9999999
configurator-track-crop,Track & Field Crop Top,Size,X-Small,,,,,CONFIGURATOR-TRACK-CROP-X-SMALL,Henry H Filer Middle School,,,9999999
configurator-track-crop,Track & Field Crop Top,Size,X-Small,,,,,CONFIGURATOR-TRACK-CROP-X-SMALL,Rockway Middle School,,,9999999
configurator-track-crop,Track & Field Crop Top,Size,X-Small,,,,,CONFIGURATOR-TRACK-CROP-X-SMALL,Shenandoah Middle School,,,9999999
configurator-track-crop,Track & Field Crop Top,Size,X-Small,,,,,CONFIGURATOR-TRACK-CROP-X-SMALL,True North Classical Academy,,,9999999
configurator-track-crop,Track & Field Crop Top,Size,Small,,,,,CONFIGURATOR-TRACK-CROP-SMALL,1000 Brickell Avenue,,,9999999
configurator-track-crop,Track & Field Crop Top,Size,Small,,,,,CONFIGURATOR-TRACK-CROP-SMALL,Henry H Filer Middle School,,,9999999
configurator-track-crop,Track & Field Crop Top,Size,Small,,,,,CONFIGURATOR-TRACK-CROP-SMALL,Rockway Middle School,,,9999999
configurator-track-crop,Track & Field Crop Top,Size,Small,,,,,CONFIGURATOR-TRACK-CROP-SMALL,Shenandoah Middle School,,,9999999
configurator-track-crop,Track & Field Crop Top,Size,Small,,,,,CONFIGURATOR-TRACK-CROP-SMALL,True North Classical Academy,,,9999999
configurator-track-crop,Track & Field Crop Top,Size,Medium,,,,,CONFIGURATOR-TRACK-CROP-MEDIUM,1000 Brickell Avenue,,,9999999
configurator-track-crop,Track & Field Crop Top,Size,Medium,,,,,CONFIGURATOR-TRACK-CROP-MEDIUM,Henry H Filer Middle School,,,9999999
configurator-track-crop,Track & Field Crop Top,Size,Medium,,,,,CONFIGURATOR-TRACK-CROP-MEDIUM,Rockway Middle School,,,9999999
configurator-track-crop,Track & Field Crop Top,Size,Medium,,,,,CONFIGURATOR-TRACK-CROP-MEDIUM,Shenandoah Middle School,,,9999999
configurator-track-crop,Track & Field Crop Top,Size,Medium,,,,,CONFIGURATOR-TRACK-CROP-MEDIUM,True North Classical Academy,,,9999999
configurator-track-crop,Track & Field Crop Top,Size,Large,,,,,CONFIGURATOR-TRACK-CROP-LARGE,1000 Brickell Avenue,,,9999999
configurator-track-crop,Track & Field Crop Top,Size,Large,,,,,CONFIGURATOR-TRACK-CROP-LARGE,Henry H Filer Middle School,,,9999999
configurator-track-crop,Track & Field Crop Top,Size,Large,,,,,CONFIGURATOR-TRACK-CROP-LARGE,Rockway Middle School,,,9999999
configurator-track-crop,Track & Field Crop Top,Size,Large,,,,,CONFIGURATOR-TRACK-CROP-LARGE,Shenandoah Middle School,,,9999999
configurator-track-crop,Track & Field Crop Top,Size,Large,,,,,CONFIGURATOR-TRACK-CROP-LARGE,True North Classical Academy,,,9999999
configurator-track-crop,Track & Field Crop Top,Size,X-Large,,,,,CONFIGURATOR-TRACK-CROP-X-LARGE,1000 Brickell Avenue,,,9999999
configurator-track-crop,Track & Field Crop Top,Size,X-Large,,,,,CONFIGURATOR-TRACK-CROP-X-LARGE,Henry H Filer Middle School,,,9999999
configurator-track-crop,Track & Field Crop Top,Size,X-Large,,,,,CONFIGURATOR-TRACK-CROP-X-LARGE,Rockway Middle School,,,9999999
configurator-track-crop,Track & Field Crop Top,Size,X-Large,,,,,CONFIGURATOR-TRACK-CROP-X-LARGE,Shenandoah Middle School,,,9999999
configurator-track-crop,Track & Field Crop Top,Size,X-Large,,,,,CONFIGURATOR-TRACK-CROP-X-LARGE,True North Classical Academy,,,9999999
configurator-track-crop,Track & Field Crop Top,Size,2XL,,,,,CONFIGURATOR-TRACK-CROP-2XL,1000 Brickell Avenue,,,9999999
configurator-track-crop,Track & Field Crop Top,Size,2XL,,,,,CONFIGURATOR-TRACK-CROP-2XL,Henry H Filer Middle School,,,9999999
configurator-track-crop,Track & Field Crop Top,Size,2XL,,,,,CONFIGURATOR-TRACK-CROP-2XL,Rockway Middle School,,,9999999
configurator-track-crop,Track & Field Crop Top,Size,2XL,,,,,CONFIGURATOR-TRACK-CROP-2XL,Shenandoah Middle School,,,9999999
configurator-track-crop,Track & Field Crop Top,Size,2XL,,,,,CONFIGURATOR-TRACK-CROP-2XL,True North Classical Academy,,,9999999
configurator-track-short-sleeve,Track & Field Short Sleeve,Size,Youth Small,,,,,CONFIGURATOR-TRACK-SHORT-SLEEVE-YOUTH-SMALL,1000 Brickell Avenue,,,9999999
configurator-track-short-sleeve,Track & Field Short Sleeve,Size,Youth Small,,,,,CONFIGURATOR-TRACK-SHORT-SLEEVE-YOUTH-SMALL,Henry H Filer Middle School,,,9999999
configurator-track-short-sleeve,Track & Field Short Sleeve,Size,Youth Small,,,,,CONFIGURATOR-TRACK-SHORT-SLEEVE-YOUTH-SMALL,Rockway Middle School,,,9999999
configurator-track-short-sleeve,Track & Field Short Sleeve,Size,Youth Small,,,,,CONFIGURATOR-TRACK-SHORT-SLEEVE-YOUTH-SMALL,Shenandoah Middle School,,,9999999
configurator-track-short-sleeve,Track & Field Short Sleeve,Size,Youth Small,,,,,CONFIGURATOR-TRACK-SHORT-SLEEVE-YOUTH-SMALL,True North Classical Academy,,,9999999
configurator-track-short-sleeve,Track & Field Short Sleeve,Size,Youth Medium,,,,,CONFIGURATOR-TRACK-SHORT-SLEEVE-YOUTH-MEDIUM,1000 Brickell Avenue,,,9999999
configurator-track-short-sleeve,Track & Field Short Sleeve,Size,Youth Medium,,,,,CONFIGURATOR-TRACK-SHORT-SLEEVE-YOUTH-MEDIUM,Henry H Filer Middle School,,,9999999
configurator-track-short-sleeve,Track & Field Short Sleeve,Size,Youth Medium,,,,,CONFIGURATOR-TRACK-SHORT-SLEEVE-YOUTH-MEDIUM,Rockway Middle School,,,9999999
configurator-track-short-sleeve,Track & Field Short Sleeve,Size,Youth Medium,,,,,CONFIGURATOR-TRACK-SHORT-SLEEVE-YOUTH-MEDIUM,Shenandoah Middle School,,,9999999
configurator-track-short-sleeve,Track & Field Short Sleeve,Size,Youth Medium,,,,,CONFIGURATOR-TRACK-SHORT-SLEEVE-YOUTH-MEDIUM,True North Classical Academy,,,9999999
configurator-track-short-sleeve,Track & Field Short Sleeve,Size,Youth Large,,,,,CONFIGURATOR-TRACK-SHORT-SLEEVE-YOUTH-LARGE,1000 Brickell Avenue,,,9999999
configurator-track-short-sleeve,Track & Field Short Sleeve,Size,Youth Large,,,,,CONFIGURATOR-TRACK-SHORT-SLEEVE-YOUTH-LARGE,Henry H Filer Middle School,,,9999999
configurator-track-short-sleeve,Track & Field Short Sleeve,Size,Youth Large,,,,,CONFIGURATOR-TRACK-SHORT-SLEEVE-YOUTH-LARGE,Rockway Middle School,,,9999999
configurator-track-short-sleeve,Track & Field Short Sleeve,Size,Youth Large,,,,,CONFIGURATOR-TRACK-SHORT-SLEEVE-YOUTH-LARGE,Shenandoah Middle School,,,9999999
configurator-track-short-sleeve,Track & Field Short Sleeve,Size,Youth Large,,,,,CONFIGURATOR-TRACK-SHORT-SLEEVE-YOUTH-LARGE,True North Classical Academy,,,9999999
configurator-track-short-sleeve,Track & Field Short Sleeve,Size,Adult X-Small,,,,,CONFIGURATOR-TRACK-SHORT-SLEEVE-ADULT-X-SMALL,1000 Brickell Avenue,,,9999999
configurator-track-short-sleeve,Track & Field Short Sleeve,Size,Adult X-Small,,,,,CONFIGURATOR-TRACK-SHORT-SLEEVE-ADULT-X-SMALL,Henry H Filer Middle School,,,9999999
configurator-track-short-sleeve,Track & Field Short Sleeve,Size,Adult X-Small,,,,,CONFIGURATOR-TRACK-SHORT-SLEEVE-ADULT-X-SMALL,Rockway Middle School,,,9999999
configurator-track-short-sleeve,Track & Field Short Sleeve,Size,Adult X-Small,,,,,CONFIGURATOR-TRACK-SHORT-SLEEVE-ADULT-X-SMALL,Shenandoah Middle School,,,9999999
configurator-track-short-sleeve,Track & Field Short Sleeve,Size,Adult X-Small,,,,,CONFIGURATOR-TRACK-SHORT-SLEEVE-ADULT-X-SMALL,True North Classical Academy,,,9999999
configurator-track-short-sleeve,Track & Field Short Sleeve,Size,Adult Small,,,,,CONFIGURATOR-TRACK-SHORT-SLEEVE-ADULT-SMALL,1000 Brickell Avenue,,,9999999
configurator-track-short-sleeve,Track & Field Short Sleeve,Size,Adult Small,,,,,CONFIGURATOR-TRACK-SHORT-SLEEVE-ADULT-SMALL,Henry H Filer Middle School,,,9999999
configurator-track-short-sleeve,Track & Field Short Sleeve,Size,Adult Small,,,,,CONFIGURATOR-TRACK-SHORT-SLEEVE-ADULT-SMALL,Rockway Middle School,,,9999999
configurator-track-short-sleeve,Track & Field Short Sleeve,Size,Adult Small,,,,,CONFIGURATOR-TRACK-SHORT-SLEEVE-ADULT-SMALL,Shenandoah Middle School,,,9999999
configurator-track-short-sleeve,Track & Field Short Sleeve,Size,Adult Small,,,,,CONFIGURATOR-TRACK-SHORT-SLEEVE-ADULT-SMALL,True North Classical Academy,,,9999999
configurator-track-short-sleeve,Track & Field Short Sleeve,Size,Adult Medium,,,,,CONFIGURATOR-TRACK-SHORT-SLEEVE-ADULT-MEDIUM,1000 Brickell Avenue,,,9999999
configurator-track-short-sleeve,Track & Field Short Sleeve,Size,Adult Medium,,,,,CONFIGURATOR-TRACK-SHORT-SLEEVE-ADULT-MEDIUM,Henry H Filer Middle School,,,9999999
configurator-track-short-sleeve,Track & Field Short Sleeve,Size,Adult Medium,,,,,CONFIGURATOR-TRACK-SHORT-SLEEVE-ADULT-MEDIUM,Rockway Middle School,,,9999999
configurator-track-short-sleeve,Track & Field Short Sleeve,Size,Adult Medium,,,,,CONFIGURATOR-TRACK-SHORT-SLEEVE-ADULT-MEDIUM,Shenandoah Middle School,,,9999999
configurator-track-short-sleeve,Track & Field Short Sleeve,Size,Adult Medium,,,,,CONFIGURATOR-TRACK-SHORT-SLEEVE-ADULT-MEDIUM,True North Classical Academy,,,9999999
configurator-track-short-sleeve,Track & Field Short Sleeve,Size,Adult Large,,,,,CONFIGURATOR-TRACK-SHORT-SLEEVE-ADULT-LARGE,1000 Brickell Avenue,,,9999999
configurator-track-short-sleeve,Track & Field Short Sleeve,Size,Adult Large,,,,,CONFIGURATOR-TRACK-SHORT-SLEEVE-ADULT-LARGE,Henry H Filer Middle School,,,9999999
configurator-track-short-sleeve,Track & Field Short Sleeve,Size,Adult Large,,,,,CONFIGURATOR-TRACK-SHORT-SLEEVE-ADULT-LARGE,Rockway Middle School,,,9999999
configurator-track-short-sleeve,Track & Field Short Sleeve,Size,Adult Large,,,,,CONFIGURATOR-TRACK-SHORT-SLEEVE-ADULT-LARGE,Shenandoah Middle School,,,9999999
configurator-track-short-sleeve,Track & Field Short Sleeve,Size,Adult Large,,,,,CONFIGURATOR-TRACK-SHORT-SLEEVE-ADULT-LARGE,True North Classical Academy,,,9999999
configurator-track-short-sleeve,Track & Field Short Sleeve,Size,Adult X-Large,,,,,CONFIGURATOR-TRACK-SHORT-SLEEVE-ADULT-X-LARGE,1000 Brickell Avenue,,,9999999
configurator-track-short-sleeve,Track & Field Short Sleeve,Size,Adult X-Large,,,,,CONFIGURATOR-TRACK-SHORT-SLEEVE-ADULT-X-LARGE,Henry H Filer Middle School,,,9999999
configurator-track-short-sleeve,Track & Field Short Sleeve,Size,Adult X-Large,,,,,CONFIGURATOR-TRACK-SHORT-SLEEVE-ADULT-X-LARGE,Rockway Middle School,,,9999999
configurator-track-short-sleeve,Track & Field Short Sleeve,Size,Adult X-Large,,,,,CONFIGURATOR-TRACK-SHORT-SLEEVE-ADULT-X-LARGE,Shenandoah Middle School,,,9999999
configurator-track-short-sleeve,Track & Field Short Sleeve,Size,Adult X-Large,,,,,CONFIGURATOR-TRACK-SHORT-SLEEVE-ADULT-X-LARGE,True North Classical Academy,,,9999999
configurator-track-short-sleeve,Track & Field Short Sleeve,Size,Adult 2XL,,,,,CONFIGURATOR-TRACK-SHORT-SLEEVE-ADULT-2XL,1000 Brickell Avenue,,,9999999
configurator-track-short-sleeve,Track & Field Short Sleeve,Size,Adult 2XL,,,,,CONFIGURATOR-TRACK-SHORT-SLEEVE-ADULT-2XL,Henry H Filer Middle School,,,9999999
configurator-track-short-sleeve,Track & Field Short Sleeve,Size,Adult 2XL,,,,,CONFIGURATOR-TRACK-SHORT-SLEEVE-ADULT-2XL,Rockway Middle School,,,9999999
configurator-track-short-sleeve,Track & Field Short Sleeve,Size,Adult 2XL,,,,,CONFIGURATOR-TRACK-SHORT-SLEEVE-ADULT-2XL,Shenandoah Middle School,,,9999999
configurator-track-short-sleeve,Track & Field Short Sleeve,Size,Adult 2XL,,,,,CONFIGURATOR-TRACK-SHORT-SLEEVE-ADULT-2XL,True North Classical Academy,,,9999999
configurator-track-short-sleeve,Track & Field Short Sleeve,Size,Adult 3XL,,,,,CONFIGURATOR-TRACK-SHORT-SLEEVE-ADULT-3XL,1000 Brickell Avenue,,,9999999
configurator-track-short-sleeve,Track & Field Short Sleeve,Size,Adult 3XL,,,,,CONFIGURATOR-TRACK-SHORT-SLEEVE-ADULT-3XL,Henry H Filer Middle School,,,9999999
configurator-track-short-sleeve,Track & Field Short Sleeve,Size,Adult 3XL,,,,,CONFIGURATOR-TRACK-SHORT-SLEEVE-ADULT-3XL,Rockway Middle School,,,9999999
configurator-track-short-sleeve,Track & Field Short Sleeve,Size,Adult 3XL,,,,,CONFIGURATOR-TRACK-SHORT-SLEEVE-ADULT-3XL,Shenandoah Middle School,,,9999999
configurator-track-short-sleeve,Track & Field Short Sleeve,Size,Adult 3XL,,,,,CONFIGURATOR-TRACK-SHORT-SLEEVE-ADULT-3XL,True North Classical Academy,,,9999999
configurator-track-tank,Track & Field Tank Top,Size,Youth Small,,,,,CONFIGURATOR-TRACK-TANK-YOUTH-SMALL,1000 Brickell Avenue,,,9999999
configurator-track-tank,Track & Field Tank Top,Size,Youth Small,,,,,CONFIGURATOR-TRACK-TANK-YOUTH-SMALL,Henry H Filer Middle School,,,9999999
configurator-track-tank,Track & Field Tank Top,Size,Youth Small,,,,,CONFIGURATOR-TRACK-TANK-YOUTH-SMALL,Rockway Middle School,,,9999999
configurator-track-tank,Track & Field Tank Top,Size,Youth Small,,,,,CONFIGURATOR-TRACK-TANK-YOUTH-SMALL,Shenandoah Middle School,,,9999999
configurator-track-tank,Track & Field Tank Top,Size,Youth Small,,,,,CONFIGURATOR-TRACK-TANK-YOUTH-SMALL,True North Classical Academy,,,9999999
configurator-track-tank,Track & Field Tank Top,Size,Youth Medium,,,,,CONFIGURATOR-TRACK-TANK-YOUTH-MEDIUM,1000 Brickell Avenue,,,9999999
configurator-track-tank,Track & Field Tank Top,Size,Youth Medium,,,,,CONFIGURATOR-TRACK-TANK-YOUTH-MEDIUM,Henry H Filer Middle School,,,9999999
configurator-track-tank,Track & Field Tank Top,Size,Youth Medium,,,,,CONFIGURATOR-TRACK-TANK-YOUTH-MEDIUM,Rockway Middle School,,,9999999
configurator-track-tank,Track & Field Tank Top,Size,Youth Medium,,,,,CONFIGURATOR-TRACK-TANK-YOUTH-MEDIUM,Shenandoah Middle School,,,9999999
configurator-track-tank,Track & Field Tank Top,Size,Youth Medium,,,,,CONFIGURATOR-TRACK-TANK-YOUTH-MEDIUM,True North Classical Academy,,,9999999
configurator-track-tank,Track & Field Tank Top,Size,Youth Large,,,,,CONFIGURATOR-TRACK-TANK-YOUTH-LARGE,1000 Brickell Avenue,,,9999999
configurator-track-tank,Track & Field Tank Top,Size,Youth Large,,,,,CONFIGURATOR-TRACK-TANK-YOUTH-LARGE,Henry H Filer Middle School,,,9999999
configurator-track-tank,Track & Field Tank Top,Size,Youth Large,,,,,CONFIGURATOR-TRACK-TANK-YOUTH-LARGE,Rockway Middle School,,,9999999
configurator-track-tank,Track & Field Tank Top,Size,Youth Large,,,,,CONFIGURATOR-TRACK-TANK-YOUTH-LARGE,Shenandoah Middle School,,,9999999
configurator-track-tank,Track & Field Tank Top,Size,Youth Large,,,,,CONFIGURATOR-TRACK-TANK-YOUTH-LARGE,True North Classical Academy,,,9999999
configurator-track-tank,Track & Field Tank Top,Size,Adult X-Small,,,,,CONFIGURATOR-TRACK-TANK-ADULT-X-SMALL,1000 Brickell Avenue,,,9999999
configurator-track-tank,Track & Field Tank Top,Size,Adult X-Small,,,,,CONFIGURATOR-TRACK-TANK-ADULT-X-SMALL,Henry H Filer Middle School,,,9999999
configurator-track-tank,Track & Field Tank Top,Size,Adult X-Small,,,,,CONFIGURATOR-TRACK-TANK-ADULT-X-SMALL,Rockway Middle School,,,9999999
configurator-track-tank,Track & Field Tank Top,Size,Adult X-Small,,,,,CONFIGURATOR-TRACK-TANK-ADULT-X-SMALL,Shenandoah Middle School,,,9999999
configurator-track-tank,Track & Field Tank Top,Size,Adult X-Small,,,,,CONFIGURATOR-TRACK-TANK-ADULT-X-SMALL,True North Classical Academy,,,9999999
configurator-track-tank,Track & Field Tank Top,Size,Adult Small,,,,,CONFIGURATOR-TRACK-TANK-ADULT-SMALL,1000 Brickell Avenue,,,9999999
configurator-track-tank,Track & Field Tank Top,Size,Adult Small,,,,,CONFIGURATOR-TRACK-TANK-ADULT-SMALL,Henry H Filer Middle School,,,9999999
configurator-track-tank,Track & Field Tank Top,Size,Adult Small,,,,,CONFIGURATOR-TRACK-TANK-ADULT-SMALL,Rockway Middle School,,,9999999
configurator-track-tank,Track & Field Tank Top,Size,Adult Small,,,,,CONFIGURATOR-TRACK-TANK-ADULT-SMALL,Shenandoah Middle School,,,9999999
configurator-track-tank,Track & Field Tank Top,Size,Adult Small,,,,,CONFIGURATOR-TRACK-TANK-ADULT-SMALL,True North Classical Academy,,,9999999
configurator-track-tank,Track & Field Tank Top,Size,Adult Medium,,,,,CONFIGURATOR-TRACK-TANK-ADULT-MEDIUM,1000 Brickell Avenue,,,9999999
configurator-track-tank,Track & Field Tank Top,Size,Adult Medium,,,,,CONFIGURATOR-TRACK-TANK-ADULT-MEDIUM,Henry H Filer Middle School,,,9999999
configurator-track-tank,Track & Field Tank Top,Size,Adult Medium,,,,,CONFIGURATOR-TRACK-TANK-ADULT-MEDIUM,Rockway Middle School,,,9999999
configurator-track-tank,Track & Field Tank Top,Size,Adult Medium,,,,,CONFIGURATOR-TRACK-TANK-ADULT-MEDIUM,Shenandoah Middle School,,,9999999
configurator-track-tank,Track & Field Tank Top,Size,Adult Medium,,,,,CONFIGURATOR-TRACK-TANK-ADULT-MEDIUM,True North Classical Academy,,,9999999
configurator-track-tank,Track & Field Tank Top,Size,Adult Large,,,,,CONFIGURATOR-TRACK-TANK-ADULT-LARGE,1000 Brickell Avenue,,,9999999
configurator-track-tank,Track & Field Tank Top,Size,Adult Large,,,,,CONFIGURATOR-TRACK-TANK-ADULT-LARGE,Henry H Filer Middle School,,,9999999
configurator-track-tank,Track & Field Tank Top,Size,Adult Large,,,,,CONFIGURATOR-TRACK-TANK-ADULT-LARGE,Rockway Middle School,,,9999999
configurator-track-tank,Track & Field Tank Top,Size,Adult Large,,,,,CONFIGURATOR-TRACK-TANK-ADULT-LARGE,Shenandoah Middle School,,,9999999
configurator-track-tank,Track & Field Tank Top,Size,Adult Large,,,,,CONFIGURATOR-TRACK-TANK-ADULT-LARGE,True North Classical Academy,,,9999999
configurator-track-tank,Track & Field Tank Top,Size,Adult X-Large,,,,,CONFIGURATOR-TRACK-TANK-ADULT-X-LARGE,1000 Brickell Avenue,,,9999999
configurator-track-tank,Track & Field Tank Top,Size,Adult X-Large,,,,,CONFIGURATOR-TRACK-TANK-ADULT-X-LARGE,Henry H Filer Middle School,,,9999999
configurator-track-tank,Track & Field Tank Top,Size,Adult X-Large,,,,,CONFIGURATOR-TRACK-TANK-ADULT-X-LARGE,Rockway Middle School,,,9999999
configurator-track-tank,Track & Field Tank Top,Size,Adult X-Large,,,,,CONFIGURATOR-TRACK-TANK-ADULT-X-LARGE,Shenandoah Middle School,,,9999999
configurator-track-tank,Track & Field Tank Top,Size,Adult X-Large,,,,,CONFIGURATOR-TRACK-TANK-ADULT-X-LARGE,True North Classical Academy,,,9999999
configurator-track-tank,Track & Field Tank Top,Size,Adult 2XL,,,,,CONFIGURATOR-TRACK-TANK-ADULT-2XL,1000 Brickell Avenue,,,9999999
configurator-track-tank,Track & Field Tank Top,Size,Adult 2XL,,,,,CONFIGURATOR-TRACK-TANK-ADULT-2XL,Henry H Filer Middle School,,,9999999
configurator-track-tank,Track & Field Tank Top,Size,Adult 2XL,,,,,CONFIGURATOR-TRACK-TANK-ADULT-2XL,Rockway Middle School,,,9999999
configurator-track-tank,Track & Field Tank Top,Size,Adult 2XL,,,,,CONFIGURATOR-TRACK-TANK-ADULT-2XL,Shenandoah Middle School,,,9999999
configurator-track-tank,Track & Field Tank Top,Size,Adult 2XL,,,,,CONFIGURATOR-TRACK-TANK-ADULT-2XL,True North Classical Academy,,,9999999
configurator-track-tank,Track & Field Tank Top,Size,Adult 3XL,,,,,CONFIGURATOR-TRACK-TANK-ADULT-3XL,1000 Brickell Avenue,,,9999999
configurator-track-tank,Track & Field Tank Top,Size,Adult 3XL,,,,,CONFIGURATOR-TRACK-TANK-ADULT-3XL,Henry H Filer Middle School,,,9999999
configurator-track-tank,Track & Field Tank Top,Size,Adult 3XL,,,,,CONFIGURATOR-TRACK-TANK-ADULT-3XL,Rockway Middle School,,,9999999
configurator-track-tank,Track & Field Tank Top,Size,Adult 3XL,,,,,CONFIGURATOR-TRACK-TANK-ADULT-3XL,Shenandoah Middle School,,,9999999
configurator-track-tank,Track & Field Tank Top,Size,Adult 3XL,,,,,CONFIGURATOR-TRACK-TANK-ADULT-3XL,True North Classical Academy,,,9999999
configurator-volleyball-long,Volleyball Long Sleeve Tops,Size,Youth Small,,,,,CONFIGURATOR-VOLLEYBALL-LONG-YOUTH-SMALL,1000 Brickell Avenue,,,9999999
configurator-volleyball-long,Volleyball Long Sleeve Tops,Size,Youth Small,,,,,CONFIGURATOR-VOLLEYBALL-LONG-YOUTH-SMALL,Henry H Filer Middle School,,,9999999
configurator-volleyball-long,Volleyball Long Sleeve Tops,Size,Youth Small,,,,,CONFIGURATOR-VOLLEYBALL-LONG-YOUTH-SMALL,Rockway Middle School,,,9999999
configurator-volleyball-long,Volleyball Long Sleeve Tops,Size,Youth Small,,,,,CONFIGURATOR-VOLLEYBALL-LONG-YOUTH-SMALL,Shenandoah Middle School,,,9999999
configurator-volleyball-long,Volleyball Long Sleeve Tops,Size,Youth Small,,,,,CONFIGURATOR-VOLLEYBALL-LONG-YOUTH-SMALL,True North Classical Academy,,,9999999
configurator-volleyball-long,Volleyball Long Sleeve Tops,Size,Youth Medium,,,,,CONFIGURATOR-VOLLEYBALL-LONG-YOUTH-MEDIUM,1000 Brickell Avenue,,,9999999
configurator-volleyball-long,Volleyball Long Sleeve Tops,Size,Youth Medium,,,,,CONFIGURATOR-VOLLEYBALL-LONG-YOUTH-MEDIUM,Henry H Filer Middle School,,,9999999
configurator-volleyball-long,Volleyball Long Sleeve Tops,Size,Youth Medium,,,,,CONFIGURATOR-VOLLEYBALL-LONG-YOUTH-MEDIUM,Rockway Middle School,,,9999999
configurator-volleyball-long,Volleyball Long Sleeve Tops,Size,Youth Medium,,,,,CONFIGURATOR-VOLLEYBALL-LONG-YOUTH-MEDIUM,Shenandoah Middle School,,,9999999
configurator-volleyball-long,Volleyball Long Sleeve Tops,Size,Youth Medium,,,,,CONFIGURATOR-VOLLEYBALL-LONG-YOUTH-MEDIUM,True North Classical Academy,,,9999999
configurator-volleyball-long,Volleyball Long Sleeve Tops,Size,Youth Large,,,,,CONFIGURATOR-VOLLEYBALL-LONG-YOUTH-LARGE,1000 Brickell Avenue,,,9999999
configurator-volleyball-long,Volleyball Long Sleeve Tops,Size,Youth Large,,,,,CONFIGURATOR-VOLLEYBALL-LONG-YOUTH-LARGE,Henry H Filer Middle School,,,9999999
configurator-volleyball-long,Volleyball Long Sleeve Tops,Size,Youth Large,,,,,CONFIGURATOR-VOLLEYBALL-LONG-YOUTH-LARGE,Rockway Middle School,,,9999999
configurator-volleyball-long,Volleyball Long Sleeve Tops,Size,Youth Large,,,,,CONFIGURATOR-VOLLEYBALL-LONG-YOUTH-LARGE,Shenandoah Middle School,,,9999999
configurator-volleyball-long,Volleyball Long Sleeve Tops,Size,Youth Large,,,,,CONFIGURATOR-VOLLEYBALL-LONG-YOUTH-LARGE,True North Classical Academy,,,9999999
configurator-volleyball-long,Volleyball Long Sleeve Tops,Size,Adult X-Small,,,,,CONFIGURATOR-VOLLEYBALL-LONG-ADULT-X-SMALL,1000 Brickell Avenue,,,9999999
configurator-volleyball-long,Volleyball Long Sleeve Tops,Size,Adult X-Small,,,,,CONFIGURATOR-VOLLEYBALL-LONG-ADULT-X-SMALL,Henry H Filer Middle School,,,9999999
configurator-volleyball-long,Volleyball Long Sleeve Tops,Size,Adult X-Small,,,,,CONFIGURATOR-VOLLEYBALL-LONG-ADULT-X-SMALL,Rockway Middle School,,,9999999
configurator-volleyball-long,Volleyball Long Sleeve Tops,Size,Adult X-Small,,,,,CONFIGURATOR-VOLLEYBALL-LONG-ADULT-X-SMALL,Shenandoah Middle School,,,9999999
configurator-volleyball-long,Volleyball Long Sleeve Tops,Size,Adult X-Small,,,,,CONFIGURATOR-VOLLEYBALL-LONG-ADULT-X-SMALL,True North Classical Academy,,,9999999
configurator-volleyball-long,Volleyball Long Sleeve Tops,Size,Adult Small,,,,,CONFIGURATOR-VOLLEYBALL-LONG-ADULT-SMALL,1000 Brickell Avenue,,,9999999
configurator-volleyball-long,Volleyball Long Sleeve Tops,Size,Adult Small,,,,,CONFIGURATOR-VOLLEYBALL-LONG-ADULT-SMALL,Henry H Filer Middle School,,,9999999
configurator-volleyball-long,Volleyball Long Sleeve Tops,Size,Adult Small,,,,,CONFIGURATOR-VOLLEYBALL-LONG-ADULT-SMALL,Rockway Middle School,,,9999999
configurator-volleyball-long,Volleyball Long Sleeve Tops,Size,Adult Small,,,,,CONFIGURATOR-VOLLEYBALL-LONG-ADULT-SMALL,Shenandoah Middle School,,,9999999
configurator-volleyball-long,Volleyball Long Sleeve Tops,Size,Adult Small,,,,,CONFIGURATOR-VOLLEYBALL-LONG-ADULT-SMALL,True North Classical Academy,,,9999999
configurator-volleyball-long,Volleyball Long Sleeve Tops,Size,Adult Medium,,,,,CONFIGURATOR-VOLLEYBALL-LONG-ADULT-MEDIUM,1000 Brickell Avenue,,,9999999
configurator-volleyball-long,Volleyball Long Sleeve Tops,Size,Adult Medium,,,,,CONFIGURATOR-VOLLEYBALL-LONG-ADULT-MEDIUM,Henry H Filer Middle School,,,9999999
configurator-volleyball-long,Volleyball Long Sleeve Tops,Size,Adult Medium,,,,,CONFIGURATOR-VOLLEYBALL-LONG-ADULT-MEDIUM,Rockway Middle School,,,9999999
configurator-volleyball-long,Volleyball Long Sleeve Tops,Size,Adult Medium,,,,,CONFIGURATOR-VOLLEYBALL-LONG-ADULT-MEDIUM,Shenandoah Middle School,,,9999999
configurator-volleyball-long,Volleyball Long Sleeve Tops,Size,Adult Medium,,,,,CONFIGURATOR-VOLLEYBALL-LONG-ADULT-MEDIUM,True North Classical Academy,,,9999999
configurator-volleyball-long,Volleyball Long Sleeve Tops,Size,Adult Large,,,,,CONFIGURATOR-VOLLEYBALL-LONG-ADULT-LARGE,1000 Brickell Avenue,,,9999999
configurator-volleyball-long,Volleyball Long Sleeve Tops,Size,Adult Large,,,,,CONFIGURATOR-VOLLEYBALL-LONG-ADULT-LARGE,Henry H Filer Middle School,,,9999999
configurator-volleyball-long,Volleyball Long Sleeve Tops,Size,Adult Large,,,,,CONFIGURATOR-VOLLEYBALL-LONG-ADULT-LARGE,Rockway Middle School,,,9999999
configurator-volleyball-long,Volleyball Long Sleeve Tops,Size,Adult Large,,,,,CONFIGURATOR-VOLLEYBALL-LONG-ADULT-LARGE,Shenandoah Middle School,,,9999999
configurator-volleyball-long,Volleyball Long Sleeve Tops,Size,Adult Large,,,,,CONFIGURATOR-VOLLEYBALL-LONG-ADULT-LARGE,True North Classical Academy,,,9999999
configurator-volleyball-long,Volleyball Long Sleeve Tops,Size,Adult X-Large,,,,,CONFIGURATOR-VOLLEYBALL-LONG-ADULT-X-LARGE,1000 Brickell Avenue,,,9999999
configurator-volleyball-long,Volleyball Long Sleeve Tops,Size,Adult X-Large,,,,,CONFIGURATOR-VOLLEYBALL-LONG-ADULT-X-LARGE,Henry H Filer Middle School,,,9999999
configurator-volleyball-long,Volleyball Long Sleeve Tops,Size,Adult X-Large,,,,,CONFIGURATOR-VOLLEYBALL-LONG-ADULT-X-LARGE,Rockway Middle School,,,9999999
configurator-volleyball-long,Volleyball Long Sleeve Tops,Size,Adult X-Large,,,,,CONFIGURATOR-VOLLEYBALL-LONG-ADULT-X-LARGE,Shenandoah Middle School,,,9999999
configurator-volleyball-long,Volleyball Long Sleeve Tops,Size,Adult X-Large,,,,,CONFIGURATOR-VOLLEYBALL-LONG-ADULT-X-LARGE,True North Classical Academy,,,9999999
configurator-volleyball-long,Volleyball Long Sleeve Tops,Size,Adult 2XL,,,,,CONFIGURATOR-VOLLEYBALL-LONG-ADULT-2XL,1000 Brickell Avenue,,,9999999
configurator-volleyball-long,Volleyball Long Sleeve Tops,Size,Adult 2XL,,,,,CONFIGURATOR-VOLLEYBALL-LONG-ADULT-2XL,Henry H Filer Middle School,,,9999999
configurator-volleyball-long,Volleyball Long Sleeve Tops,Size,Adult 2XL,,,,,CONFIGURATOR-VOLLEYBALL-LONG-ADULT-2XL,Rockway Middle School,,,9999999
configurator-volleyball-long,Volleyball Long Sleeve Tops,Size,Adult 2XL,,,,,CONFIGURATOR-VOLLEYBALL-LONG-ADULT-2XL,Shenandoah Middle School,,,9999999
configurator-volleyball-long,Volleyball Long Sleeve Tops,Size,Adult 2XL,,,,,CONFIGURATOR-VOLLEYBALL-LONG-ADULT-2XL,True North Classical Academy,,,9999999
configurator-volleyball-long,Volleyball Long Sleeve Tops,Size,Adult 3XL,,,,,CONFIGURATOR-VOLLEYBALL-LONG-ADULT-3XL,1000 Brickell Avenue,,,9999999
configurator-volleyball-long,Volleyball Long Sleeve Tops,Size,Adult 3XL,,,,,CONFIGURATOR-VOLLEYBALL-LONG-ADULT-3XL,Henry H Filer Middle School,,,9999999
configurator-volleyball-long,Volleyball Long Sleeve Tops,Size,Adult 3XL,,,,,CONFIGURATOR-VOLLEYBALL-LONG-ADULT-3XL,Rockway Middle School,,,9999999
configurator-volleyball-long,Volleyball Long Sleeve Tops,Size,Adult 3XL,,,,,CONFIGURATOR-VOLLEYBALL-LONG-ADULT-3XL,Shenandoah Middle School,,,9999999
configurator-volleyball-long,Volleyball Long Sleeve Tops,Size,Adult 3XL,,,,,CONFIGURATOR-VOLLEYBALL-LONG-ADULT-3XL,True North Classical Academy,,,9999999
configurator-volleyball-short,Volleyball Short Sleeve Tops,Size,Youth Small,,,,,CONFIGURATOR-VOLLEYBALL-SHORT-YOUTH-SMALL,1000 Brickell Avenue,,,9999999
configurator-volleyball-short,Volleyball Short Sleeve Tops,Size,Youth Small,,,,,CONFIGURATOR-VOLLEYBALL-SHORT-YOUTH-SMALL,Henry H Filer Middle School,,,9999999
configurator-volleyball-short,Volleyball Short Sleeve Tops,Size,Youth Small,,,,,CONFIGURATOR-VOLLEYBALL-SHORT-YOUTH-SMALL,Rockway Middle School,,,9999999
configurator-volleyball-short,Volleyball Short Sleeve Tops,Size,Youth Small,,,,,CONFIGURATOR-VOLLEYBALL-SHORT-YOUTH-SMALL,Shenandoah Middle School,,,9999999
configurator-volleyball-short,Volleyball Short Sleeve Tops,Size,Youth Small,,,,,CONFIGURATOR-VOLLEYBALL-SHORT-YOUTH-SMALL,True North Classical Academy,,,9999999
configurator-volleyball-short,Volleyball Short Sleeve Tops,Size,Youth Medium,,,,,CONFIGURATOR-VOLLEYBALL-SHORT-YOUTH-MEDIUM,1000 Brickell Avenue,,,9999999
configurator-volleyball-short,Volleyball Short Sleeve Tops,Size,Youth Medium,,,,,CONFIGURATOR-VOLLEYBALL-SHORT-YOUTH-MEDIUM,Henry H Filer Middle School,,,9999999
configurator-volleyball-short,Volleyball Short Sleeve Tops,Size,Youth Medium,,,,,CONFIGURATOR-VOLLEYBALL-SHORT-YOUTH-MEDIUM,Rockway Middle School,,,9999999
configurator-volleyball-short,Volleyball Short Sleeve Tops,Size,Youth Medium,,,,,CONFIGURATOR-VOLLEYBALL-SHORT-YOUTH-MEDIUM,Shenandoah Middle School,,,9999999
configurator-volleyball-short,Volleyball Short Sleeve Tops,Size,Youth Medium,,,,,CONFIGURATOR-VOLLEYBALL-SHORT-YOUTH-MEDIUM,True North Classical Academy,,,9999999
configurator-volleyball-short,Volleyball Short Sleeve Tops,Size,Youth Large,,,,,CONFIGURATOR-VOLLEYBALL-SHORT-YOUTH-LARGE,1000 Brickell Avenue,,,9999999
configurator-volleyball-short,Volleyball Short Sleeve Tops,Size,Youth Large,,,,,CONFIGURATOR-VOLLEYBALL-SHORT-YOUTH-LARGE,Henry H Filer Middle School,,,9999999
configurator-volleyball-short,Volleyball Short Sleeve Tops,Size,Youth Large,,,,,CONFIGURATOR-VOLLEYBALL-SHORT-YOUTH-LARGE,Rockway Middle School,,,9999999
configurator-volleyball-short,Volleyball Short Sleeve Tops,Size,Youth Large,,,,,CONFIGURATOR-VOLLEYBALL-SHORT-YOUTH-LARGE,Shenandoah Middle School,,,9999999
configurator-volleyball-short,Volleyball Short Sleeve Tops,Size,Youth Large,,,,,CONFIGURATOR-VOLLEYBALL-SHORT-YOUTH-LARGE,True North Classical Academy,,,9999999
configurator-volleyball-short,Volleyball Short Sleeve Tops,Size,Adult X-Small,,,,,CONFIGURATOR-VOLLEYBALL-SHORT-ADULT-X-SMALL,1000 Brickell Avenue,,,9999999
configurator-volleyball-short,Volleyball Short Sleeve Tops,Size,Adult X-Small,,,,,CONFIGURATOR-VOLLEYBALL-SHORT-ADULT-X-SMALL,Henry H Filer Middle School,,,9999999
configurator-volleyball-short,Volleyball Short Sleeve Tops,Size,Adult X-Small,,,,,CONFIGURATOR-VOLLEYBALL-SHORT-ADULT-X-SMALL,Rockway Middle School,,,9999999
configurator-volleyball-short,Volleyball Short Sleeve Tops,Size,Adult X-Small,,,,,CONFIGURATOR-VOLLEYBALL-SHORT-ADULT-X-SMALL,Shenandoah Middle School,,,9999999
configurator-volleyball-short,Volleyball Short Sleeve Tops,Size,Adult X-Small,,,,,CONFIGURATOR-VOLLEYBALL-SHORT-ADULT-X-SMALL,True North Classical Academy,,,9999999
configurator-volleyball-short,Volleyball Short Sleeve Tops,Size,Adult Small,,,,,CONFIGURATOR-VOLLEYBALL-SHORT-ADULT-SMALL,1000 Brickell Avenue,,,9999999
configurator-volleyball-short,Volleyball Short Sleeve Tops,Size,Adult Small,,,,,CONFIGURATOR-VOLLEYBALL-SHORT-ADULT-SMALL,Henry H Filer Middle School,,,9999999
configurator-volleyball-short,Volleyball Short Sleeve Tops,Size,Adult Small,,,,,CONFIGURATOR-VOLLEYBALL-SHORT-ADULT-SMALL,Rockway Middle School,,,9999999
configurator-volleyball-short,Volleyball Short Sleeve Tops,Size,Adult Small,,,,,CONFIGURATOR-VOLLEYBALL-SHORT-ADULT-SMALL,Shenandoah Middle School,,,9999999
configurator-volleyball-short,Volleyball Short Sleeve Tops,Size,Adult Small,,,,,CONFIGURATOR-VOLLEYBALL-SHORT-ADULT-SMALL,True North Classical Academy,,,9999999
configurator-volleyball-short,Volleyball Short Sleeve Tops,Size,Adult Medium,,,,,CONFIGURATOR-VOLLEYBALL-SHORT-ADULT-MEDIUM,1000 Brickell Avenue,,,9999999
configurator-volleyball-short,Volleyball Short Sleeve Tops,Size,Adult Medium,,,,,CONFIGURATOR-VOLLEYBALL-SHORT-ADULT-MEDIUM,Henry H Filer Middle School,,,9999999
configurator-volleyball-short,Volleyball Short Sleeve Tops,Size,Adult Medium,,,,,CONFIGURATOR-VOLLEYBALL-SHORT-ADULT-MEDIUM,Rockway Middle School,,,9999999
configurator-volleyball-short,Volleyball Short Sleeve Tops,Size,Adult Medium,,,,,CONFIGURATOR-VOLLEYBALL-SHORT-ADULT-MEDIUM,Shenandoah Middle School,,,9999999
configurator-volleyball-short,Volleyball Short Sleeve Tops,Size,Adult Medium,,,,,CONFIGURATOR-VOLLEYBALL-SHORT-ADULT-MEDIUM,True North Classical Academy,,,9999999
configurator-volleyball-short,Volleyball Short Sleeve Tops,Size,Adult Large,,,,,CONFIGURATOR-VOLLEYBALL-SHORT-ADULT-LARGE,1000 Brickell Avenue,,,9999999
configurator-volleyball-short,Volleyball Short Sleeve Tops,Size,Adult Large,,,,,CONFIGURATOR-VOLLEYBALL-SHORT-ADULT-LARGE,Henry H Filer Middle School,,,9999999
configurator-volleyball-short,Volleyball Short Sleeve Tops,Size,Adult Large,,,,,CONFIGURATOR-VOLLEYBALL-SHORT-ADULT-LARGE,Rockway Middle School,,,9999999
configurator-volleyball-short,Volleyball Short Sleeve Tops,Size,Adult Large,,,,,CONFIGURATOR-VOLLEYBALL-SHORT-ADULT-LARGE,Shenandoah Middle School,,,9999999
configurator-volleyball-short,Volleyball Short Sleeve Tops,Size,Adult Large,,,,,CONFIGURATOR-VOLLEYBALL-SHORT-ADULT-LARGE,True North Classical Academy,,,9999999
configurator-volleyball-short,Volleyball Short Sleeve Tops,Size,Adult X-Large,,,,,CONFIGURATOR-VOLLEYBALL-SHORT-ADULT-X-LARGE,1000 Brickell Avenue,,,9999999
configurator-volleyball-short,Volleyball Short Sleeve Tops,Size,Adult X-Large,,,,,CONFIGURATOR-VOLLEYBALL-SHORT-ADULT-X-LARGE,Henry H Filer Middle School,,,9999999
configurator-volleyball-short,Volleyball Short Sleeve Tops,Size,Adult X-Large,,,,,CONFIGURATOR-VOLLEYBALL-SHORT-ADULT-X-LARGE,Rockway Middle School,,,9999999
configurator-volleyball-short,Volleyball Short Sleeve Tops,Size,Adult X-Large,,,,,CONFIGURATOR-VOLLEYBALL-SHORT-ADULT-X-LARGE,Shenandoah Middle School,,,9999999
configurator-volleyball-short,Volleyball Short Sleeve Tops,Size,Adult X-Large,,,,,CONFIGURATOR-VOLLEYBALL-SHORT-ADULT-X-LARGE,True North Classical Academy,,,9999999
configurator-volleyball-short,Volleyball Short Sleeve Tops,Size,Adult 2XL,,,,,CONFIGURATOR-VOLLEYBALL-SHORT-ADULT-2XL,1000 Brickell Avenue,,,9999999
configurator-volleyball-short,Volleyball Short Sleeve Tops,Size,Adult 2XL,,,,,CONFIGURATOR-VOLLEYBALL-SHORT-ADULT-2XL,Henry H Filer Middle School,,,9999999
configurator-volleyball-short,Volleyball Short Sleeve Tops,Size,Adult 2XL,,,,,CONFIGURATOR-VOLLEYBALL-SHORT-ADULT-2XL,Rockway Middle School,,,9999999
configurator-volleyball-short,Volleyball Short Sleeve Tops,Size,Adult 2XL,,,,,CONFIGURATOR-VOLLEYBALL-SHORT-ADULT-2XL,Shenandoah Middle School,,,9999999
configurator-volleyball-short,Volleyball Short Sleeve Tops,Size,Adult 2XL,,,,,CONFIGURATOR-VOLLEYBALL-SHORT-ADULT-2XL,True North Classical Academy,,,9999999
configurator-volleyball-short,Volleyball Short Sleeve Tops,Size,Adult 3XL,,,,,CONFIGURATOR-VOLLEYBALL-SHORT-ADULT-3XL,1000 Brickell Avenue,,,9999999
configurator-volleyball-short,Volleyball Short Sleeve Tops,Size,Adult 3XL,,,,,CONFIGURATOR-VOLLEYBALL-SHORT-ADULT-3XL,Henry H Filer Middle School,,,9999999
configurator-volleyball-short,Volleyball Short Sleeve Tops,Size,Adult 3XL,,,,,CONFIGURATOR-VOLLEYBALL-SHORT-ADULT-3XL,Rockway Middle School,,,9999999
configurator-volleyball-short,Volleyball Short Sleeve Tops,Size,Adult 3XL,,,,,CONFIGURATOR-VOLLEYBALL-SHORT-ADULT-3XL,Shenandoah Middle School,,,9999999
configurator-volleyball-short,Volleyball Short Sleeve Tops,Size,Adult 3XL,,,,,CONFIGURATOR-VOLLEYBALL-SHORT-ADULT-3XL,True North Classical Academy,,,9999999
configurator-volleyball-spandex-4,Volleyball Shorts Spandex 4,Size,Youth Small,,,,,CONFIGURATOR-VOLLEYBALL-SPANDEX-4-YOUTH-SMALL,1000 Brickell Avenue,,,9999999
configurator-volleyball-spandex-4,Volleyball Shorts Spandex 4,Size,Youth Small,,,,,CONFIGURATOR-VOLLEYBALL-SPANDEX-4-YOUTH-SMALL,Henry H Filer Middle School,,,9999999
configurator-volleyball-spandex-4,Volleyball Shorts Spandex 4,Size,Youth Small,,,,,CONFIGURATOR-VOLLEYBALL-SPANDEX-4-YOUTH-SMALL,Rockway Middle School,,,9999999
configurator-volleyball-spandex-4,Volleyball Shorts Spandex 4,Size,Youth Small,,,,,CONFIGURATOR-VOLLEYBALL-SPANDEX-4-YOUTH-SMALL,Shenandoah Middle School,,,9999999
configurator-volleyball-spandex-4,Volleyball Shorts Spandex 4,Size,Youth Small,,,,,CONFIGURATOR-VOLLEYBALL-SPANDEX-4-YOUTH-SMALL,True North Classical Academy,,,9999999
configurator-volleyball-spandex-4,Volleyball Shorts Spandex 4,Size,Youth Medium,,,,,CONFIGURATOR-VOLLEYBALL-SPANDEX-4-YOUTH-MEDIUM,1000 Brickell Avenue,,,9999999
configurator-volleyball-spandex-4,Volleyball Shorts Spandex 4,Size,Youth Medium,,,,,CONFIGURATOR-VOLLEYBALL-SPANDEX-4-YOUTH-MEDIUM,Henry H Filer Middle School,,,9999999
configurator-volleyball-spandex-4,Volleyball Shorts Spandex 4,Size,Youth Medium,,,,,CONFIGURATOR-VOLLEYBALL-SPANDEX-4-YOUTH-MEDIUM,Rockway Middle School,,,9999999
configurator-volleyball-spandex-4,Volleyball Shorts Spandex 4,Size,Youth Medium,,,,,CONFIGURATOR-VOLLEYBALL-SPANDEX-4-YOUTH-MEDIUM,Shenandoah Middle School,,,9999999
configurator-volleyball-spandex-4,Volleyball Shorts Spandex 4,Size,Youth Medium,,,,,CONFIGURATOR-VOLLEYBALL-SPANDEX-4-YOUTH-MEDIUM,True North Classical Academy,,,9999999
configurator-volleyball-spandex-4,Volleyball Shorts Spandex 4,Size,Youth Large,,,,,CONFIGURATOR-VOLLEYBALL-SPANDEX-4-YOUTH-LARGE,1000 Brickell Avenue,,,9999999
configurator-volleyball-spandex-4,Volleyball Shorts Spandex 4,Size,Youth Large,,,,,CONFIGURATOR-VOLLEYBALL-SPANDEX-4-YOUTH-LARGE,Henry H Filer Middle School,,,9999999
configurator-volleyball-spandex-4,Volleyball Shorts Spandex 4,Size,Youth Large,,,,,CONFIGURATOR-VOLLEYBALL-SPANDEX-4-YOUTH-LARGE,Rockway Middle School,,,9999999
configurator-volleyball-spandex-4,Volleyball Shorts Spandex 4,Size,Youth Large,,,,,CONFIGURATOR-VOLLEYBALL-SPANDEX-4-YOUTH-LARGE,Shenandoah Middle School,,,9999999
configurator-volleyball-spandex-4,Volleyball Shorts Spandex 4,Size,Youth Large,,,,,CONFIGURATOR-VOLLEYBALL-SPANDEX-4-YOUTH-LARGE,True North Classical Academy,,,9999999
configurator-volleyball-spandex-4,Volleyball Shorts Spandex 4,Size,Adult X-Small,,,,,CONFIGURATOR-VOLLEYBALL-SPANDEX-4-ADULT-X-SMALL,1000 Brickell Avenue,,,9999999
configurator-volleyball-spandex-4,Volleyball Shorts Spandex 4,Size,Adult X-Small,,,,,CONFIGURATOR-VOLLEYBALL-SPANDEX-4-ADULT-X-SMALL,Henry H Filer Middle School,,,9999999
configurator-volleyball-spandex-4,Volleyball Shorts Spandex 4,Size,Adult X-Small,,,,,CONFIGURATOR-VOLLEYBALL-SPANDEX-4-ADULT-X-SMALL,Rockway Middle School,,,9999999
configurator-volleyball-spandex-4,Volleyball Shorts Spandex 4,Size,Adult X-Small,,,,,CONFIGURATOR-VOLLEYBALL-SPANDEX-4-ADULT-X-SMALL,Shenandoah Middle School,,,9999999
configurator-volleyball-spandex-4,Volleyball Shorts Spandex 4,Size,Adult X-Small,,,,,CONFIGURATOR-VOLLEYBALL-SPANDEX-4-ADULT-X-SMALL,True North Classical Academy,,,9999999
configurator-volleyball-spandex-4,Volleyball Shorts Spandex 4,Size,Adult Small,,,,,CONFIGURATOR-VOLLEYBALL-SPANDEX-4-ADULT-SMALL,1000 Brickell Avenue,,,9999999
configurator-volleyball-spandex-4,Volleyball Shorts Spandex 4,Size,Adult Small,,,,,CONFIGURATOR-VOLLEYBALL-SPANDEX-4-ADULT-SMALL,Henry H Filer Middle School,,,9999999
configurator-volleyball-spandex-4,Volleyball Shorts Spandex 4,Size,Adult Small,,,,,CONFIGURATOR-VOLLEYBALL-SPANDEX-4-ADULT-SMALL,Rockway Middle School,,,9999999
configurator-volleyball-spandex-4,Volleyball Shorts Spandex 4,Size,Adult Small,,,,,CONFIGURATOR-VOLLEYBALL-SPANDEX-4-ADULT-SMALL,Shenandoah Middle School,,,9999999
configurator-volleyball-spandex-4,Volleyball Shorts Spandex 4,Size,Adult Small,,,,,CONFIGURATOR-VOLLEYBALL-SPANDEX-4-ADULT-SMALL,True North Classical Academy,,,9999999
configurator-volleyball-spandex-4,Volleyball Shorts Spandex 4,Size,Adult Medium,,,,,CONFIGURATOR-VOLLEYBALL-SPANDEX-4-ADULT-MEDIUM,1000 Brickell Avenue,,,9999999
configurator-volleyball-spandex-4,Volleyball Shorts Spandex 4,Size,Adult Medium,,,,,CONFIGURATOR-VOLLEYBALL-SPANDEX-4-ADULT-MEDIUM,Henry H Filer Middle School,,,9999999
configurator-volleyball-spandex-4,Volleyball Shorts Spandex 4,Size,Adult Medium,,,,,CONFIGURATOR-VOLLEYBALL-SPANDEX-4-ADULT-MEDIUM,Rockway Middle School,,,9999999
configurator-volleyball-spandex-4,Volleyball Shorts Spandex 4,Size,Adult Medium,,,,,CONFIGURATOR-VOLLEYBALL-SPANDEX-4-ADULT-MEDIUM,Shenandoah Middle School,,,9999999
configurator-volleyball-spandex-4,Volleyball Shorts Spandex 4,Size,Adult Medium,,,,,CONFIGURATOR-VOLLEYBALL-SPANDEX-4-ADULT-MEDIUM,True North Classical Academy,,,9999999
configurator-volleyball-spandex-4,Volleyball Shorts Spandex 4,Size,Adult Large,,,,,CONFIGURATOR-VOLLEYBALL-SPANDEX-4-ADULT-LARGE,1000 Brickell Avenue,,,9999999
configurator-volleyball-spandex-4,Volleyball Shorts Spandex 4,Size,Adult Large,,,,,CONFIGURATOR-VOLLEYBALL-SPANDEX-4-ADULT-LARGE,Henry H Filer Middle School,,,9999999
configurator-volleyball-spandex-4,Volleyball Shorts Spandex 4,Size,Adult Large,,,,,CONFIGURATOR-VOLLEYBALL-SPANDEX-4-ADULT-LARGE,Rockway Middle School,,,9999999
configurator-volleyball-spandex-4,Volleyball Shorts Spandex 4,Size,Adult Large,,,,,CONFIGURATOR-VOLLEYBALL-SPANDEX-4-ADULT-LARGE,Shenandoah Middle School,,,9999999
configurator-volleyball-spandex-4,Volleyball Shorts Spandex 4,Size,Adult Large,,,,,CONFIGURATOR-VOLLEYBALL-SPANDEX-4-ADULT-LARGE,True North Classical Academy,,,9999999
configurator-volleyball-spandex-4,Volleyball Shorts Spandex 4,Size,Adult X-Large,,,,,CONFIGURATOR-VOLLEYBALL-SPANDEX-4-ADULT-X-LARGE,1000 Brickell Avenue,,,9999999
configurator-volleyball-spandex-4,Volleyball Shorts Spandex 4,Size,Adult X-Large,,,,,CONFIGURATOR-VOLLEYBALL-SPANDEX-4-ADULT-X-LARGE,Henry H Filer Middle School,,,9999999
configurator-volleyball-spandex-4,Volleyball Shorts Spandex 4,Size,Adult X-Large,,,,,CONFIGURATOR-VOLLEYBALL-SPANDEX-4-ADULT-X-LARGE,Rockway Middle School,,,9999999
configurator-volleyball-spandex-4,Volleyball Shorts Spandex 4,Size,Adult X-Large,,,,,CONFIGURATOR-VOLLEYBALL-SPANDEX-4-ADULT-X-LARGE,Shenandoah Middle School,,,9999999
configurator-volleyball-spandex-4,Volleyball Shorts Spandex 4,Size,Adult X-Large,,,,,CONFIGURATOR-VOLLEYBALL-SPANDEX-4-ADULT-X-LARGE,True North Classical Academy,,,9999999
configurator-volleyball-spandex-4,Volleyball Shorts Spandex 4,Size,Adult 2XL,,,,,CONFIGURATOR-VOLLEYBALL-SPANDEX-4-ADULT-2XL,1000 Brickell Avenue,,,9999999
configurator-volleyball-spandex-4,Volleyball Shorts Spandex 4,Size,Adult 2XL,,,,,CONFIGURATOR-VOLLEYBALL-SPANDEX-4-ADULT-2XL,Henry H Filer Middle School,,,9999999
configurator-volleyball-spandex-4,Volleyball Shorts Spandex 4,Size,Adult 2XL,,,,,CONFIGURATOR-VOLLEYBALL-SPANDEX-4-ADULT-2XL,Rockway Middle School,,,9999999
configurator-volleyball-spandex-4,Volleyball Shorts Spandex 4,Size,Adult 2XL,,,,,CONFIGURATOR-VOLLEYBALL-SPANDEX-4-ADULT-2XL,Shenandoah Middle School,,,9999999
configurator-volleyball-spandex-4,Volleyball Shorts Spandex 4,Size,Adult 2XL,,,,,CONFIGURATOR-VOLLEYBALL-SPANDEX-4-ADULT-2XL,True North Classical Academy,,,9999999
configurator-volleyball-spandex-4,Volleyball Shorts Spandex 4,Size,Adult 3XL,,,,,CONFIGURATOR-VOLLEYBALL-SPANDEX-4-ADULT-3XL,1000 Brickell Avenue,,,9999999
configurator-volleyball-spandex-4,Volleyball Shorts Spandex 4,Size,Adult 3XL,,,,,CONFIGURATOR-VOLLEYBALL-SPANDEX-4-ADULT-3XL,Henry H Filer Middle School,,,9999999
configurator-volleyball-spandex-4,Volleyball Shorts Spandex 4,Size,Adult 3XL,,,,,CONFIGURATOR-VOLLEYBALL-SPANDEX-4-ADULT-3XL,Rockway Middle School,,,9999999
configurator-volleyball-spandex-4,Volleyball Shorts Spandex 4,Size,Adult 3XL,,,,,CONFIGURATOR-VOLLEYBALL-SPANDEX-4-ADULT-3XL,Shenandoah Middle School,,,9999999
configurator-volleyball-spandex-4,Volleyball Shorts Spandex 4,Size,Adult 3XL,,,,,CONFIGURATOR-VOLLEYBALL-SPANDEX-4-ADULT-3XL,True North Classical Academy,,,9999999
configurator-volleyball-spandex,Volleyball Shorts Spandex,Size,Youth Small,,,,,CONFIGURATOR-VOLLEYBALL-SPANDEX-YOUTH-SMALL,1000 Brickell Avenue,,,9999999
configurator-volleyball-spandex,Volleyball Shorts Spandex,Size,Youth Small,,,,,CONFIGURATOR-VOLLEYBALL-SPANDEX-YOUTH-SMALL,Henry H Filer Middle School,,,9999999
configurator-volleyball-spandex,Volleyball Shorts Spandex,Size,Youth Small,,,,,CONFIGURATOR-VOLLEYBALL-SPANDEX-YOUTH-SMALL,Rockway Middle School,,,9999999
configurator-volleyball-spandex,Volleyball Shorts Spandex,Size,Youth Small,,,,,CONFIGURATOR-VOLLEYBALL-SPANDEX-YOUTH-SMALL,Shenandoah Middle School,,,9999999
configurator-volleyball-spandex,Volleyball Shorts Spandex,Size,Youth Small,,,,,CONFIGURATOR-VOLLEYBALL-SPANDEX-YOUTH-SMALL,True North Classical Academy,,,9999999
configurator-volleyball-spandex,Volleyball Shorts Spandex,Size,Youth Medium,,,,,CONFIGURATOR-VOLLEYBALL-SPANDEX-YOUTH-MEDIUM,1000 Brickell Avenue,,,9999999
configurator-volleyball-spandex,Volleyball Shorts Spandex,Size,Youth Medium,,,,,CONFIGURATOR-VOLLEYBALL-SPANDEX-YOUTH-MEDIUM,Henry H Filer Middle School,,,9999999
configurator-volleyball-spandex,Volleyball Shorts Spandex,Size,Youth Medium,,,,,CONFIGURATOR-VOLLEYBALL-SPANDEX-YOUTH-MEDIUM,Rockway Middle School,,,9999999
configurator-volleyball-spandex,Volleyball Shorts Spandex,Size,Youth Medium,,,,,CONFIGURATOR-VOLLEYBALL-SPANDEX-YOUTH-MEDIUM,Shenandoah Middle School,,,9999999
configurator-volleyball-spandex,Volleyball Shorts Spandex,Size,Youth Medium,,,,,CONFIGURATOR-VOLLEYBALL-SPANDEX-YOUTH-MEDIUM,True North Classical Academy,,,9999999
configurator-volleyball-spandex,Volleyball Shorts Spandex,Size,Youth Large,,,,,CONFIGURATOR-VOLLEYBALL-SPANDEX-YOUTH-LARGE,1000 Brickell Avenue,,,9999999
configurator-volleyball-spandex,Volleyball Shorts Spandex,Size,Youth Large,,,,,CONFIGURATOR-VOLLEYBALL-SPANDEX-YOUTH-LARGE,Henry H Filer Middle School,,,9999999
configurator-volleyball-spandex,Volleyball Shorts Spandex,Size,Youth Large,,,,,CONFIGURATOR-VOLLEYBALL-SPANDEX-YOUTH-LARGE,Rockway Middle School,,,9999999
configurator-volleyball-spandex,Volleyball Shorts Spandex,Size,Youth Large,,,,,CONFIGURATOR-VOLLEYBALL-SPANDEX-YOUTH-LARGE,Shenandoah Middle School,,,9999999
configurator-volleyball-spandex,Volleyball Shorts Spandex,Size,Youth Large,,,,,CONFIGURATOR-VOLLEYBALL-SPANDEX-YOUTH-LARGE,True North Classical Academy,,,9999999
configurator-volleyball-spandex,Volleyball Shorts Spandex,Size,Adult X-Small,,,,,CONFIGURATOR-VOLLEYBALL-SPANDEX-ADULT-X-SMALL,1000 Brickell Avenue,,,9999999
configurator-volleyball-spandex,Volleyball Shorts Spandex,Size,Adult X-Small,,,,,CONFIGURATOR-VOLLEYBALL-SPANDEX-ADULT-X-SMALL,Henry H Filer Middle School,,,9999999
configurator-volleyball-spandex,Volleyball Shorts Spandex,Size,Adult X-Small,,,,,CONFIGURATOR-VOLLEYBALL-SPANDEX-ADULT-X-SMALL,Rockway Middle School,,,9999999
configurator-volleyball-spandex,Volleyball Shorts Spandex,Size,Adult X-Small,,,,,CONFIGURATOR-VOLLEYBALL-SPANDEX-ADULT-X-SMALL,Shenandoah Middle School,,,9999999
configurator-volleyball-spandex,Volleyball Shorts Spandex,Size,Adult X-Small,,,,,CONFIGURATOR-VOLLEYBALL-SPANDEX-ADULT-X-SMALL,True North Classical Academy,,,9999999
configurator-volleyball-spandex,Volleyball Shorts Spandex,Size,Adult Small,,,,,CONFIGURATOR-VOLLEYBALL-SPANDEX-ADULT-SMALL,1000 Brickell Avenue,,,9999999
configurator-volleyball-spandex,Volleyball Shorts Spandex,Size,Adult Small,,,,,CONFIGURATOR-VOLLEYBALL-SPANDEX-ADULT-SMALL,Henry H Filer Middle School,,,9999999
configurator-volleyball-spandex,Volleyball Shorts Spandex,Size,Adult Small,,,,,CONFIGURATOR-VOLLEYBALL-SPANDEX-ADULT-SMALL,Rockway Middle School,,,9999999
configurator-volleyball-spandex,Volleyball Shorts Spandex,Size,Adult Small,,,,,CONFIGURATOR-VOLLEYBALL-SPANDEX-ADULT-SMALL,Shenandoah Middle School,,,9999999
configurator-volleyball-spandex,Volleyball Shorts Spandex,Size,Adult Small,,,,,CONFIGURATOR-VOLLEYBALL-SPANDEX-ADULT-SMALL,True North Classical Academy,,,9999999
configurator-volleyball-spandex,Volleyball Shorts Spandex,Size,Adult Medium,,,,,CONFIGURATOR-VOLLEYBALL-SPANDEX-ADULT-MEDIUM,1000 Brickell Avenue,,,9999999
configurator-volleyball-spandex,Volleyball Shorts Spandex,Size,Adult Medium,,,,,CONFIGURATOR-VOLLEYBALL-SPANDEX-ADULT-MEDIUM,Henry H Filer Middle School,,,9999999
configurator-volleyball-spandex,Volleyball Shorts Spandex,Size,Adult Medium,,,,,CONFIGURATOR-VOLLEYBALL-SPANDEX-ADULT-MEDIUM,Rockway Middle School,,,9999999
configurator-volleyball-spandex,Volleyball Shorts Spandex,Size,Adult Medium,,,,,CONFIGURATOR-VOLLEYBALL-SPANDEX-ADULT-MEDIUM,Shenandoah Middle School,,,9999999
configurator-volleyball-spandex,Volleyball Shorts Spandex,Size,Adult Medium,,,,,CONFIGURATOR-VOLLEYBALL-SPANDEX-ADULT-MEDIUM,True North Classical Academy,,,9999999
configurator-volleyball-spandex,Volleyball Shorts Spandex,Size,Adult Large,,,,,CONFIGURATOR-VOLLEYBALL-SPANDEX-ADULT-LARGE,1000 Brickell Avenue,,,9999999
configurator-volleyball-spandex,Volleyball Shorts Spandex,Size,Adult Large,,,,,CONFIGURATOR-VOLLEYBALL-SPANDEX-ADULT-LARGE,Henry H Filer Middle School,,,9999999
configurator-volleyball-spandex,Volleyball Shorts Spandex,Size,Adult Large,,,,,CONFIGURATOR-VOLLEYBALL-SPANDEX-ADULT-LARGE,Rockway Middle School,,,9999999
configurator-volleyball-spandex,Volleyball Shorts Spandex,Size,Adult Large,,,,,CONFIGURATOR-VOLLEYBALL-SPANDEX-ADULT-LARGE,Shenandoah Middle School,,,9999999
configurator-volleyball-spandex,Volleyball Shorts Spandex,Size,Adult Large,,,,,CONFIGURATOR-VOLLEYBALL-SPANDEX-ADULT-LARGE,True North Classical Academy,,,9999999
configurator-volleyball-spandex,Volleyball Shorts Spandex,Size,Adult X-Large,,,,,CONFIGURATOR-VOLLEYBALL-SPANDEX-ADULT-X-LARGE,1000 Brickell Avenue,,,9999999
configurator-volleyball-spandex,Volleyball Shorts Spandex,Size,Adult X-Large,,,,,CONFIGURATOR-VOLLEYBALL-SPANDEX-ADULT-X-LARGE,Henry H Filer Middle School,,,9999999
configurator-volleyball-spandex,Volleyball Shorts Spandex,Size,Adult X-Large,,,,,CONFIGURATOR-VOLLEYBALL-SPANDEX-ADULT-X-LARGE,Rockway Middle School,,,9999999
configurator-volleyball-spandex,Volleyball Shorts Spandex,Size,Adult X-Large,,,,,CONFIGURATOR-VOLLEYBALL-SPANDEX-ADULT-X-LARGE,Shenandoah Middle School,,,9999999
configurator-volleyball-spandex,Volleyball Shorts Spandex,Size,Adult X-Large,,,,,CONFIGURATOR-VOLLEYBALL-SPANDEX-ADULT-X-LARGE,True North Classical Academy,,,9999999
configurator-volleyball-spandex,Volleyball Shorts Spandex,Size,Adult 2XL,,,,,CONFIGURATOR-VOLLEYBALL-SPANDEX-ADULT-2XL,1000 Brickell Avenue,,,9999999
configurator-volleyball-spandex,Volleyball Shorts Spandex,Size,Adult 2XL,,,,,CONFIGURATOR-VOLLEYBALL-SPANDEX-ADULT-2XL,Henry H Filer Middle School,,,9999999
configurator-volleyball-spandex,Volleyball Shorts Spandex,Size,Adult 2XL,,,,,CONFIGURATOR-VOLLEYBALL-SPANDEX-ADULT-2XL,Rockway Middle School,,,9999999
configurator-volleyball-spandex,Volleyball Shorts Spandex,Size,Adult 2XL,,,,,CONFIGURATOR-VOLLEYBALL-SPANDEX-ADULT-2XL,Shenandoah Middle School,,,9999999
configurator-volleyball-spandex,Volleyball Shorts Spandex,Size,Adult 2XL,,,,,CONFIGURATOR-VOLLEYBALL-SPANDEX-ADULT-2XL,True North Classical Academy,,,9999999
configurator-volleyball-spandex,Volleyball Shorts Spandex,Size,Adult 3XL,,,,,CONFIGURATOR-VOLLEYBALL-SPANDEX-ADULT-3XL,1000 Brickell Avenue,,,9999999
configurator-volleyball-spandex,Volleyball Shorts Spandex,Size,Adult 3XL,,,,,CONFIGURATOR-VOLLEYBALL-SPANDEX-ADULT-3XL,Henry H Filer Middle School,,,9999999
configurator-volleyball-spandex,Volleyball Shorts Spandex,Size,Adult 3XL,,,,,CONFIGURATOR-VOLLEYBALL-SPANDEX-ADULT-3XL,Rockway Middle School,,,9999999
configurator-volleyball-spandex,Volleyball Shorts Spandex,Size,Adult 3XL,,,,,CONFIGURATOR-VOLLEYBALL-SPANDEX-ADULT-3XL,Shenandoah Middle School,,,9999999
configurator-volleyball-spandex,Volleyball Shorts Spandex,Size,Adult 3XL,,,,,CONFIGURATOR-VOLLEYBALL-SPANDEX-ADULT-3XL,True North Classical Academy,,,9999999
configurator-volleyball-spandex-alt,Volleyball Spandex,Size,Youth Small,,,,,CONFIGURATOR-VOLLEYBALL-SPANDEX-ALT-YOUTH-SMALL,1000 Brickell Avenue,,,9999999
configurator-volleyball-spandex-alt,Volleyball Spandex,Size,Youth Small,,,,,CONFIGURATOR-VOLLEYBALL-SPANDEX-ALT-YOUTH-SMALL,Henry H Filer Middle School,,,9999999
configurator-volleyball-spandex-alt,Volleyball Spandex,Size,Youth Small,,,,,CONFIGURATOR-VOLLEYBALL-SPANDEX-ALT-YOUTH-SMALL,Rockway Middle School,,,9999999
configurator-volleyball-spandex-alt,Volleyball Spandex,Size,Youth Small,,,,,CONFIGURATOR-VOLLEYBALL-SPANDEX-ALT-YOUTH-SMALL,Shenandoah Middle School,,,9999999
configurator-volleyball-spandex-alt,Volleyball Spandex,Size,Youth Small,,,,,CONFIGURATOR-VOLLEYBALL-SPANDEX-ALT-YOUTH-SMALL,True North Classical Academy,,,9999999
configurator-volleyball-spandex-alt,Volleyball Spandex,Size,Youth Medium,,,,,CONFIGURATOR-VOLLEYBALL-SPANDEX-ALT-YOUTH-MEDIUM,1000 Brickell Avenue,,,9999999
configurator-volleyball-spandex-alt,Volleyball Spandex,Size,Youth Medium,,,,,CONFIGURATOR-VOLLEYBALL-SPANDEX-ALT-YOUTH-MEDIUM,Henry H Filer Middle School,,,9999999
configurator-volleyball-spandex-alt,Volleyball Spandex,Size,Youth Medium,,,,,CONFIGURATOR-VOLLEYBALL-SPANDEX-ALT-YOUTH-MEDIUM,Rockway Middle School,,,9999999
configurator-volleyball-spandex-alt,Volleyball Spandex,Size,Youth Medium,,,,,CONFIGURATOR-VOLLEYBALL-SPANDEX-ALT-YOUTH-MEDIUM,Shenandoah Middle School,,,9999999
configurator-volleyball-spandex-alt,Volleyball Spandex,Size,Youth Medium,,,,,CONFIGURATOR-VOLLEYBALL-SPANDEX-ALT-YOUTH-MEDIUM,True North Classical Academy,,,9999999
configurator-volleyball-spandex-alt,Volleyball Spandex,Size,Youth Large,,,,,CONFIGURATOR-VOLLEYBALL-SPANDEX-ALT-YOUTH-LARGE,1000 Brickell Avenue,,,9999999
configurator-volleyball-spandex-alt,Volleyball Spandex,Size,Youth Large,,,,,CONFIGURATOR-VOLLEYBALL-SPANDEX-ALT-YOUTH-LARGE,Henry H Filer Middle School,,,9999999
configurator-volleyball-spandex-alt,Volleyball Spandex,Size,Youth Large,,,,,CONFIGURATOR-VOLLEYBALL-SPANDEX-ALT-YOUTH-LARGE,Rockway Middle School,,,9999999
configurator-volleyball-spandex-alt,Volleyball Spandex,Size,Youth Large,,,,,CONFIGURATOR-VOLLEYBALL-SPANDEX-ALT-YOUTH-LARGE,Shenandoah Middle School,,,9999999
configurator-volleyball-spandex-alt,Volleyball Spandex,Size,Youth Large,,,,,CONFIGURATOR-VOLLEYBALL-SPANDEX-ALT-YOUTH-LARGE,True North Classical Academy,,,9999999
configurator-volleyball-spandex-alt,Volleyball Spandex,Size,Adult X-Small,,,,,CONFIGURATOR-VOLLEYBALL-SPANDEX-ALT-ADULT-X-SMALL,1000 Brickell Avenue,,,9999999
configurator-volleyball-spandex-alt,Volleyball Spandex,Size,Adult X-Small,,,,,CONFIGURATOR-VOLLEYBALL-SPANDEX-ALT-ADULT-X-SMALL,Henry H Filer Middle School,,,9999999
configurator-volleyball-spandex-alt,Volleyball Spandex,Size,Adult X-Small,,,,,CONFIGURATOR-VOLLEYBALL-SPANDEX-ALT-ADULT-X-SMALL,Rockway Middle School,,,9999999
configurator-volleyball-spandex-alt,Volleyball Spandex,Size,Adult X-Small,,,,,CONFIGURATOR-VOLLEYBALL-SPANDEX-ALT-ADULT-X-SMALL,Shenandoah Middle School,,,9999999
configurator-volleyball-spandex-alt,Volleyball Spandex,Size,Adult X-Small,,,,,CONFIGURATOR-VOLLEYBALL-SPANDEX-ALT-ADULT-X-SMALL,True North Classical Academy,,,9999999
configurator-volleyball-spandex-alt,Volleyball Spandex,Size,Adult Small,,,,,CONFIGURATOR-VOLLEYBALL-SPANDEX-ALT-ADULT-SMALL,1000 Brickell Avenue,,,9999999
configurator-volleyball-spandex-alt,Volleyball Spandex,Size,Adult Small,,,,,CONFIGURATOR-VOLLEYBALL-SPANDEX-ALT-ADULT-SMALL,Henry H Filer Middle School,,,9999999
configurator-volleyball-spandex-alt,Volleyball Spandex,Size,Adult Small,,,,,CONFIGURATOR-VOLLEYBALL-SPANDEX-ALT-ADULT-SMALL,Rockway Middle School,,,9999999
configurator-volleyball-spandex-alt,Volleyball Spandex,Size,Adult Small,,,,,CONFIGURATOR-VOLLEYBALL-SPANDEX-ALT-ADULT-SMALL,Shenandoah Middle School,,,9999999
configurator-volleyball-spandex-alt,Volleyball Spandex,Size,Adult Small,,,,,CONFIGURATOR-VOLLEYBALL-SPANDEX-ALT-ADULT-SMALL,True North Classical Academy,,,9999999
configurator-volleyball-spandex-alt,Volleyball Spandex,Size,Adult Medium,,,,,CONFIGURATOR-VOLLEYBALL-SPANDEX-ALT-ADULT-MEDIUM,1000 Brickell Avenue,,,9999999
configurator-volleyball-spandex-alt,Volleyball Spandex,Size,Adult Medium,,,,,CONFIGURATOR-VOLLEYBALL-SPANDEX-ALT-ADULT-MEDIUM,Henry H Filer Middle School,,,9999999
configurator-volleyball-spandex-alt,Volleyball Spandex,Size,Adult Medium,,,,,CONFIGURATOR-VOLLEYBALL-SPANDEX-ALT-ADULT-MEDIUM,Rockway Middle School,,,9999999
configurator-volleyball-spandex-alt,Volleyball Spandex,Size,Adult Medium,,,,,CONFIGURATOR-VOLLEYBALL-SPANDEX-ALT-ADULT-MEDIUM,Shenandoah Middle School,,,9999999
configurator-volleyball-spandex-alt,Volleyball Spandex,Size,Adult Medium,,,,,CONFIGURATOR-VOLLEYBALL-SPANDEX-ALT-ADULT-MEDIUM,True North Classical Academy,,,9999999
configurator-volleyball-spandex-alt,Volleyball Spandex,Size,Adult Large,,,,,CONFIGURATOR-VOLLEYBALL-SPANDEX-ALT-ADULT-LARGE,1000 Brickell Avenue,,,9999999
configurator-volleyball-spandex-alt,Volleyball Spandex,Size,Adult Large,,,,,CONFIGURATOR-VOLLEYBALL-SPANDEX-ALT-ADULT-LARGE,Henry H Filer Middle School,,,9999999
configurator-volleyball-spandex-alt,Volleyball Spandex,Size,Adult Large,,,,,CONFIGURATOR-VOLLEYBALL-SPANDEX-ALT-ADULT-LARGE,Rockway Middle School,,,9999999
configurator-volleyball-spandex-alt,Volleyball Spandex,Size,Adult Large,,,,,CONFIGURATOR-VOLLEYBALL-SPANDEX-ALT-ADULT-LARGE,Shenandoah Middle School,,,9999999
configurator-volleyball-spandex-alt,Volleyball Spandex,Size,Adult Large,,,,,CONFIGURATOR-VOLLEYBALL-SPANDEX-ALT-ADULT-LARGE,True North Classical Academy,,,9999999
configurator-volleyball-spandex-alt,Volleyball Spandex,Size,Adult X-Large,,,,,CONFIGURATOR-VOLLEYBALL-SPANDEX-ALT-ADULT-X-LARGE,1000 Brickell Avenue,,,9999999
configurator-volleyball-spandex-alt,Volleyball Spandex,Size,Adult X-Large,,,,,CONFIGURATOR-VOLLEYBALL-SPANDEX-ALT-ADULT-X-LARGE,Henry H Filer Middle School,,,9999999
configurator-volleyball-spandex-alt,Volleyball Spandex,Size,Adult X-Large,,,,,CONFIGURATOR-VOLLEYBALL-SPANDEX-ALT-ADULT-X-LARGE,Rockway Middle School,,,9999999
configurator-volleyball-spandex-alt,Volleyball Spandex,Size,Adult X-Large,,,,,CONFIGURATOR-VOLLEYBALL-SPANDEX-ALT-ADULT-X-LARGE,Shenandoah Middle School,,,9999999
configurator-volleyball-spandex-alt,Volleyball Spandex,Size,Adult X-Large,,,,,CONFIGURATOR-VOLLEYBALL-SPANDEX-ALT-ADULT-X-LARGE,True North Classical Academy,,,9999999
configurator-volleyball-spandex-alt,Volleyball Spandex,Size,Adult 2XL,,,,,CONFIGURATOR-VOLLEYBALL-SPANDEX-ALT-ADULT-2XL,1000 Brickell Avenue,,,9999999
configurator-volleyball-spandex-alt,Volleyball Spandex,Size,Adult 2XL,,,,,CONFIGURATOR-VOLLEYBALL-SPANDEX-ALT-ADULT-2XL,Henry H Filer Middle School,,,9999999
configurator-volleyball-spandex-alt,Volleyball Spandex,Size,Adult 2XL,,,,,CONFIGURATOR-VOLLEYBALL-SPANDEX-ALT-ADULT-2XL,Rockway Middle School,,,9999999
configurator-volleyball-spandex-alt,Volleyball Spandex,Size,Adult 2XL,,,,,CONFIGURATOR-VOLLEYBALL-SPANDEX-ALT-ADULT-2XL,Shenandoah Middle School,,,9999999
configurator-volleyball-spandex-alt,Volleyball Spandex,Size,Adult 2XL,,,,,CONFIGURATOR-VOLLEYBALL-SPANDEX-ALT-ADULT-2XL,True North Classical Academy,,,9999999
configurator-volleyball-spandex-alt,Volleyball Spandex,Size,Adult 3XL,,,,,CONFIGURATOR-VOLLEYBALL-SPANDEX-ALT-ADULT-3XL,1000 Brickell Avenue,,,9999999
configurator-volleyball-spandex-alt,Volleyball Spandex,Size,Adult 3XL,,,,,CONFIGURATOR-VOLLEYBALL-SPANDEX-ALT-ADULT-3XL,Henry H Filer Middle School,,,9999999
configurator-volleyball-spandex-alt,Volleyball Spandex,Size,Adult 3XL,,,,,CONFIGURATOR-VOLLEYBALL-SPANDEX-ALT-ADULT-3XL,Rockway Middle School,,,9999999
configurator-volleyball-spandex-alt,Volleyball Spandex,Size,Adult 3XL,,,,,CONFIGURATOR-VOLLEYBALL-SPANDEX-ALT-ADULT-3XL,Shenandoah Middle School,,,9999999
configurator-volleyball-spandex-alt,Volleyball Spandex,Size,Adult 3XL,,,,,CONFIGURATOR-VOLLEYBALL-SPANDEX-ALT-ADULT-3XL,True North Classical Academy,,,9999999
