Handle,Title,Body (HTML),Vendor,Product Category,Type,Tags,Published,Option1 Name,Option1 Value,Option1 Linked To,Option2 Name,Option2 Value,Option2 Linked To,Option3 Name,Option3 Value,Option3 Linked To,Variant SKU,Variant Grams,Variant Inventory Tracker,Variant Inventory Policy,Variant Fulfillment Service,Variant Price,Variant Compare At Price,Variant Requires Shipping,Variant Taxable,Unit Price Total Measure,Unit Price Total Measure Unit,Unit Price Base Measure,Unit Price Base Measure Unit,Variant Barcode,Image Src,Image Position,Image Alt Text,Gift Card,SEO Title,SEO Description,Activity (product.metafields.shopify.activity),Age group (product.metafields.shopify.age-group),Color (product.metafields.shopify.color-pattern),Neckline (product.metafields.shopify.neckline),Size (product.metafields.shopify.size),Sleeve length type (product.metafields.shopify.sleeve-length-type),Target gender (product.metafields.shopify.target-gender),Top length type (product.metafields.shopify.top-length-type),Variant Image,Variant Weight Unit,Variant Tax Code,Cost per item,Included / United States,Price / United States,Compare At Price / United States,Included / International,Price / International,Compare At Price / International,Status
sports-bag-bc-0452,Sports Bag- BC-0452,<p>Custom made Sports Bag- BC-0452 by Besu Customs.</p>,Besu Customs,Luggage & Bags > Duffel Bags > Gym Duffel Bags,Sports Accessories,Sports Bags,true,Title,Default Title,,,,,,,,SPORTS-BAG-BC-0452-DEFAULT-TITLE,0.0,shopify,continue,manual,65.00,,true,true,,,,,,https://cdn.shopify.com/s/files/1/0894/7436/7766/files/xhs_sports_bag_0010.jpg?v=1757970936,1,,false,,,,,,,,,,,,lb,,,true,,,true,,,active
sports-bag-bc-0451,Sports Bag- BC-0451,<p>Custom made Sports Bag- BC-0451 by Besu Customs.</p>,Besu Customs,Luggage & Bags > Duffel Bags > Gym Duffel Bags,Sports Accessories,Sports Bags,true,Title,Default Title,,,,,,,,SPORTS-BAG-BC-0451-DEFAULT-TITLE,0.0,shopify,continue,manual,65.00,,true,true,,,,,,https://cdn.shopify.com/s/files/1/0894/7436/7766/files/xhs_sports_bag_009.jpg?v=1757966425,1,,false,,,,,,,,,,,,lb,,,true,,,true,,,active
sports-bag-bc-0450,Sports Bag- BC-0450,<p>Custom made Sports Bag- BC-0450 by Besu Customs.</p>,Besu Customs,Luggage & Bags > Duffel Bags > Gym Duffel Bags,Sports Accessories,Sports Bags,true,Title,Default Title,,,,,,,,SPORTS-BAG-BC-0450-DEFAULT-TITLE,0.0,shopify,continue,manual,65.00,,true,true,,,,,,https://cdn.shopify.com/s/files/1/0894/7436/7766/files/xhs_sports_bag_008.jpg?v=1757966044,1,,false,,,,,,,,,,,,lb,,,true,,,true,,,active
sports-bag-bc-0449,Sports Bag- BC-0449,<p>Custom made Sports Bag- BC-0449 by Besu Customs.</p>,Besu Customs,Luggage & Bags > Duffel Bags > Gym Duffel Bags,Sports Accessories,Sports Bags,true,Title,Default Title,,,,,,,,SPORTS-BAG-BC-0449-DEFAULT-TITLE,0.0,shopify,continue,manual,65.00,,true,true,,,,,,https://cdn.shopify.com/s/files/1/0894/7436/7766/files/xhs_sports_bag_007.jpg?v=1757964372,1,,false,,,,,,,,,,,,lb,,,true,,,true,,,active
sports-bag-bc-0448,Sports Bag- BC-0448,<p>Custom made Sports Bag- BC-0448 by Besu Customs.</p>,Besu Customs,Luggage & Bags > Duffel Bags > Gym Duffel Bags,Sports Accessories,Sports Bags,true,Title,Default Title,,,,,,,,SPORTS-BAG-BC-0448-DEFAULT-TITLE,0.0,shopify,continue,manual,65.00,,true,true,,,,,,https://cdn.shopify.com/s/files/1/0894/7436/7766/files/xhs_sports_bag_006.jpg?v=1757801105,1,,false,,,,,,,,,,,,lb,,,true,,,true,,,active
sports-bag-bc-0447,Sports Bag- BC-0447,<p>Custom made Sports Bag- BC-0447 by Besu Customs.</p>,Besu Customs,Luggage & Bags > Duffel Bags > Gym Duffel Bags,Sports Accessories,Sports Bags,true,Title,Default Title,,,,,,,,SPORTS-BAG-BC-0447-DEFAULT-TITLE,0.0,shopify,continue,manual,65.00,,true,true,,,,,,https://cdn.shopify.com/s/files/1/0894/7436/7766/files/xhs_sports_bag_005.jpg?v=1757796945,1,,false,,,,,,,,,,,,lb,,,true,,,true,,,active
sports-bag-product-code-bc-0446,Sports Bag- BC-0446,<p>Custom made Sports Bag- BC-0446 by Besu Customs.</p>,Besu Customs,Uncategorized,Sports Accessories,Sports Bags,true,Title,Default Title,,,,,,,,SPORTS-BAG-PRODUCT-CODE-BC-0446-DEFAULT-TITLE,0.0,shopify,continue,manual,65.00,,true,true,,,,,,https://cdn.shopify.com/s/files/1/0894/7436/7766/files/xhs_sports_bag_004.jpg?v=1757796427,1,,false,,,,,,,,,,,,lb,,,true,,,true,,,active
sports-bag-bc-0445,Sports Bag- BC-0445,<p>Custom made Sports Bag- BC-0445 by Besu Customs.</p>,Besu Customs,Luggage & Bags > Duffel Bags > Gym Duffel Bags,Sports Accessories,Sports Bags,true,Title,Default Title,,,,,,,,SPORTS-BAG-BC-0445-DEFAULT-TITLE,0.0,shopify,continue,manual,65.00,,true,true,,,,,,https://cdn.shopify.com/s/files/1/0894/7436/7766/files/xhs_sports_bag_003.jpg?v=1757794825,1,,false,,,,,,,,,,,,lb,,,true,,,true,,,active
sports-bag-bc-0444,Sports Bag- BC-0444,<p>Custom made Sports Bag- BC-0444 by Besu Customs.</p>,Besu Customs,Luggage & Bags > Duffel Bags > Gym Duffel Bags,Sports Accessories,Sports Bags,true,Title,Default Title,,,,,,,,SPORTS-BAG-BC-0444-DEFAULT-TITLE,0.0,shopify,continue,manual,65.00,,true,true,,,,,,https://cdn.shopify.com/s/files/1/0894/7436/7766/files/xhs_sports_bag_002.jpg?v=1756835334,1,,false,,,,,,,,,,,,lb,,,true,,,true,,,active
sports-bag-bc-0443,Sports Bag- BC-0443,<p>Custom made Sports Bag- BC-0443 by Besu Customs.</p>,Besu Customs,Sporting Goods > Athletics > General Purpose Athletic Equipment > Ball Carrying Bags & Carts > Ball Carrying Bags,Sports Accessories,Sports Bags,true,Title,Default Title,,,,,,,,SPORTS-BAG-BC-0443-DEFAULT-TITLE,0.0,shopify,continue,manual,65.00,,true,true,,,,,,https://cdn.shopify.com/s/files/1/0894/7436/7766/files/xhs_sports_bag_001.jpg?v=1756833236,1,,false,,,,,,,,,,,,lb,,,true,,,true,,,active
face-mask-ski-mask-bc-0135,Face Mask / Ski Mask- BC-0135,<p>Custom made Face Mask / Ski Mask- BC-0135 by Besu Customs.</p>,Besu Customs,Apparel & Accessories > Clothing Accessories > Fashion Face Masks,Sports Accessories,Face Masks/ Ski Masks,true,Title,Default Title,,,,,,,,FACE-MASK-SKI-MASK-BC-0135-DEFAULT-TITLE,0.0,shopify,continue,manual,30.00,,true,true,,,,,,https://cdn.shopify.com/s/files/1/0894/7436/7766/files/xhs_face_ski_mask_0011.jpg?v=1755911122,1,,false,,,,,,,,,,,,lb,,,true,,,true,,,active
face-mask-ski-mask-bc-0134,Face Mask / Ski Mask- BC-0134,<p>Custom made Face Mask / Ski Mask- BC-0134 by Besu Customs.</p>,Besu Customs,Apparel & Accessories > Clothing Accessories > Fashion Face Masks,Sports Accessories,Face Masks/ Ski Masks,true,Title,Default Title,,,,,,,,FACE-MASK-SKI-MASK-BC-0134-DEFAULT-TITLE,0.0,shopify,continue,manual,30.00,,true,true,,,,,,https://cdn.shopify.com/s/files/1/0894/7436/7766/files/xhs_face_ski_mask_0010.jpg?v=1755909492,1,,false,,,,,,,,,,,,lb,,,true,,,true,,,active
face-mask-ski-mask-bc-0133,Face Mask / Ski Mask- BC-0133,<p>Custom made Face Mask / Ski Mask- BC-0133 by Besu Customs.</p>,Besu Customs,Apparel & Accessories > Clothing Accessories > Fashion Face Masks,Sports Accessories,Face Masks/ Ski Masks,true,Title,Default Title,,,,,,,,FACE-MASK-SKI-MASK-BC-0133-DEFAULT-TITLE,0.0,shopify,continue,manual,30.00,,true,true,,,,,,https://cdn.shopify.com/s/files/1/0894/7436/7766/files/xhs_face_ski_mask_009.jpg?v=1755792099,1,,false,,,,,,,,,,,,lb,,,true,,,true,,,active
face-mask-ski-mask-bc-0132,Face Mask / Ski Mask- BC-0132,<p>Custom made Face Mask / Ski Mask- BC-0132 by Besu Customs.</p>,Besu Customs,Apparel & Accessories > Clothing Accessories > Balaclavas,Sports Accessories,Face Masks/ Ski Masks,true,Title,Default Title,,,,,,,,FACE-MASK-SKI-MASK-BC-0132-DEFAULT-TITLE,0.0,shopify,continue,manual,30.00,,true,true,,,,,,https://cdn.shopify.com/s/files/1/0894/7436/7766/files/xhs_face_ski_mask_008.jpg?v=1755215580,1,,false,,,,,,,,,,,,lb,,,true,,,true,,,active
face-mask-ski-mask-bc-0131,Face Mask / Ski Mask- BC-0131,<p>Custom made Face Mask / Ski Mask- BC-0131 by Besu Customs.</p>,Besu Customs,Apparel & Accessories > Clothing Accessories > Fashion Face Masks,Sports Accessories,Face Masks/ Ski Masks,true,Title,Default Title,,,,,,,,FACE-MASK-SKI-MASK-BC-0131-DEFAULT-TITLE,0.0,shopify,continue,manual,30.00,,true,true,,,,,,https://cdn.shopify.com/s/files/1/0894/7436/7766/files/xhs_face_ski_mask_007.jpg?v=1755215163,1,,false,,,,,,,,,,,,lb,,,true,,,true,,,active
face-mask-ski-mask-bc-0130,Face Mask / Ski Mask- BC-0130,<p>Custom made Face Mask / Ski Mask- BC-0130 by Besu Customs.</p>,Besu Customs,Apparel & Accessories > Clothing Accessories > Balaclavas,Sports Accessories,Face Masks/ Ski Masks,true,Title,Default Title,,,,,,,,FACE-MASK-SKI-MASK-BC-0130-DEFAULT-TITLE,0.0,shopify,continue,manual,30.00,,true,true,,,,,,https://cdn.shopify.com/s/files/1/0894/7436/7766/files/xhs_face_ski_mask_006.jpg?v=1755214904,1,,false,,,,,,,,,,,,lb,,,true,,,true,,,active
face-mask-ski-mask-bc-0129,Face Mask / Ski Mask- BC-0129,<p>Custom made Face Mask / Ski Mask- BC-0129 by Besu Customs.</p>,Besu Customs,Apparel & Accessories > Clothing Accessories > Fashion Face Masks,Sports Accessories,Face Masks/ Ski Masks,true,Title,Default Title,,,,,,,,FACE-MASK-SKI-MASK-BC-0129-DEFAULT-TITLE,0.0,shopify,continue,manual,30.00,,true,true,,,,,,https://cdn.shopify.com/s/files/1/0894/7436/7766/files/xhs_face_ski_mask_005.jpg?v=1755214440,1,,false,,,,,,,,,,,,lb,,,true,,,true,,,active
face-mask-ski-mask-bc-0128,Face Mask / Ski Mask- BC-0128,<p>Custom made Face Mask / Ski Mask- BC-0128 by Besu Customs.</p>,Besu Customs,Apparel & Accessories > Clothing Accessories > Fashion Face Masks,Sports Accessories,Face Masks/ Ski Masks,true,Title,Default Title,,,,,,,,FACE-MASK-SKI-MASK-BC-0128-DEFAULT-TITLE,0.0,shopify,continue,manual,30.00,,true,true,,,,,,https://cdn.shopify.com/s/files/1/0894/7436/7766/files/xhs_face_ski_mask_004.jpg?v=1755214251,1,,false,,,,,,,,,,,,lb,,,true,,,true,,,active
face-mask-ski-mask-bc-0127,Face Mask / Ski Mask- BC-0127,<p>Custom made Face Mask / Ski Mask- BC-0127 by Besu Customs.</p>,Besu Customs,Apparel & Accessories > Clothing Accessories > Balaclavas,Sports Accessories,Face Masks/ Ski Masks,true,Title,Default Title,,,,,,,,FACE-MASK-SKI-MASK-BC-0127-DEFAULT-TITLE,0.0,shopify,continue,manual,30.00,,true,true,,,,,,https://cdn.shopify.com/s/files/1/0894/7436/7766/files/xhs_face_ski_mask_003.jpg?v=1755213535,1,,false,,,,,,,,,,,,lb,,,true,,,true,,,active
face-mask-ski-mask-bc-0126,Face Mask / Ski Mask- BC-0126,<p>Custom made Face Mask / Ski Mask- BC-0126 by Besu Customs.</p>,Besu Customs,Apparel & Accessories > Clothing Accessories > Fashion Face Masks,Sports Accessories,Face Masks/ Ski Masks,true,Title,Default Title,,,,,,,,FACE-MASK-SKI-MASK-BC-0126-DEFAULT-TITLE,0.0,shopify,continue,manual,30.00,,true,true,,,,,,https://cdn.shopify.com/s/files/1/0894/7436/7766/files/xhs_face_ski_mask_002.jpg?v=1755213357,1,,false,,,,,,,,,,,,lb,,,true,,,true,,,active
face-mask-ski-mask-bc-0125,Face Mask / Ski Mask- BC-0125,<p>Custom made Face Mask / Ski Mask- BC-0125 by Besu Customs.</p>,Besu Customs,Apparel & Accessories > Clothing Accessories > Fashion Face Masks,Sports Accessories,Face Masks/ Ski Masks,true,Title,Default Title,,,,,,,,FACE-MASK-SKI-MASK-BC-0125-DEFAULT-TITLE,0.0,shopify,continue,manual,30.00,,true,true,,,,,,https://cdn.shopify.com/s/files/1/0894/7436/7766/files/xhs_face_ski_mask_001.jpg?v=1755212860,1,,false,,,,,,,,,,,,lb,,,true,,,true,,,active
cycling-gloves-bc-0124,Cycling Gloves- BC-0124,<p>Custom made Cycling Gloves- BC-0124 by Besu Customs.</p>,Besu Customs,Sporting Goods > Outdoor Recreation > Cycling > Cycling Apparel & Accessories > Bicycle Gloves,Cycling Gloves,Gloves,true,Title,Default Title,,,,,,,,CYCLING-GLOVES-BC-0124-DEFAULT-TITLE,0.0,shopify,continue,manual,30.00,,true,true,,,,,,https://cdn.shopify.com/s/files/1/0894/7436/7766/files/xhs_cyc_glv_0013.jpg?v=1755020594,1,,false,,,,,,,,,,,,lb,,,true,,,true,,,active
cycling-gloves-bc-0123,Cycling Gloves- BC-0123,<p>Custom made Cycling Gloves- BC-0123 by Besu Customs.</p>,Besu Customs,Sporting Goods > Outdoor Recreation > Cycling > Cycling Apparel & Accessories > Bicycle Gloves,Cycling Gloves,Gloves,true,Title,Default Title,,,,,,,,CYCLING-GLOVES-BC-0123-DEFAULT-TITLE,0.0,shopify,continue,manual,30.00,,true,true,,,,,,https://cdn.shopify.com/s/files/1/0894/7436/7766/files/xhs_cyc_glv_0012.jpg?v=1755020408,1,,false,,,,,,,,,,,,lb,,,true,,,true,,,active
cycling-gloves-bc-0122,Cycling Gloves- BC-0122,<p>Custom made Cycling Gloves- BC-0122 by Besu Customs.</p>,Besu Customs,Sporting Goods > Outdoor Recreation > Cycling > Cycling Apparel & Accessories > Bicycle Gloves,Cycling Gloves,Gloves,true,Title,Default Title,,,,,,,,CYCLING-GLOVES-BC-0122-DEFAULT-TITLE,0.0,shopify,continue,manual,30.00,,true,true,,,,,,https://cdn.shopify.com/s/files/1/0894/7436/7766/files/xhs_cyc_glv_0011.jpg?v=1755020130,1,,false,,,,,,,,,,,,lb,,,true,,,true,,,active
cycling-gloves-bc-0121,Cycling Gloves- BC-0121,<p>Custom made Cycling Gloves- BC-0121 by Besu Customs.</p>,Besu Customs,Sporting Goods > Outdoor Recreation > Cycling > Cycling Apparel & Accessories > Bicycle Gloves,Cycling Gloves,Gloves,true,Title,Default Title,,,,,,,,CYCLING-GLOVES-BC-0121-DEFAULT-TITLE,0.0,shopify,continue,manual,30.00,,true,true,,,,,,https://cdn.shopify.com/s/files/1/0894/7436/7766/files/xhs_cyc_glv_0010.jpg?v=1755014823,1,,false,,,,,,,,,,,,lb,,,true,,,true,,,active
cycling-gloves-bc-0120,Cycling Gloves- BC-0120,<p>Custom made Cycling Gloves- BC-0120 by Besu Customs.</p>,Besu Customs,Sporting Goods > Outdoor Recreation > Cycling > Cycling Apparel & Accessories > Bicycle Gloves,Cycling Gloves,Gloves,true,Title,Default Title,,,,,,,,CYCLING-GLOVES-BC-0120-DEFAULT-TITLE,0.0,shopify,continue,manual,30.00,,true,true,,,,,,https://cdn.shopify.com/s/files/1/0894/7436/7766/files/xhs_cyc_glv_009.jpg?v=1754928016,1,,false,,,,,,,,,,,,lb,,,true,,,true,,,active
cycling-gloves-bc-0119,Cycling Gloves- BC-0119,<p>Custom made Cycling Gloves- BC-0119 by Besu Customs.</p>,Besu Customs,Sporting Goods > Outdoor Recreation > Cycling > Cycling Apparel & Accessories > Bicycle Gloves,Cycling Gloves,Gloves,true,Title,Default Title,,,,,,,,CYCLING-GLOVES-BC-0119-DEFAULT-TITLE,0.0,shopify,continue,manual,30.00,,true,true,,,,,,https://cdn.shopify.com/s/files/1/0894/7436/7766/files/xhs_cyc_glv_008.jpg?v=1754927081,1,,false,,,,,,,,,,,,lb,,,true,,,true,,,active
cycling-gloves-bc-0118,Cycling Gloves- BC-0118,<p>Custom made Cycling Gloves- BC-0118 by Besu Customs.</p>,Besu Customs,Sporting Goods > Outdoor Recreation > Cycling > Cycling Apparel & Accessories > Bicycle Gloves,Cycling Gloves,Gloves,true,Title,Default Title,,,,,,,,CYCLING-GLOVES-BC-0118-DEFAULT-TITLE,0.0,shopify,continue,manual,30.00,,true,true,,,,,,https://cdn.shopify.com/s/files/1/0894/7436/7766/files/xhs_cyc_glv_007.jpg?v=1754925589,1,,false,,,,,,,,,,,,lb,,,true,,,true,,,active
cycling-gloves-bc-0117,Cycling Gloves- BC-0117,<p>Custom made Cycling Gloves- BC-0117 by Besu Customs.</p>,Besu Customs,Sporting Goods > Outdoor Recreation > Cycling > Cycling Apparel & Accessories > Bicycle Gloves,Cycling Gloves,Gloves,true,Title,Default Title,,,,,,,,CYCLING-GLOVES-BC-0117-DEFAULT-TITLE,0.0,shopify,continue,manual,30.00,,true,true,,,,,,https://cdn.shopify.com/s/files/1/0894/7436/7766/files/xhs_cyc_glv_006.jpg?v=1754925148,1,,false,,,,,,,,,,,,lb,,,true,,,true,,,active
cycling-gloves-bc-0116,Cycling Gloves- BC-0116,<p>Custom made Cycling Gloves- BC-0116 by Besu Customs.</p>,Besu Customs,Sporting Goods > Outdoor Recreation > Cycling > Cycling Apparel & Accessories > Bicycle Gloves,Cycling Gloves,Gloves,true,Title,Default Title,,,,,,,,CYCLING-GLOVES-BC-0116-DEFAULT-TITLE,0.0,shopify,continue,manual,30.00,,true,true,,,,,,https://cdn.shopify.com/s/files/1/0894/7436/7766/files/xhs_cyc_glv_005.jpg?v=1754924741,1,,false,,,,,,,,,,,,lb,,,true,,,true,,,active
cycling-gloves-product-code-bc-0115,Cycling Gloves- BC-0115,<p>Custom made Cycling Gloves- BC-0115 by Besu Customs.</p>,Besu Customs,Sporting Goods > Outdoor Recreation > Cycling > Cycling Apparel & Accessories > Bicycle Gloves,Cycling Gloves,Gloves,true,Title,Default Title,,,,,,,,CYCLING-GLOVES-PRODUCT-CODE-BC-0115-DEFAULT-TITL,0.0,shopify,continue,manual,30.00,,true,true,,,,,,https://cdn.shopify.com/s/files/1/0894/7436/7766/files/xhs_cyc_glv_004.jpg?v=1753824877,1,,false,,,,,,,,,,,,lb,,,true,,,true,,,active
cycling-gloves-bc-0114,Cycling Gloves- BC-0114,<p>Custom made Cycling Gloves- BC-0114 by Besu Customs.</p>,Besu Customs,Sporting Goods > Outdoor Recreation > Cycling > Cycling Apparel & Accessories > Bicycle Gloves,Cycling Gloves,Gloves,true,Title,Default Title,,,,,,,,CYCLING-GLOVES-BC-0114-DEFAULT-TITLE,0.0,shopify,continue,manual,30.00,,true,true,,,,,,https://cdn.shopify.com/s/files/1/0894/7436/7766/files/xhs_cyc_glv_003.jpg?v=1753772864,1,,false,,,,,,,,,,,,lb,,,true,,,true,,,active
cycling-gloves-bc-0113,Cycling Gloves- BC-0113,<p>Custom made Cycling Gloves- BC-0113 by Besu Customs.</p>,Besu Customs,Sporting Goods > Outdoor Recreation > Cycling > Cycling Apparel & Accessories > Bicycle Gloves,Cycling Gloves,Gloves,true,Title,Default Title,,,,,,,,CYCLING-GLOVES-BC-0113-DEFAULT-TITLE,0.0,shopify,continue,manual,30.00,,true,true,,,,,,https://cdn.shopify.com/s/files/1/0894/7436/7766/files/xhs_cyc_glv_002.jpg?v=1753772559,1,,false,,,,,,,,,,,,lb,,,true,,,true,,,active
cycling-gloves-bc-0112,Cycling Gloves- BC-0112,<p>Custom made Cycling Gloves- BC-0112 by Besu Customs.</p>,Besu Customs,Sporting Goods > Outdoor Recreation > Cycling > Cycling Apparel & Accessories > Bicycle Gloves,Cycling Gloves,Gloves,true,Title,Default Title,,,,,,,,CYCLING-GLOVES-BC-0112-DEFAULT-TITLE,0.0,shopify,continue,manual,30.00,,true,true,,,,,,https://cdn.shopify.com/s/files/1/0894/7436/7766/files/xhs_cyc_glv_001.jpg?v=1753772316,1,,false,,,,,,,,,,,,lb,,,true,,,true,,,active
weight-lifting-gloves-bc-0683,Weight Lifting Gloves- BC-0683,<p>Custom made Weight Lifting Gloves- BC-0683 by Besu Customs.</p>,Besu Customs,Sporting Goods > Fitness & General Exercise Equipment > Weight Lifting > Weight Lifting Gloves & Hand Supports,Weight Lifting Gloves,Boxing Gear,true,Title,Default Title,,,,,,,,WEIGHT-LIFTING-GLOVES-BC-0683-DEFAULT-TITLE,0.0,shopify,continue,manual,30.00,,true,true,,,,,,https://cdn.shopify.com/s/files/1/0894/7436/7766/files/xhs_weight_lift_glv_009.jpg?v=1753771982,1,,false,,,,,,,,,,,,lb,,,true,,,true,,,active
weight-lifting-gloves-bc-0682,Weight Lifting Gloves- BC-0682,<p>Custom made Weight Lifting Gloves- BC-0682 by Besu Customs.</p>,Besu Customs,Sporting Goods > Fitness & General Exercise Equipment > Weight Lifting > Weight Lifting Gloves & Hand Supports,Weight Lifting Gloves,Boxing Gear,true,Title,Default Title,,,,,,,,WEIGHT-LIFTING-GLOVES-BC-0682-DEFAULT-TITLE,0.0,shopify,continue,manual,30.00,,true,true,,,,,,https://cdn.shopify.com/s/files/1/0894/7436/7766/files/xhs_weight_lift_glv_008.jpg?v=1752956225,1,,false,,,,,,,,,,,,lb,,,true,,,true,,,active
weight-lifting-gloves-bc-0681,Weight Lifting Gloves- BC-0681,<p>Custom made Weight Lifting Gloves- BC-0681 by Besu Customs.</p>,Besu Customs,Sporting Goods > Fitness & General Exercise Equipment > Weight Lifting > Weight Lifting Gloves & Hand Supports,Weight Lifting Gloves,Boxing Gear,true,Title,Default Title,,,,,,,,WEIGHT-LIFTING-GLOVES-BC-0681-DEFAULT-TITLE,0.0,shopify,continue,manual,30.00,,true,true,,,,,,https://cdn.shopify.com/s/files/1/0894/7436/7766/files/xhs_weight_lift_glv_007.jpg?v=1752955442,1,,false,,,,,,,,,,,,lb,,,true,,,true,,,active
weight-lifting-gloves-bc-0680,Weight Lifting Gloves- BC-0680,<p>Custom made Weight Lifting Gloves- BC-0680 by Besu Customs.</p>,Besu Customs,Sporting Goods > Fitness & General Exercise Equipment > Weight Lifting > Weight Lifting Gloves & Hand Supports,Weight Lifting Gloves,Boxing Gear,true,Title,Default Title,,,,,,,,WEIGHT-LIFTING-GLOVES-BC-0680-DEFAULT-TITLE,0.0,shopify,continue,manual,30.00,,true,true,,,,,,https://cdn.shopify.com/s/files/1/0894/7436/7766/files/xhs_weight_lift_glv_006.jpg?v=1752871831,1,,false,,,,,,,,,,,,lb,,,true,,,true,,,active
weight-lifting-gloves-bc-0679,Weight Lifting Gloves- BC-0679,<p>Custom made Weight Lifting Gloves- BC-0679 by Besu Customs.</p>,Besu Customs,Sporting Goods > Fitness & General Exercise Equipment > Weight Lifting > Weight Lifting Gloves & Hand Supports,Weight Lifting Gloves,Boxing Gear,true,Title,Default Title,,,,,,,,WEIGHT-LIFTING-GLOVES-BC-0679-DEFAULT-TITLE,0.0,shopify,continue,manual,30.00,,true,true,,,,,,https://cdn.shopify.com/s/files/1/0894/7436/7766/files/xhs_weight_lift_glv_005.jpg?v=1752869245,1,,false,,,,,,,,,,,,lb,,,true,,,true,,,active
weight-lifting-gloves-bc-0678,Weight Lifting Gloves- BC-0678,<p>Custom made Weight Lifting Gloves- BC-0678 by Besu Customs.</p>,Besu Customs,Sporting Goods > Fitness & General Exercise Equipment > Weight Lifting > Weight Lifting Gloves & Hand Supports,Weight Lifting Gloves,Boxing Gear,true,Title,Default Title,,,,,,,,WEIGHT-LIFTING-GLOVES-BC-0678-DEFAULT-TITLE,0.0,shopify,continue,manual,30.00,,true,true,,,,,,https://cdn.shopify.com/s/files/1/0894/7436/7766/files/xhs_weight_lift_glv_004.jpg?v=1752868997,1,,false,,,,,,,,,,,,lb,,,true,,,true,,,active
weight-lifting-gloves-bc-0677,Weight Lifting Gloves- BC-0677,<p>Custom made Weight Lifting Gloves- BC-0677 by Besu Customs.</p>,Besu Customs,Sporting Goods > Fitness & General Exercise Equipment > Weight Lifting > Weight Lifting Gloves & Hand Supports,Weight Lifting Gloves,Boxing Gear,true,Title,Default Title,,,,,,,,WEIGHT-LIFTING-GLOVES-BC-0677-DEFAULT-TITLE,0.0,shopify,continue,manual,30.00,,true,true,,,,,,https://cdn.shopify.com/s/files/1/0894/7436/7766/files/xhs_weight_lift_glv_003.jpg?v=1752868549,1,,false,,,,,,,,,,,,lb,,,true,,,true,,,active
weight-lifting-gloves-bc-0676,Weight Lifting Gloves- BC-0676,<p>Custom made Weight Lifting Gloves- BC-0676 by Besu Customs.</p>,Besu Customs,Sporting Goods > Fitness & General Exercise Equipment > Weight Lifting > Weight Lifting Gloves & Hand Supports,Weight Lifting Gloves,Boxing Gear,true,Title,Default Title,,,,,,,,WEIGHT-LIFTING-GLOVES-BC-0676-DEFAULT-TITLE,0.0,shopify,continue,manual,30.00,,true,true,,,,,,https://cdn.shopify.com/s/files/1/0894/7436/7766/files/xhs_weight_lift_glv_002.jpg?v=1752868072,1,,false,,,,,,,,,,,,lb,,,true,,,true,,,active
weight-lifting-gloves-bc-0675,Weight Lifting Gloves- BC-0675,<p>Custom made Weight Lifting Gloves- BC-0675 by Besu Customs.</p>,Besu Customs,Sporting Goods > Fitness & General Exercise Equipment > Weight Lifting > Weight Lifting Gloves & Hand Supports,Weight Lifting Gloves,Boxing Gear,true,Title,Default Title,,,,,,,,WEIGHT-LIFTING-GLOVES-BC-0675-DEFAULT-TITLE,0.0,shopify,continue,manual,30.00,,true,true,,,,,,https://cdn.shopify.com/s/files/1/0894/7436/7766/files/xhs_weight_lift_glv_001.jpg?v=1752860919,1,,false,,,,,,,,,,,,lb,,,true,,,true,,,active
weight-lifting-belt-bc-0674,Weight Lifting Belt- BC-0674,<p>Custom made Weight Lifting Belt- BC-0674 by Besu Customs.</p>,Besu Customs,Uncategorized,Weight Lifting Belt,Boxing Gear,true,Title,Default Title,,,,,,,,WEIGHT-LIFTING-BELT-BC-0674-DEFAULT-TITLE,0.0,shopify,continue,manual,30.00,,true,true,,,,,,https://cdn.shopify.com/s/files/1/0894/7436/7766/files/xhs_weight_lift_belt_0010.jpg?v=1752860290,1,,false,,,,,,,,,,,,lb,,,true,,,true,,,active
weight-lifting-belt-bc-0673,Weight Lifting Belt- BC-0673,<p>Custom made Weight Lifting Belt- BC-0673 by Besu Customs.</p>,Besu Customs,Sporting Goods > Fitness & General Exercise Equipment > Weight Lifting > Weight Lifting Belts,Weight Lifting Belt,Boxing Gear,true,Title,Default Title,,,,,,,,WEIGHT-LIFTING-BELT-BC-0673-DEFAULT-TITLE,0.0,shopify,continue,manual,30.00,,true,true,,,,,,https://cdn.shopify.com/s/files/1/0894/7436/7766/files/xhs_weight_lift_belt_009.jpg?v=1752860019,1,,false,,,,,,,,,,,,lb,,,true,,,true,,,active
weight-lifting-belt-bc-0672,Weight Lifting Belt- BC-0672,<p>Custom made Weight Lifting Belt- BC-0672 by Besu Customs.</p>,Besu Customs,Sporting Goods > Fitness & General Exercise Equipment > Weight Lifting > Weight Lifting Belts,Weight Lifting Belt,Boxing Gear,true,Title,Default Title,,,,,,,,WEIGHT-LIFTING-BELT-BC-0672-DEFAULT-TITLE,0.0,shopify,continue,manual,30.00,,true,true,,,,,,https://cdn.shopify.com/s/files/1/0894/7436/7766/files/xhs_weight_lift_belt_008.jpg?v=1752859759,1,,false,,,,,,,,,,,,lb,,,true,,,true,,,active
weight-lifting-belt-bc-0671,Weight Lifting Belt- BC-0671,<p>Custom made Weight Lifting Belt- BC-0671 by Besu Customs.</p>,Besu Customs,Sporting Goods > Fitness & General Exercise Equipment > Weight Lifting > Weight Lifting Belts,Weight Lifting Belt,Boxing Gear,true,Title,Default Title,,,,,,,,WEIGHT-LIFTING-BELT-BC-0671-DEFAULT-TITLE,0.0,shopify,continue,manual,30.00,,true,true,,,,,,https://cdn.shopify.com/s/files/1/0894/7436/7766/files/xhs_weight_lift_belt_007.jpg?v=1752859448,1,,false,,,,,,,,,,,,lb,,,true,,,true,,,active
weight-lifting-belt-bc-0670,Weight Lifting Belt- BC-0670,<p>Custom made Weight Lifting Belt- BC-0670 by Besu Customs.</p>,Besu Customs,Sporting Goods > Fitness & General Exercise Equipment > Weight Lifting > Weight Lifting Belts,Weight Lifting Belt,Boxing Gear,true,Title,Default Title,,,,,,,,WEIGHT-LIFTING-BELT-BC-0670-DEFAULT-TITLE,0.0,shopify,continue,manual,30.00,,true,true,,,,,,https://cdn.shopify.com/s/files/1/0894/7436/7766/files/xhs_weight_lift_belt_006.jpg?v=1752858149,1,,false,,,,,,,,,,,,lb,,,true,,,true,,,active
weight-lifting-belt-bc-0669,Weight Lifting Belt- BC-0669,<p>Custom made Weight Lifting Belt- BC-0669 by Besu Customs.</p>,Besu Customs,Sporting Goods > Fitness & General Exercise Equipment > Weight Lifting > Weight Lifting Belts,Weight Lifting Belt,Boxing Gear,true,Title,Default Title,,,,,,,,WEIGHT-LIFTING-BELT-BC-0669-DEFAULT-TITLE,0.0,shopify,continue,manual,30.00,,true,true,,,,,,https://cdn.shopify.com/s/files/1/0894/7436/7766/files/xhs_weight_lift_belt_005.jpg?v=1752857493,1,,false,,,,,,,,,,,,lb,,,true,,,true,,,active
weight-lifting-belt-bc-0668,Weight Lifting Belt- BC-0668,<p>Custom made Weight Lifting Belt- BC-0668 by Besu Customs.</p>,Besu Customs,Sporting Goods > Fitness & General Exercise Equipment > Weight Lifting > Weight Lifting Belts,Weight Lifting Belt,Boxing Gear,true,Title,Default Title,,,,,,,,WEIGHT-LIFTING-BELT-BC-0668-DEFAULT-TITLE,0.0,shopify,continue,manual,30.00,,true,true,,,,,,https://cdn.shopify.com/s/files/1/0894/7436/7766/files/xhs_weight_lift_belt_004.jpg?v=1752856924,1,,false,,,,,,,,,,,,lb,,,true,,,true,,,active
weight-lifting-belt-bc-0667,Weight Lifting Belt- BC-0667,<p>Custom made Weight Lifting Belt- BC-0667 by Besu Customs.</p>,Besu Customs,Sporting Goods > Fitness & General Exercise Equipment > Weight Lifting > Weight Lifting Belts,Weight Lifting Belt,bo,true,Title,Default Title,,,,,,,,WEIGHT-LIFTING-BELT-BC-0667-DEFAULT-TITLE,0.0,shopify,continue,manual,30.00,,true,true,,,,,,https://cdn.shopify.com/s/files/1/0894/7436/7766/files/xhs_weight_lift_belt_003.jpg?v=1752620911,1,,false,,,,,,,,,,,,lb,,,true,,,true,,,active
weight-lifting-belt-bc-0666,Weight Lifting Belt- BC-0666,<p>Custom made Weight Lifting Belt- BC-0666 by Besu Customs.</p>,Besu Customs,Sporting Goods > Fitness & General Exercise Equipment > Weight Lifting > Weight Lifting Belts,Weight Lifting Belt,Boxing Gear,true,Title,Default Title,,,,,,,,WEIGHT-LIFTING-BELT-BC-0666-DEFAULT-TITLE,0.0,shopify,continue,manual,30.00,,true,true,,,,,,https://cdn.shopify.com/s/files/1/0894/7436/7766/files/xhs_weight_lift_belt_002.jpg?v=1752620381,1,,false,,,,,,,,,,,,lb,,,true,,,true,,,active
weight-lifting-belt-bc-0665,Weight Lifting Belt- BC-0665,<p>Custom made Weight Lifting Belt- BC-0665 by Besu Customs.</p>,Besu Customs,Sporting Goods > Fitness & General Exercise Equipment > Weight Lifting > Weight Lifting Belts,Weight Lifting Belt,Boxing Gear,true,Title,Default Title,,,,,,,,WEIGHT-LIFTING-BELT-BC-0665-DEFAULT-TITLE,0.0,shopify,continue,manual,30.00,,true,true,,,,,,https://cdn.shopify.com/s/files/1/0894/7436/7766/files/xhs_weight_lift_belt_001.jpg?v=1752473947,1,,false,,,,,,,,,,,,lb,,,true,,,true,,,active
wind-breaker-bc-0711,Wind Breaker- BC-0711,<p>Custom made Wind Breaker- BC-0711 by Besu Customs.</p>,Besu Customs,Apparel & Accessories > Clothing > Outerwear > Coats & Jackets > Windbreakers,Wind Breaker,Coats,true,Title,Default Title,,,,,,,,WIND-BREAKER-BC-0711-DEFAULT-TITLE,0.0,shopify,continue,manual,55.00,,true,true,,,,,,https://cdn.shopify.com/s/files/1/0894/7436/7766/files/xhs_winder_breaker_006.png?v=1752473175,1,,false,,,,,,,,,,,,lb,,,true,,,true,,,active
wind-breaker-bc-0710,Wind Breaker- BC-0710,<p>Custom made Wind Breaker- BC-0710 by Besu Customs.</p>,Besu Customs,Apparel & Accessories > Clothing > Outerwear > Coats & Jackets > Windbreakers,Wind Breaker,Coats,true,Title,Default Title,,,,,,,,WIND-BREAKER-BC-0710-DEFAULT-TITLE,0.0,shopify,continue,manual,55.00,,true,true,,,,,,https://cdn.shopify.com/s/files/1/0894/7436/7766/files/xhs_winder_breaker_005.jpg?v=1752473053,1,,false,,,,,,,,,,,,lb,,,true,,,true,,,active
wind-breaker-bc-0709,Wind Breaker- BC-0709,<p>Custom made Wind Breaker- BC-0709 by Besu Customs.</p>,Besu Customs,Apparel & Accessories > Clothing > Outerwear > Coats & Jackets > Windbreakers,Wind Breaker,Coats,true,Title,Default Title,,,,,,,,WIND-BREAKER-BC-0709-DEFAULT-TITLE,0.0,shopify,continue,manual,55.00,,true,true,,,,,,https://cdn.shopify.com/s/files/1/0894/7436/7766/files/xhs_winder_breaker_004.jpg?v=1752472863,1,,false,,,,,,,,,,,,lb,,,true,,,true,,,active
wind-breaker-bc-0708,Wind Breaker- BC-0708,<p>Custom made Wind Breaker- BC-0708 by Besu Customs.</p>,Besu Customs,Apparel & Accessories > Clothing > Outerwear > Coats & Jackets > Windbreakers,Wind Breaker,Coats,true,Title,Default Title,,,,,,,,WIND-BREAKER-BC-0708-DEFAULT-TITLE,0.0,shopify,continue,manual,55.00,,true,true,,,,,,https://cdn.shopify.com/s/files/1/0894/7436/7766/files/xhs_winder_breaker_003.jpg?v=1752472605,1,,false,,,,,,,,,,,,lb,,,true,,,true,,,active
wind-breaker-bc-0707,Wind Breaker- BC-0707,<p>Custom made Wind Breaker- BC-0707 by Besu Customs.</p>,Besu Customs,Apparel & Accessories > Clothing > Outerwear > Coats & Jackets > Windbreakers,Wind Breaker,Coats,true,Title,Default Title,,,,,,,,WIND-BREAKER-BC-0707-DEFAULT-TITLE,0.0,shopify,continue,manual,55.00,,true,true,,,,,,https://cdn.shopify.com/s/files/1/0894/7436/7766/files/xhs_winder_breaker_002.jpg?v=1752472147,1,,false,,,,,,,,,,,,lb,,,true,,,true,,,active
wind-breaker-bc-0706,Wind Breaker- BC-0706,<p>Custom made Wind Breaker- BC-0706 by Besu Customs.</p>,Besu Customs,Apparel & Accessories > Clothing > Outerwear > Coats & Jackets > Windbreakers,Wind Breaker,Coats,true,Title,Default Title,,,,,,,,WIND-BREAKER-BC-0706-DEFAULT-TITLE,0.0,shopify,continue,manual,55.00,,true,true,,,,,,https://cdn.shopify.com/s/files/1/0894/7436/7766/files/xhs_winder_breaker_001.jpg?v=1752471727,1,,false,,,,,,,,,,,,lb,,,true,,,true,,,active
wet-suit-bc-0705,Wet Suit- BC-0705,<p>Custom made Wet Suit- BC-0705 by Besu Customs.</p>,Besu Customs,Sporting Goods > Outdoor Recreation > Boating & Water Sports > Boating & Water Sport Apparel > Wetsuits > Full Wetsuits,Wet Suit,Dive,true,Title,Default Title,,,,,,,,WET-SUIT-BC-0705-DEFAULT-TITLE,0.0,shopify,continue,manual,95.00,,true,true,,,,,,https://cdn.shopify.com/s/files/1/0894/7436/7766/files/xhs_wet_suit_00122.jpg?v=1752471250,1,,false,,,,,,,,,,,,lb,,,true,,,true,,,active
wet-suit-bc-703,Wet Suit- BC-0703,<p>Custom made Wet Suit- BC-0703 by Besu Customs.</p>,Besu Customs,Sporting Goods > Outdoor Recreation > Boating & Water Sports > Boating & Water Sport Apparel > Wetsuits > Shorty Wetsuits,Wet Suit,Dive,true,Title,Default Title,,,,,,,,WET-SUIT-BC-703-DEFAULT-TITLE,0.0,shopify,continue,manual,95.00,,true,true,,,,,,https://cdn.shopify.com/s/files/1/0894/7436/7766/files/xhs_wet_suit_00121.jpg?v=1752471145,1,,false,,,,,,,,,,,,lb,,,true,,,true,,,active
wet-suit-bc-0703,Wet Suit- BC-0703,<p>Custom made Wet Suit- BC-0703 by Besu Customs.</p>,Besu Customs,Sporting Goods > Outdoor Recreation > Boating & Water Sports > Boating & Water Sport Apparel > Wetsuits > Shorty Wetsuits,Wet Suit,Dive,true,Title,Default Title,,,,,,,,WET-SUIT-BC-0703-DEFAULT-TITLE,0.0,shopify,continue,manual,95.00,,true,true,,,,,,https://cdn.shopify.com/s/files/1/0894/7436/7766/files/xhs_wet_suit_00120.jpg?v=1752470979,1,,false,,,,,,,,,,,,lb,,,true,,,true,,,active
wet-suit-bc-0702,Wet Suit- BC-0702,<p>Custom made Wet Suit- BC-0702 by Besu Customs.</p>,Besu Customs,Sporting Goods > Outdoor Recreation > Boating & Water Sports > Boating & Water Sport Apparel > Wetsuits > Shorty Wetsuits,Wet Suit,Dive,true,Title,Default Title,,,,,,,,WET-SUIT-BC-0702-DEFAULT-TITLE,0.0,shopify,continue,manual,95.00,,true,true,,,,,,https://cdn.shopify.com/s/files/1/0894/7436/7766/files/xhs_wet_suit_00119.jpg?v=1752470849,1,,false,,,,,,,,,,,,lb,,,true,,,true,,,active
wet-suit-bc-0700,Wet Suit- BC-0700,<p>Custom made Wet Suit- BC-0700 by Besu Customs.</p>,Besu Customs,Sporting Goods > Outdoor Recreation > Boating & Water Sports > Boating & Water Sport Apparel > Wetsuits > Shorty Wetsuits,Wet Suit,Dive,true,Title,Default Title,,,,,,,,WET-SUIT-BC-0700-DEFAULT-TITLE,0.0,shopify,continue,manual,95.00,,true,true,,,,,,https://cdn.shopify.com/s/files/1/0894/7436/7766/files/xhs_wet_suit_00117.jpg?v=1752470679,1,,false,,,,,,,,,,,,lb,,,true,,,true,,,active
wet-suit-bc-0699,Wet Suit- BC-0699,<p>Custom made Wet Suit- BC-0699 by Besu Customs.</p>,Besu Customs,Sporting Goods > Outdoor Recreation > Boating & Water Sports > Boating & Water Sport Apparel > Wetsuits > Shorty Wetsuits,Wet Suit,Dive,true,Title,Default Title,,,,,,,,WET-SUIT-BC-0699-DEFAULT-TITLE,0.0,shopify,continue,manual,95.00,,true,true,,,,,,https://cdn.shopify.com/s/files/1/0894/7436/7766/files/xhs_wet_suit_00116.jpg?v=1752470541,1,,false,,,,,,,,,,,,lb,,,true,,,true,,,active
wet-suit-bc-0698,Wet Suit- BC-0698,<p>Custom made Wet Suit- BC-0698 by Besu Customs.</p>,Besu Customs,Sporting Goods > Outdoor Recreation > Boating & Water Sports > Boating & Water Sport Apparel > Wetsuits > Shorty Wetsuits,Wet Suit,Dive,true,Title,Default Title,,,,,,,,WET-SUIT-BC-0698-DEFAULT-TITLE,0.0,shopify,continue,manual,95.00,,true,true,,,,,,https://cdn.shopify.com/s/files/1/0894/7436/7766/files/xhs_wet_suit_00115.jpg?v=1752470381,1,,false,,,,,,,,,,,,lb,,,true,,,true,,,active
wet-suit-product-code-bc-0697,Wet Suit- BC-0697,<p>Custom made Wet Suit- BC-0697 by Besu Customs.</p>,Besu Customs,Sporting Goods > Outdoor Recreation > Boating & Water Sports > Boating & Water Sport Apparel > Wetsuits > Full Wetsuits,Wet Suit,Dive,true,Title,Default Title,,,,,,,,WET-SUIT-PRODUCT-CODE-BC-0697-DEFAULT-TITLE,0.0,shopify,continue,manual,95.00,,true,true,,,,,,https://cdn.shopify.com/s/files/1/0894/7436/7766/files/xhs_wet_suit_00114.jpg?v=1752465546,1,,false,,,,,,,,,,,,lb,,,true,,,true,,,active
wet-suit-bc-0696,Wet Suit- BC-0696,<p>Custom made Wet Suit- BC-0696 by Besu Customs.</p>,Besu Customs,Sporting Goods > Outdoor Recreation > Boating & Water Sports > Boating & Water Sport Apparel > Wetsuits > Shorty Wetsuits,Wet Suit,Dive,true,Title,Default Title,,,,,,,,WET-SUIT-BC-0696-DEFAULT-TITLE,0.0,shopify,continue,manual,95.00,,true,true,,,,,,https://cdn.shopify.com/s/files/1/0894/7436/7766/files/xhs_wet_suit_00113.jpg?v=1752460539,1,,false,,,,,,,,,,,,lb,,,true,,,true,,,active
wet-suit-bc-0695,Wet Suit- BC-0695,<p>Custom made Wet Suit- BC-0695 by Besu Customs.</p>,Besu Customs,Sporting Goods > Outdoor Recreation > Boating & Water Sports > Boating & Water Sport Apparel > Wetsuits > Shorty Wetsuits,Wet Suit,Dive,true,Title,Default Title,,,,,,,,WET-SUIT-BC-0695-DEFAULT-TITLE,0.0,shopify,continue,manual,95.00,,true,true,,,,,,https://cdn.shopify.com/s/files/1/0894/7436/7766/files/xhs_wet_suit_00112.jpg?v=1752459558,1,,false,,,,,,,,,,,,lb,,,true,,,true,,,active
wet-suit-bc-0694,Wet Suit- BC-0694,<p>Custom made Wet Suit- BC-0694 by Besu Customs.</p>,Besu Customs,Sporting Goods > Outdoor Recreation > Boating & Water Sports > Boating & Water Sport Apparel > Wetsuits > Shorty Wetsuits,Wet Suit,Dive,true,Title,Default Title,,,,,,,,WET-SUIT-BC-0694-DEFAULT-TITLE,0.0,shopify,continue,manual,95.00,,true,true,,,,,,https://cdn.shopify.com/s/files/1/0894/7436/7766/files/xhs_wet_suit_00111.jpg?v=1752459323,1,,false,,,,,,,,,,,,lb,,,true,,,true,,,active
wet-suit-bc-0693,Wet Suit- BC-0693,<p>Custom made Wet Suit- BC-0693 by Besu Customs.</p>,Besu Customs,Sporting Goods > Outdoor Recreation > Boating & Water Sports > Boating & Water Sport Apparel > Wetsuits > Shorty Wetsuits,Wet Suit,Dive,true,Title,Default Title,,,,,,,,WET-SUIT-BC-0693-DEFAULT-TITLE,0.0,shopify,continue,manual,95.00,,true,true,,,,,,https://cdn.shopify.com/s/files/1/0894/7436/7766/files/xhs_wet_suit_00110.jpg?v=1752459028,1,,false,,,,,,,,,,,,lb,,,true,,,true,,,active
wet-suit-bc-0692,Wet Suit- BC-0692,<p>Custom made Wet Suit- BC-0692 by Besu Customs.</p>,Besu Customs,Sporting Goods > Outdoor Recreation > Boating & Water Sports > Boating & Water Sport Apparel > Wetsuits > Full Wetsuits,Wet Suit,Dive,true,Title,Default Title,,,,,,,,WET-SUIT-BC-0692-DEFAULT-TITLE,0.0,shopify,continue,manual,95.00,,true,true,,,,,,https://cdn.shopify.com/s/files/1/0894/7436/7766/files/xhs_wet_suit_0019.jpg?v=1752458219,1,,false,,,,,,,,,,,,lb,,,true,,,true,,,active
wet-suit-bc-0691,Wet Suit- BC-0691,<p>Custom made Wet Suit- BC-0691 by Besu Customs.</p>,Besu Customs,Sporting Goods > Outdoor Recreation > Boating & Water Sports > Boating & Water Sport Apparel > Wetsuits > Shorty Wetsuits,Wet Suit,Dive,true,Title,Default Title,,,,,,,,WET-SUIT-BC-0691-DEFAULT-TITLE,0.0,shopify,continue,manual,95.00,,true,true,,,,,,https://cdn.shopify.com/s/files/1/0894/7436/7766/files/xhs_wet_suit_0018.jpg?v=1752457973,1,,false,,,,,,,,,,,,lb,,,true,,,true,,,active
wet-suit-bc-0690,Wet Suit- BC-0690,<p>Custom made Wet Suit- BC-0690 by Besu Customs.</p>,Besu Customs,Sporting Goods > Outdoor Recreation > Boating & Water Sports > Boating & Water Sport Apparel > Wetsuits > Full Wetsuits,Wet Suit,Dive,true,Title,Default Title,,,,,,,,WET-SUIT-BC-0690-DEFAULT-TITLE,0.0,shopify,continue,manual,95.00,,true,true,,,,,,https://cdn.shopify.com/s/files/1/0894/7436/7766/files/xhs_wet_suit_0017.jpg?v=1752457558,1,,false,,,,,,,,,,,,lb,,,true,,,true,,,active
wet-suit-bc-0689,Wet Suit- BC-0689,<p>Custom made Wet Suit- BC-0689 by Besu Customs.</p>,Besu Customs,Sporting Goods > Outdoor Recreation > Boating & Water Sports > Boating & Water Sport Apparel > Wetsuits > Shorty Wetsuits,Wet Suit,Dive,true,Title,Default Title,,,,,,,,WET-SUIT-BC-0689-DEFAULT-TITLE,0.0,shopify,continue,manual,95.00,,true,true,,,,,,https://cdn.shopify.com/s/files/1/0894/7436/7766/files/xhs_wet_suit_0016.jpg?v=1752457352,1,,false,,,,,,,,,,,,lb,,,true,,,true,,,active
wet-suit-bc-0688,Wet Suit- BC-0688,<p>Custom made Wet Suit- BC-0688 by Besu Customs.</p>,Besu Customs,Sporting Goods > Outdoor Recreation > Boating & Water Sports > Boating & Water Sport Apparel > Wetsuits > Full Wetsuits,Wet Suit,Dive,true,Title,Default Title,,,,,,,,WET-SUIT-BC-0688-DEFAULT-TITLE,0.0,shopify,continue,manual,95.00,,true,true,,,,,,https://cdn.shopify.com/s/files/1/0894/7436/7766/files/xhs_wet_suit_0015.jpg?v=1752456997,1,,false,,,,,,,,,,,,lb,,,true,,,true,,,active
wet-suit-bc-0687,Wet Suit- BC-0687,<p>Custom made Wet Suit- BC-0687 by Besu Customs.</p>,Besu Customs,Sporting Goods > Outdoor Recreation > Boating & Water Sports > Boating & Water Sport Apparel > Wetsuits > Shorty Wetsuits,Wet Suit,Dive,true,Title,Default Title,,,,,,,,WET-SUIT-BC-0687-DEFAULT-TITLE,0.0,shopify,continue,manual,95.00,,true,true,,,,,,https://cdn.shopify.com/s/files/1/0894/7436/7766/files/xhs_wet_suit_0014.jpg?v=1752173290,1,,false,,,,,,,,,,,,lb,,,true,,,true,,,active
wet-suit-bc-0686,Wet Suit- BC-0686,<p>Custom made Wet Suit- BC-0686 by Besu Customs.</p>,Besu Customs,Sporting Goods > Outdoor Recreation > Boating & Water Sports > Boating & Water Sport Apparel > Wetsuits > Shorty Wetsuits,Wet Suit,Dive,true,Title,Default Title,,,,,,,,WET-SUIT-BC-0686-DEFAULT-TITLE,0.0,shopify,continue,manual,95.00,,true,true,,,,,,https://cdn.shopify.com/s/files/1/0894/7436/7766/files/xhs_wet_suit_0013.jpg?v=1752172735,1,,false,,,,,,,,,,,,lb,,,true,,,true,,,active
wet-suit-bc-0685,Wet Suit- BC-0685,<p>Custom made Wet Suit- BC-0685 by Besu Customs.</p>,Besu Customs,Sporting Goods > Outdoor Recreation > Boating & Water Sports > Boating & Water Sport Apparel > Wetsuits > Shorty Wetsuits,Wet Suit,Dive,true,Title,Default Title,,,,,,,,WET-SUIT-BC-0685-DEFAULT-TITLE,0.0,shopify,continue,manual,95.00,,true,true,,,,,,https://cdn.shopify.com/s/files/1/0894/7436/7766/files/xhs_wet_suit_0012.jpg?v=1752120148,1,,false,,,,,,,,,,,,lb,,,true,,,true,,,active
microfiber-tops-bc-0363,Wet Suit- BC-0684,<p>Custom made Wet Suit- BC-0684 by Besu Customs.</p>,Besu Customs,Apparel & Accessories > Clothing > Activewear > Activewear Tops > T-Shirts,Wet Suit,Dive,true,Title,Default Title,,,,,,,,MICROFIBER-TOPS-BC-0363-DEFAULT-TITLE,0.0,shopify,continue,manual,95.00,,true,true,,,,,,https://cdn.shopify.com/s/files/1/0894/7436/7766/files/xhs_wet_suit_0011.jpg?v=1752119444,1,,false,,,,,,,,,,,,lb,,,true,,,true,,,active
microfiber-tops-bc-0364,Microfiber Tops- BC-0364,<p>Custom made Microfiber Tops- BC-0364 by Besu Customs.</p>,Besu Customs,Apparel & Accessories > Clothing > Activewear > Activewear Tops,Microfiber Tops,MMA Gear,true,Title,Default Title,,,,,,,,MICROFIBER-TOPS-BC-0364-DEFAULT-TITLE,0.0,shopify,continue,manual,35.00,,true,true,,,,,,https://cdn.shopify.com/s/files/1/0894/7436/7766/files/xhs_mma_rash_guard_004.jpg?v=1752082037,1,,false,,,,,,,,,,,,lb,,,true,,,true,,,active
microfiber-tops-bc-0365,Microfiber Tops- BC-0365,<p>Custom made Microfiber Tops- BC-0365 by Besu Customs.</p>,Besu Customs,Apparel & Accessories > Clothing > Activewear > Activewear Tops,Microfiber Tops,MMA Gear,true,Title,Default Title,,,,,,,,MICROFIBER-TOPS-BC-0365-DEFAULT-TITLE,0.0,shopify,continue,manual,35.00,,true,true,,,,,,https://cdn.shopify.com/s/files/1/0894/7436/7766/files/xhs_gw_rushg_0017_500333b4-e6ab-4dba-914d-a9d9e5becb77.jpg?v=1752081035,1,,false,,,,,,,,,,,,lb,,,true,,,true,,,active
microfiber-tops-bc-0216,Microfiber Tops- BC-0216,<p>Custom made Microfiber Tops- BC-0216 by Besu Customs.</p>,Besu Customs,Apparel & Accessories > Clothing > Activewear > Activewear Tops,Microfiber Tops,MMA Gear,true,Title,Default Title,,,,,,,,MICROFIBER-TOPS-BC-0216-DEFAULT-TITLE,0.0,shopify,continue,manual,35.00,,true,true,,,,,,https://cdn.shopify.com/s/files/1/0894/7436/7766/files/xhs_gw_rushg_001.jpg?v=1752080028,1,,false,,,,,,,,,,,,lb,,,true,,,true,,,active
microfiber-tops-bc-0217,Microfiber Tops- BC-0217,<p>Custom made Microfiber Tops- BC-0217 by Besu Customs.</p>,Besu Customs,Apparel & Accessories > Clothing > Activewear > Activewear Tops,Microfiber Tops,MMA Gear,true,Title,Default Title,,,,,,,,MICROFIBER-TOPS-BC-0217-DEFAULT-TITLE,0.0,shopify,continue,manual,35.00,,true,true,,,,,,https://cdn.shopify.com/s/files/1/0894/7436/7766/files/xhs_gw_rushg_002.jpg?v=1752079774,1,,false,,,,,,,,,,,,lb,,,true,,,true,,,active
microfiber-tops-bc-0218,Microfiber Tops- BC-0218,<p>Custom made Microfiber Tops- BC-0218 by Besu Customs.</p>,Besu Customs,Apparel & Accessories > Clothing > Activewear > Activewear Tops,Microfiber Tops,MMA Gear,true,Title,Default Title,,,,,,,,MICROFIBER-TOPS-BC-0218-DEFAULT-TITLE,0.0,shopify,continue,manual,35.00,,true,true,,,,,,https://cdn.shopify.com/s/files/1/0894/7436/7766/files/xhs_gw_rushg_003.jpg?v=1752079636,1,,false,,,,,,,,,,,,lb,,,true,,,true,,,active
microfiber-tops-bc-0219,Microfiber Tops- BC-0219,<p>Custom made Microfiber Tops- BC-0219 by Besu Customs.</p>,Besu Customs,Apparel & Accessories > Clothing > Activewear > Activewear Tops,Microfiber Tops,MMA Gear,true,Title,Default Title,,,,,,,,MICROFIBER-TOPS-BC-0219-DEFAULT-TITLE,0.0,shopify,continue,manual,35.00,,true,true,,,,,,https://cdn.shopify.com/s/files/1/0894/7436/7766/files/xhs_gw_rushg_004.jpg?v=1752079449,1,,false,,,,,,,,,,,,lb,,,true,,,true,,,active
microfiber-tops-bc-0220,Microfiber Tops- BC-0220,<p>Custom made Microfiber Tops- BC-0220 by Besu Customs.</p>,Besu Customs,Apparel & Accessories > Clothing > Activewear > Activewear Tops,Microfiber Tops,MMA Gear,true,Title,Default Title,,,,,,,,MICROFIBER-TOPS-BC-0220-DEFAULT-TITLE,0.0,shopify,continue,manual,35.00,,true,true,,,,,,https://cdn.shopify.com/s/files/1/0894/7436/7766/files/xhs_gw_rushg_005-600x819.jpg?v=1752077840,1,,false,,,,,,,,,,,,lb,,,true,,,true,,,active
microfiber-tops-bc-0221,Microfiber Tops- BC-0221,<p>Custom made Microfiber Tops- BC-0221 by Besu Customs.</p>,Besu Customs,Sporting Goods > Athletics > Boxing & Martial Arts > Boxing & Martial Arts Protective Gear > Boxing & Martial Arts Body Protectors,Microfiber Tops,MMA Gear,true,Title,Default Title,,,,,,,,MICROFIBER-TOPS-BC-0221-DEFAULT-TITLE,0.0,shopify,continue,manual,35.00,,true,true,,,,,,https://cdn.shopify.com/s/files/1/0894/7436/7766/files/xhs_gw_rushg_006.jpg?v=1752035780,1,,false,,,,,,,,,,,,lb,,,true,,,true,,,active
microfiber-tops-bc-0222,Microfiber Tops- BC-0222,<p>Custom made Microfiber Tops- BC-0222 by Besu Customs.</p>,Besu Customs,Apparel & Accessories > Clothing > Clothing Tops > Blouses,Microfiber Tops,MMA Gear,true,Title,Default Title,,,,,,,,MICROFIBER-TOPS-BC-0222-DEFAULT-TITLE,0.0,shopify,continue,manual,35.00,,true,true,,,,,,https://cdn.shopify.com/s/files/1/0894/7436/7766/files/xhs_gw_rushg_007.jpg?v=1752035493,1,,false,,,,,,,,,,,,lb,,,true,,,true,,,active
microfiber-tops-bc-0223,Microfiber Tops- BC-0223,<p>Custom made Microfiber Tops- BC-0223 by Besu Customs.</p>,Besu Customs,Apparel & Accessories > Clothing > Activewear > Activewear Tops > T-Shirts,Microfiber Tops,MMA Gear,true,Title,Default Title,,,,,,,,MICROFIBER-TOPS-BC-0223-DEFAULT-TITLE,0.0,shopify,continue,manual,35.00,,true,true,,,,,,https://cdn.shopify.com/s/files/1/0894/7436/7766/files/xhs_gw_rushg_008.jpg?v=1752035281,1,,false,,,,,,,,,,,,lb,,,true,,,true,,,active
microfiber-tops-bc-0224,Microfiber Tops- BC-0224,<p>Custom made Microfiber Tops- BC-0224 by Besu Customs.</p>,Besu Customs,Apparel & Accessories > Clothing > Activewear > Activewear Tops > Tank Tops,Microfiber Tops,MMA Gear,true,Title,Default Title,,,,,,,,MICROFIBER-TOPS-BC-0224-DEFAULT-TITLE,0.0,shopify,continue,manual,35.00,,true,true,,,,,,https://cdn.shopify.com/s/files/1/0894/7436/7766/files/xhs_gw_rushg_009.jpg?v=1752034723,1,,false,,,,,,,,,,,,lb,,,true,,,true,,,active
microfiber-tops-bc-0225,Microfiber Tops- BC-0225,<p>Custom made Microfiber Tops- BC-0225 by Besu Customs.</p>,Besu Customs,Apparel & Accessories > Clothing > Clothing Tops,Microfiber Tops,MMA Gear,true,Title,Default Title,,,,,,,,MICROFIBER-TOPS-BC-0225-DEFAULT-TITLE,0.0,shopify,continue,manual,35.00,,true,true,,,,,,https://cdn.shopify.com/s/files/1/0894/7436/7766/files/xhs_gw_rushg_0010.jpg?v=1752034581,1,,false,,,,,,,,,,,,lb,,,true,,,true,,,active
microfiber-tops-bc-0226,Microfiber Tops- BC-0226,<p>Custom made Microfiber Tops- BC-0226 by Besu Customs.</p>,Besu Customs,Apparel & Accessories > Clothing > Activewear > Activewear Tops,Microfiber Tops,MMA Gear,true,Title,Default Title,,,,,,,,MICROFIBER-TOPS-BC-0226-DEFAULT-TITLE,0.0,shopify,continue,manual,35.00,,true,true,,,,,,https://cdn.shopify.com/s/files/1/0894/7436/7766/files/xhs_gw_rushg_0011.jpg?v=1752034037,1,,false,,,,,,,,,,,,lb,,,true,,,true,,,active
microfiber-tops-bc-0227,Microfiber Tops- BC-0227,<p>Custom made Microfiber Tops- BC-0227 by Besu Customs.</p>,Besu Customs,Apparel & Accessories > Clothing > Activewear > Activewear Tops > Crop Tops,Microfiber Tops,MMA Gear,true,Title,Default Title,,,,,,,,MICROFIBER-TOPS-BC-0227-DEFAULT-TITLE,0.0,shopify,continue,manual,35.00,,true,true,,,,,,https://cdn.shopify.com/s/files/1/0894/7436/7766/files/xhs_gw_rushg_0012.jpg?v=1752033856,1,,false,,,,,,,,,,,,lb,,,true,,,true,,,active
microfiber-tops-bc-0228,Microfiber Tops- BC-0228,<p>Custom made Microfiber Tops- BC-0228 by Besu Customs.</p>,Besu Customs,Apparel & Accessories > Clothing > Activewear > Activewear Tops > Tank Tops,Microfiber Tops,MMA Gear,true,Title,Default Title,,,,,,,,MICROFIBER-TOPS-BC-0228-DEFAULT-TITLE,0.0,shopify,continue,manual,35.00,,true,true,,,,,,https://cdn.shopify.com/s/files/1/0894/7436/7766/files/xhs_gw_rushg_0013.jpg?v=1752033597,1,,false,,,,,,,,,,,,lb,,,true,,,true,,,active
microfiber-tops-bc-0229,Microfiber Tops- BC-0229,<p>Custom made Microfiber Tops- BC-0229 by Besu Customs.</p>,Besu Customs,Apparel & Accessories > Clothing > Activewear > Activewear Tops,Microfiber Tops,MMA Gear,true,Title,Default Title,,,,,,,,MICROFIBER-TOPS-BC-0229-DEFAULT-TITLE,0.0,shopify,continue,manual,35.00,,true,true,,,,,,https://cdn.shopify.com/s/files/1/0894/7436/7766/files/xhs_gw_rushg_0014.jpg?v=1752033390,1,,false,,,,,,,,,,,,lb,,,true,,,true,,,active
microfiber-tops-bc-0230,Microfiber Tops- BC-0230,<p>Custom made Microfiber Tops- BC-0230 by Besu Customs.</p>,Besu Customs,Apparel & Accessories > Clothing > Activewear > Activewear Tops > T-Shirts,Microfiber Tops,MMA Gear,true,Title,Default Title,,,,,,,,MICROFIBER-TOPS-BC-0230-DEFAULT-TITLE,0.0,shopify,continue,manual,35.00,,true,true,,,,,,https://cdn.shopify.com/s/files/1/0894/7436/7766/files/xhs_gw_rushg_0015.jpg?v=1752033188,1,,false,,,,,,,,,,,,lb,,,true,,,true,,,active
microfiber-tops-bc-0231,Microfiber Tops- BC-0231,<p>Custom made Microfiber Tops- BC-0231 by Besu Customs.</p>,Besu Customs,Apparel & Accessories > Clothing > Activewear > Activewear Tops,Microfiber Tops,MMA Gear,true,Title,Default Title,,,,,,,,MICROFIBER-TOPS-BC-0231-DEFAULT-TITLE,0.0,shopify,continue,manual,35.00,,true,true,,,,,,https://cdn.shopify.com/s/files/1/0894/7436/7766/files/xhs_gw_rushg_0016.jpg?v=1752032773,1,,false,,,,,,,,,,,,lb,,,true,,,true,,,active
microfiber-tops-bc-0232,Microfiber Tops- BC-0232,<p>Custom made Microfiber Tops- BC-0232 by Besu Customs.</p>,Besu Customs,Apparel & Accessories > Clothing > Activewear > Activewear Tops,Microfiber Tops,MMA Gear,true,Title,Default Title,,,,,,,,MICROFIBER-TOPS-BC-0232-DEFAULT-TITLE,0.0,shopify,continue,manual,35.00,,true,true,,,,,,https://cdn.shopify.com/s/files/1/0894/7436/7766/files/xhs_gw_rushg_0017.jpg?v=1752032469,1,,false,,,,,,,,,,,,lb,,,true,,,true,,,active
microfiber-tops-bc-0233,Microfiber Tops- BC-0233,<p>Custom made Microfiber Tops- BC-0233 by Besu Customs.</p>,Besu Customs,Apparel & Accessories > Clothing > Activewear > Activewear Tops,Microfiber Tops,MMA Gear,true,Title,Default Title,,,,,,,,MICROFIBER-TOPS-BC-0233-DEFAULT-TITLE,0.0,shopify,continue,manual,35.00,,true,true,,,,,,https://cdn.shopify.com/s/files/1/0894/7436/7766/files/xhs_gw_rushg_0018.jpg?v=1752032191,1,,false,,,,,,,,,,,,lb,,,true,,,true,,,active
microfiber-tops-bc-0234,Microfiber Tops- BC-0234,<p>Custom made Microfiber Tops- BC-0234 by Besu Customs.</p>,Besu Customs,Apparel & Accessories > Clothing > Activewear > Activewear Tops > T-Shirts,Microfiber Tops,MMA Gear,true,Title,Default Title,,,,,,,,MICROFIBER-TOPS-BC-0234-DEFAULT-TITLE,0.0,shopify,continue,manual,35.00,,true,true,,,,,,https://cdn.shopify.com/s/files/1/0894/7436/7766/files/xhs_gw_rushg_0019.jpg?v=1752032010,1,,false,,,,,,,,,,,,lb,,,true,,,true,,,active
microfiber-tops-bc-0235,Microfiber Tops- BC-0235,<p>Custom made Microfiber Tops- BC-0235 by Besu Customs.</p>,Besu Customs,Apparel & Accessories > Clothing > Clothing Tops,Microfiber Tops,MMA Gear,true,Title,Default Title,,,,,,,,MICROFIBER-TOPS-BC-0235-DEFAULT-TITLE,0.0,shopify,continue,manual,35.00,,true,true,,,,,,https://cdn.shopify.com/s/files/1/0894/7436/7766/files/xhs_gw_rushg_0020.jpg?v=1752019706,1,,false,,,,,,,,,,,,lb,,,true,,,true,,,active
microfiber-tops-bc-0236,Microfiber Tops- BC-0236,<p>Custom made Microfiber Tops- BC-0236 by Besu Customs.</p>,Besu Customs,Apparel & Accessories > Clothing > Activewear > Activewear Tops,Microfiber Tops,MMA Gear,true,Title,Default Title,,,,,,,,MICROFIBER-TOPS-BC-0236-DEFAULT-TITLE,0.0,shopify,continue,manual,35.00,,true,true,,,,,,https://cdn.shopify.com/s/files/1/0894/7436/7766/files/xhs_gw_rushg_0021.jpg?v=1752019411,1,,false,,,,,,,,,,,,lb,,,true,,,true,,,active
teacher-hoddie,Teacher Hoddie,<p>Black Hoodie (long sleeve) with Hood for TEACHERS at Shenandoah Middle School</p>,Besu Customs,Apparel & Accessories > Clothing > Activewear > Activewear Sweatshirts & Hoodies > Hoodies,tshirt,Shenandoah Middle,true,Size,adult-small,product.metafields.shopify.size,,,,,,,TEACHER-HODDIE-ADULT-SMALL,0.0,shopify,continue,manual,35.00,,true,true,,,,,,https://cdn.shopify.com/s/files/1/0894/7436/7766/files/ShenandoahTEACHER-Hoodie-Black.jpg?v=1752018593,1,,false,,,,,black,hooded,adult-small; adult-medium; adult-large; adult-extra-large; adult-2-xl,,unisex,,,lb,,,true,,,true,,,active
teacher-hoddie,,,,,,,,,adult-medium,,,,,,,,TEACHER-HODDIE-ADULT-MEDIUM,0.0,shopify,continue,manual,35.00,,true,true,,,,,,,,,,,,,,,,,,,,,lb,,,true,,,true,,,
teacher-hoddie,,,,,,,,,adult-large,,,,,,,,TEACHER-HODDIE-ADULT-LARGE,0.0,shopify,continue,manual,35.00,,true,true,,,,,,,,,,,,,,,,,,,,,lb,,,true,,,true,,,
teacher-hoddie,,,,,,,,,adult-extra-large,,,,,,,,TEACHER-HODDIE-ADULT-EXTRA-LARGE,0.0,shopify,continue,manual,35.00,,true,true,,,,,,,,,,,,,,,,,,,,,lb,,,true,,,true,,,
teacher-hoddie,,,,,,,,,adult-2-xl,,,,,,,,TEACHER-HODDIE-ADULT-2-XL,0.0,shopify,continue,manual,35.00,,true,true,,,,,,,,,,,,,,,,,,,,,lb,,,true,,,true,,,
teacher-polo-shirt,Teacher Polo Shirt,<p>Polo TShirt for TEACHERS at Shenandoah Middle School</p>,Besu Customs,Apparel & Accessories > Clothing > Activewear > Activewear Sweatshirts & Hoodies > Hoodies,tshirt,Shenandoah Middle,true,Size,adult-small,product.metafields.shopify.size,Color,black,product.metafields.shopify.color-pattern,,,,TEACHER-POLO-SHIRT-ADULT-SMALL-BLACK,0.0,shopify,continue,manual,35.00,,true,true,,,,,,https://cdn.shopify.com/s/files/1/0894/7436/7766/files/ShenandoahTEACHER-PoloTShirt-Purple.jpg?v=1752018059,1,,false,,,,,black; gray; purple,,adult-small; adult-medium; adult-large; adult-extra-large; adult-2-xl,,unisex,,https://cdn.shopify.com/s/files/1/0894/7436/7766/files/ShenandoahTEACHER-PoloTShirt-Black.jpg?v=1752018060,lb,,,true,,,true,,,active
teacher-polo-shirt,,,,,,,,,adult-small,,,gray,,,,,TEACHER-POLO-SHIRT-ADULT-SMALL-GRAY,0.0,shopify,continue,manual,35.00,,true,true,,,,,,https://cdn.shopify.com/s/files/1/0894/7436/7766/files/ShenandoahTEACHER-PoloTShirt-Black.jpg?v=1752018060,2,,,,,,,,,,,,,https://cdn.shopify.com/s/files/1/0894/7436/7766/files/ShenandoahTEACHER-PoloTShirt-Gray.jpg?v=1752018059,lb,,,true,,,true,,,
teacher-polo-shirt,,,,,,,,,adult-small,,,purple,,,,,TEACHER-POLO-SHIRT-ADULT-SMALL-PURPLE,0.0,shopify,continue,manual,35.00,,true,true,,,,,,https://cdn.shopify.com/s/files/1/0894/7436/7766/files/ShenandoahTEACHER-PoloTShirt-Gray.jpg?v=1752018059,3,,,,,,,,,,,,,https://cdn.shopify.com/s/files/1/0894/7436/7766/files/ShenandoahTEACHER-PoloTShirt-Purple.jpg?v=1752018059,lb,,,true,,,true,,,
teacher-polo-shirt,,,,,,,,,adult-medium,,,black,,,,,TEACHER-POLO-SHIRT-ADULT-MEDIUM-BLACK,0.0,shopify,continue,manual,35.00,,true,true,,,,,,,,,,,,,,,,,,,,https://cdn.shopify.com/s/files/1/0894/7436/7766/files/ShenandoahTEACHER-PoloTShirt-Black.jpg?v=1752018060,lb,,,true,,,true,,,
teacher-polo-shirt,,,,,,,,,adult-medium,,,gray,,,,,TEACHER-POLO-SHIRT-ADULT-MEDIUM-GRAY,0.0,shopify,continue,manual,35.00,,true,true,,,,,,,,,,,,,,,,,,,,https://cdn.shopify.com/s/files/1/0894/7436/7766/files/ShenandoahTEACHER-PoloTShirt-Gray.jpg?v=1752018059,lb,,,true,,,true,,,
teacher-polo-shirt,,,,,,,,,adult-medium,,,purple,,,,,TEACHER-POLO-SHIRT-ADULT-MEDIUM-PURPLE,0.0,shopify,continue,manual,35.00,,true,true,,,,,,,,,,,,,,,,,,,,https://cdn.shopify.com/s/files/1/0894/7436/7766/files/ShenandoahTEACHER-PoloTShirt-Purple.jpg?v=1752018059,lb,,,true,,,true,,,
teacher-polo-shirt,,,,,,,,,adult-large,,,black,,,,,TEACHER-POLO-SHIRT-ADULT-LARGE-BLACK,0.0,shopify,continue,manual,35.00,,true,true,,,,,,,,,,,,,,,,,,,,https://cdn.shopify.com/s/files/1/0894/7436/7766/files/ShenandoahTEACHER-PoloTShirt-Black.jpg?v=1752018060,lb,,,true,,,true,,,
teacher-polo-shirt,,,,,,,,,adult-large,,,gray,,,,,TEACHER-POLO-SHIRT-ADULT-LARGE-GRAY,0.0,shopify,continue,manual,35.00,,true,true,,,,,,,,,,,,,,,,,,,,https://cdn.shopify.com/s/files/1/0894/7436/7766/files/ShenandoahTEACHER-PoloTShirt-Gray.jpg?v=1752018059,lb,,,true,,,true,,,
teacher-polo-shirt,,,,,,,,,adult-large,,,purple,,,,,TEACHER-POLO-SHIRT-ADULT-LARGE-PURPLE,0.0,shopify,continue,manual,35.00,,true,true,,,,,,,,,,,,,,,,,,,,https://cdn.shopify.com/s/files/1/0894/7436/7766/files/ShenandoahTEACHER-PoloTShirt-Purple.jpg?v=1752018059,lb,,,true,,,true,,,
teacher-polo-shirt,,,,,,,,,adult-extra-large,,,black,,,,,TEACHER-POLO-SHIRT-ADULT-EXTRA-LARGE-BLACK,0.0,shopify,continue,manual,35.00,,true,true,,,,,,,,,,,,,,,,,,,,https://cdn.shopify.com/s/files/1/0894/7436/7766/files/ShenandoahTEACHER-PoloTShirt-Black.jpg?v=1752018060,lb,,,true,,,true,,,
teacher-polo-shirt,,,,,,,,,adult-extra-large,,,gray,,,,,TEACHER-POLO-SHIRT-ADULT-EXTRA-LARGE-GRAY,0.0,shopify,continue,manual,35.00,,true,true,,,,,,,,,,,,,,,,,,,,https://cdn.shopify.com/s/files/1/0894/7436/7766/files/ShenandoahTEACHER-PoloTShirt-Gray.jpg?v=1752018059,lb,,,true,,,true,,,
teacher-polo-shirt,,,,,,,,,adult-extra-large,,,purple,,,,,TEACHER-POLO-SHIRT-ADULT-EXTRA-LARGE-PURPLE,0.0,shopify,continue,manual,35.00,,true,true,,,,,,,,,,,,,,,,,,,,https://cdn.shopify.com/s/files/1/0894/7436/7766/files/ShenandoahTEACHER-PoloTShirt-Purple.jpg?v=1752018059,lb,,,true,,,true,,,
teacher-polo-shirt,,,,,,,,,adult-2-xl,,,black,,,,,TEACHER-POLO-SHIRT-ADULT-2-XL-BLACK,0.0,shopify,continue,manual,35.00,,true,true,,,,,,,,,,,,,,,,,,,,https://cdn.shopify.com/s/files/1/0894/7436/7766/files/ShenandoahTEACHER-PoloTShirt-Black.jpg?v=1752018060,lb,,,true,,,true,,,
teacher-polo-shirt,,,,,,,,,adult-2-xl,,,gray,,,,,TEACHER-POLO-SHIRT-ADULT-2-XL-GRAY,0.0,shopify,continue,manual,35.00,,true,true,,,,,,,,,,,,,,,,,,,,https://cdn.shopify.com/s/files/1/0894/7436/7766/files/ShenandoahTEACHER-PoloTShirt-Gray.jpg?v=1752018059,lb,,,true,,,true,,,
teacher-polo-shirt,,,,,,,,,adult-2-xl,,,purple,,,,,TEACHER-POLO-SHIRT-ADULT-2-XL-PURPLE,0.0,shopify,continue,manual,35.00,,true,true,,,,,,,,,,,,,,,,,,,,https://cdn.shopify.com/s/files/1/0894/7436/7766/files/ShenandoahTEACHER-PoloTShirt-Purple.jpg?v=1752018059,lb,,,true,,,true,,,
long-sleeve-tshirt,Long Sleeve TShirt,<p>Long Sleeve TShirt for TEACHERS at Shenandoah Middle School</p>,Besu Customs,Apparel & Accessories > Clothing > Activewear > Activewear Sweatshirts & Hoodies > Hoodies,sweater,Shenandoah Middle,true,Size,adult-small,product.metafields.shopify.size,Color,gray,product.metafields.shopify.color-pattern,,,,LONG-SLEEVE-TSHIRT-ADULT-SMALL-GRAY,0.0,shopify,continue,manual,35.00,,true,true,,,,,,https://cdn.shopify.com/s/files/1/0894/7436/7766/files/ShenandoahTEACHER-LongSleeveTShirt-Grey.jpg?v=1752017418,1,,false,,,,,gray; purple; gradient; black,,adult-small; adult-medium; adult-large; adult-extra-large; adult-2-xl,long,unisex,,https://cdn.shopify.com/s/files/1/0894/7436/7766/files/ShenandoahTEACHER-LongSleeveTShirt-Grey.jpg?v=1752017418,lb,,,true,,,true,,,active
long-sleeve-tshirt,,,,,,,,,adult-small,,,purple,,,,,LONG-SLEEVE-TSHIRT-ADULT-SMALL-PURPLE,0.0,shopify,continue,manual,35.00,,true,true,,,,,,https://cdn.shopify.com/s/files/1/0894/7436/7766/files/ShenandoahTEACHER-LongSleeveTShirt-Purple.jpg?v=1752017422,2,,,,,,,,,,,,,https://cdn.shopify.com/s/files/1/0894/7436/7766/files/ShenandoahTEACHER-LongSleeveTShirt-Purple.jpg?v=1752017422,lb,,,true,,,true,,,
long-sleeve-tshirt,,,,,,,,,adult-small,,,gradient,,,,,LONG-SLEEVE-TSHIRT-ADULT-SMALL-GRADIENT,0.0,shopify,continue,manual,35.00,,true,true,,,,,,https://cdn.shopify.com/s/files/1/0894/7436/7766/files/ShenandoahTEACHER-LongSleeveTShirt-Grey-Purple-Gradient.jpg?v=1752017425,3,,,,,,,,,,,,,https://cdn.shopify.com/s/files/1/0894/7436/7766/files/ShenandoahTEACHER-LongSleeveTShirt-Grey-Purple-Gradient.jpg?v=1752017425,lb,,,true,,,true,,,
long-sleeve-tshirt,,,,,,,,,adult-small,,,black,,,,,LONG-SLEEVE-TSHIRT-ADULT-SMALL-BLACK,0.0,shopify,continue,manual,35.00,,true,true,,,,,,https://cdn.shopify.com/s/files/1/0894/7436/7766/files/ShenandoahTEACHER-LongSleeveTShirt-Black.jpg?v=1752018753,4,,,,,,,,,,,,,https://cdn.shopify.com/s/files/1/0894/7436/7766/files/ShenandoahTEACHER-LongSleeveTShirt-Black.jpg?v=1752018753,lb,,,true,,,true,,,
long-sleeve-tshirt,,,,,,,,,adult-medium,,,gray,,,,,LONG-SLEEVE-TSHIRT-ADULT-MEDIUM-GRAY,0.0,shopify,continue,manual,35.00,,true,true,,,,,,,,,,,,,,,,,,,,https://cdn.shopify.com/s/files/1/0894/7436/7766/files/ShenandoahTEACHER-LongSleeveTShirt-Grey.jpg?v=1752017418,lb,,,true,,,true,,,
long-sleeve-tshirt,,,,,,,,,adult-medium,,,purple,,,,,LONG-SLEEVE-TSHIRT-ADULT-MEDIUM-PURPLE,0.0,shopify,continue,manual,35.00,,true,true,,,,,,,,,,,,,,,,,,,,https://cdn.shopify.com/s/files/1/0894/7436/7766/files/ShenandoahTEACHER-LongSleeveTShirt-Purple.jpg?v=1752017422,lb,,,true,,,true,,,
long-sleeve-tshirt,,,,,,,,,adult-medium,,,gradient,,,,,LONG-SLEEVE-TSHIRT-ADULT-MEDIUM-GRADIENT,0.0,shopify,continue,manual,35.00,,true,true,,,,,,,,,,,,,,,,,,,,https://cdn.shopify.com/s/files/1/0894/7436/7766/files/ShenandoahTEACHER-LongSleeveTShirt-Grey-Purple-Gradient.jpg?v=1752017425,lb,,,true,,,true,,,
long-sleeve-tshirt,,,,,,,,,adult-medium,,,black,,,,,LONG-SLEEVE-TSHIRT-ADULT-MEDIUM-BLACK,0.0,shopify,continue,manual,35.00,,true,true,,,,,,,,,,,,,,,,,,,,https://cdn.shopify.com/s/files/1/0894/7436/7766/files/ShenandoahTEACHER-LongSleeveTShirt-Black.jpg?v=1752018753,lb,,,true,,,true,,,
long-sleeve-tshirt,,,,,,,,,adult-large,,,gray,,,,,LONG-SLEEVE-TSHIRT-ADULT-LARGE-GRAY,0.0,shopify,continue,manual,35.00,,true,true,,,,,,,,,,,,,,,,,,,,https://cdn.shopify.com/s/files/1/0894/7436/7766/files/ShenandoahTEACHER-LongSleeveTShirt-Grey.jpg?v=1752017418,lb,,,true,,,true,,,
long-sleeve-tshirt,,,,,,,,,adult-large,,,purple,,,,,LONG-SLEEVE-TSHIRT-ADULT-LARGE-PURPLE,0.0,shopify,continue,manual,35.00,,true,true,,,,,,,,,,,,,,,,,,,,https://cdn.shopify.com/s/files/1/0894/7436/7766/files/ShenandoahTEACHER-LongSleeveTShirt-Purple.jpg?v=1752017422,lb,,,true,,,true,,,
long-sleeve-tshirt,,,,,,,,,adult-large,,,gradient,,,,,LONG-SLEEVE-TSHIRT-ADULT-LARGE-GRADIENT,0.0,shopify,continue,manual,35.00,,true,true,,,,,,,,,,,,,,,,,,,,https://cdn.shopify.com/s/files/1/0894/7436/7766/files/ShenandoahTEACHER-LongSleeveTShirt-Grey-Purple-Gradient.jpg?v=1752017425,lb,,,true,,,true,,,
long-sleeve-tshirt,,,,,,,,,adult-large,,,black,,,,,LONG-SLEEVE-TSHIRT-ADULT-LARGE-BLACK,0.0,shopify,continue,manual,35.00,,true,true,,,,,,,,,,,,,,,,,,,,https://cdn.shopify.com/s/files/1/0894/7436/7766/files/ShenandoahTEACHER-LongSleeveTShirt-Black.jpg?v=1752018753,lb,,,true,,,true,,,
long-sleeve-tshirt,,,,,,,,,adult-extra-large,,,gray,,,,,LONG-SLEEVE-TSHIRT-ADULT-EXTRA-LARGE-GRAY,0.0,shopify,continue,manual,35.00,,true,true,,,,,,,,,,,,,,,,,,,,https://cdn.shopify.com/s/files/1/0894/7436/7766/files/ShenandoahTEACHER-LongSleeveTShirt-Grey.jpg?v=1752017418,lb,,,true,,,true,,,
long-sleeve-tshirt,,,,,,,,,adult-extra-large,,,purple,,,,,LONG-SLEEVE-TSHIRT-ADULT-EXTRA-LARGE-PURPLE,0.0,shopify,continue,manual,35.00,,true,true,,,,,,,,,,,,,,,,,,,,https://cdn.shopify.com/s/files/1/0894/7436/7766/files/ShenandoahTEACHER-LongSleeveTShirt-Purple.jpg?v=1752017422,lb,,,true,,,true,,,
long-sleeve-tshirt,,,,,,,,,adult-extra-large,,,gradient,,,,,LONG-SLEEVE-TSHIRT-ADULT-EXTRA-LARGE-GRADIENT,0.0,shopify,continue,manual,35.00,,true,true,,,,,,,,,,,,,,,,,,,,https://cdn.shopify.com/s/files/1/0894/7436/7766/files/ShenandoahTEACHER-LongSleeveTShirt-Grey-Purple-Gradient.jpg?v=1752017425,lb,,,true,,,true,,,
long-sleeve-tshirt,,,,,,,,,adult-extra-large,,,black,,,,,LONG-SLEEVE-TSHIRT-ADULT-EXTRA-LARGE-BLACK,0.0,shopify,continue,manual,35.00,,true,true,,,,,,,,,,,,,,,,,,,,https://cdn.shopify.com/s/files/1/0894/7436/7766/files/ShenandoahTEACHER-LongSleeveTShirt-Black.jpg?v=1752018753,lb,,,true,,,true,,,
long-sleeve-tshirt,,,,,,,,,adult-2-xl,,,gray,,,,,LONG-SLEEVE-TSHIRT-ADULT-2-XL-GRAY,0.0,shopify,continue,manual,35.00,,true,true,,,,,,,,,,,,,,,,,,,,https://cdn.shopify.com/s/files/1/0894/7436/7766/files/ShenandoahTEACHER-LongSleeveTShirt-Grey.jpg?v=1752017418,lb,,,true,,,true,,,
long-sleeve-tshirt,,,,,,,,,adult-2-xl,,,purple,,,,,LONG-SLEEVE-TSHIRT-ADULT-2-XL-PURPLE,0.0,shopify,continue,manual,35.00,,true,true,,,,,,,,,,,,,,,,,,,,https://cdn.shopify.com/s/files/1/0894/7436/7766/files/ShenandoahTEACHER-LongSleeveTShirt-Purple.jpg?v=1752017422,lb,,,true,,,true,,,
long-sleeve-tshirt,,,,,,,,,adult-2-xl,,,gradient,,,,,LONG-SLEEVE-TSHIRT-ADULT-2-XL-GRADIENT,0.0,shopify,continue,manual,35.00,,true,true,,,,,,,,,,,,,,,,,,,,https://cdn.shopify.com/s/files/1/0894/7436/7766/files/ShenandoahTEACHER-LongSleeveTShirt-Grey-Purple-Gradient.jpg?v=1752017425,lb,,,true,,,true,,,
long-sleeve-tshirt,,,,,,,,,adult-2-xl,,,black,,,,,LONG-SLEEVE-TSHIRT-ADULT-2-XL-BLACK,0.0,shopify,continue,manual,35.00,,true,true,,,,,,,,,,,,,,,,,,,,https://cdn.shopify.com/s/files/1/0894/7436/7766/files/ShenandoahTEACHER-LongSleeveTShirt-Black.jpg?v=1752018753,lb,,,true,,,true,,,
teacher-hoddied-shirt-black,Teacher Hoddied Shirt (Black),<p>Black Shirt (short sleeve) with Hood for TEACHERS at Shenandoah Middle School</p>,Besu Customs,Apparel & Accessories > Clothing > Activewear > Activewear Sweatshirts & Hoodies > Hoodies,tshirt,Shenandoah Middle,true,Size,adult-small,product.metafields.shopify.size,,,,,,,TEACHER-HODDIED-SHIRT-BLACK-ADULT-SMALL,0.0,shopify,continue,manual,35.00,,true,true,,,,,,https://cdn.shopify.com/s/files/1/0894/7436/7766/files/ShenandoahTEACHER-HoodiedTShirt-Black.jpg?v=1752017053,1,,false,,,,,black,hooded,adult-small; adult-medium; adult-large; adult-extra-large; adult-2-xl,,unisex,,,lb,,,true,,,true,,,active
teacher-hoddied-shirt-black,,,,,,,,,adult-medium,,,,,,,,TEACHER-HODDIED-SHIRT-BLACK-ADULT-MEDIUM,0.0,shopify,continue,manual,35.00,,true,true,,,,,,,,,,,,,,,,,,,,,lb,,,true,,,true,,,
teacher-hoddied-shirt-black,,,,,,,,,adult-large,,,,,,,,TEACHER-HODDIED-SHIRT-BLACK-ADULT-LARGE,0.0,shopify,continue,manual,35.00,,true,true,,,,,,,,,,,,,,,,,,,,,lb,,,true,,,true,,,
teacher-hoddied-shirt-black,,,,,,,,,adult-extra-large,,,,,,,,TEACHER-HODDIED-SHIRT-BLACK-ADULT-EXTRA-LARGE,0.0,shopify,continue,manual,35.00,,true,true,,,,,,,,,,,,,,,,,,,,,lb,,,true,,,true,,,
teacher-hoddied-shirt-black,,,,,,,,,adult-2-xl,,,,,,,,TEACHER-HODDIED-SHIRT-BLACK-ADULT-2-XL,0.0,shopify,continue,manual,35.00,,true,true,,,,,,,,,,,,,,,,,,,,,lb,,,true,,,true,,,
microfiber-tops-bc-0237,Microfiber Tops- BC-0237,<p>Custom made Microfiber Tops- BC-0237 by Besu Customs.</p>,Besu Customs,Apparel & Accessories > Clothing > Clothing Tops,Microfiber Tops,MMA Gear,true,Title,Default Title,,,,,,,,MICROFIBER-TOPS-BC-0237-DEFAULT-TITLE,0.0,shopify,continue,manual,35.00,,true,true,,,,,,https://cdn.shopify.com/s/files/1/0894/7436/7766/files/xhs_gw_rushg_0022.jpg?v=1751996956,1,,false,,,,,,,,,,,,lb,,,true,,,true,,,active
sports-bra-bc-0472,Sports Bra- BC-0472,<p>Custom made Sports Bra- BC-0472 by Besu Customs.</p>,Besu Customs,Apparel & Accessories > Clothing > Activewear > Sports Bras,Sports Bra,GYM WEAR,true,Title,Default Title,,,,,,,,SPORTS-BRA-BC-0472-DEFAULT-TITLE,0.0,shopify,continue,manual,45.00,,true,true,,,,,,https://cdn.shopify.com/s/files/1/0894/7436/7766/files/xhs_sports_bra_0018.jpg?v=1751996580,1,,false,,,,,,,,,,,,lb,,,true,,,true,,,active
sports-bra-bc-0471,Sports Bra- BC-0471,<p>Custom made Sports Bra- BC-0471 by Besu Customs.</p>,Besu Customs,Apparel & Accessories > Clothing > Activewear > Sports Bras,Sports Bra,GYM WEAR,true,Title,Default Title,,,,,,,,SPORTS-BRA-BC-0471-DEFAULT-TITLE,0.0,shopify,continue,manual,45.00,,true,true,,,,,,https://cdn.shopify.com/s/files/1/0894/7436/7766/files/xhs_sports_bra_0017.jpg?v=1751996449,1,,false,,,,,,,,,,,,lb,,,true,,,true,,,active
sports-bra-bc-0470,Sports Bra- BC-0470,<p>Custom made Sports Bra- BC-0470 by Besu Customs.</p>,Besu Customs,Apparel & Accessories > Clothing > Activewear > Sports Bras,Sports Bra,GYM WEAR,true,Title,Default Title,,,,,,,,SPORTS-BRA-BC-0470-DEFAULT-TITLE,0.0,shopify,continue,manual,45.00,,true,true,,,,,,https://cdn.shopify.com/s/files/1/0894/7436/7766/files/xhs_sports_bra_0016.jpg?v=1751996113,1,,false,,,,,,,,,,,,lb,,,true,,,true,,,active
sports-bra-bc-0469,Sports Bra- BC-0469,<p>Custom made Sports Bra- BC-0469 by Besu Customs.</p>,Besu Customs,Apparel & Accessories > Clothing > Activewear > Sports Bras,Sports Bra,GYM WEAR,true,Title,Default Title,,,,,,,,SPORTS-BRA-BC-0469-DEFAULT-TITLE,0.0,shopify,continue,manual,45.00,,true,true,,,,,,https://cdn.shopify.com/s/files/1/0894/7436/7766/files/xhs_sports_bra_0015.jpg?v=1751995871,1,,false,,,,,,,,,,,,lb,,,true,,,true,,,active
sports-bra-bc-0468,Sports Bra- BC-0468,<p>Custom made Sports Bra- BC-0468 by Besu Customs.</p>,Besu Customs,Apparel & Accessories > Clothing > Activewear > Sports Bras,Sports Bra,GYM WEAR,true,Title,Default Title,,,,,,,,SPORTS-BRA-BC-0468-DEFAULT-TITLE,0.0,shopify,continue,manual,45.00,,true,true,,,,,,https://cdn.shopify.com/s/files/1/0894/7436/7766/files/xhs_sports_bra_0014.jpg?v=1751993970,1,,false,,,,,,,,,,,,lb,,,true,,,true,,,active
sports-bra-bc-0467,Sports Bra- BC-0467,<p>Custom made Sports Bra- BC-0467 by Besu Customs.</p>,Besu Customs,Apparel & Accessories > Clothing > Activewear > Sports Bras,Sports Bra,GYM WEAR,true,Title,Default Title,,,,,,,,SPORTS-BRA-BC-0467-DEFAULT-TITLE,0.0,shopify,continue,manual,45.00,,true,true,,,,,,https://cdn.shopify.com/s/files/1/0894/7436/7766/files/xhs_sports_bra_0013.jpg?v=1751992053,1,,false,,,,,,,,,,,,lb,,,true,,,true,,,active
sports-bra-bc-0466,Sports Bra- BC-0466,<p>Custom made Sports Bra- BC-0466 by Besu Customs.</p>,Besu Customs,Apparel & Accessories > Clothing > Activewear > Sports Bras,Sports Bra,GYM WEAR,true,Title,Default Title,,,,,,,,SPORTS-BRA-BC-0466-DEFAULT-TITLE,0.0,shopify,continue,manual,45.00,,true,true,,,,,,https://cdn.shopify.com/s/files/1/0894/7436/7766/files/xhs_sports_bra_0011_bfedd0fb-6250-4444-a003-f32e70ae0739.jpg?v=1751991346,1,,false,,,,,,,,,,,,lb,,,true,,,true,,,active
sports-bra-bc-0465,Sports Bra- BC-0465,<p>Custom made Sports Bra- BC-0465 by Besu Customs.</p>,Besu Customs,Apparel & Accessories > Clothing > Activewear > Sports Bras,Sports Bra,GYM WEAR,true,Title,Default Title,,,,,,,,SPORTS-BRA-BC-0465-DEFAULT-TITLE,0.0,shopify,continue,manual,45.00,,true,true,,,,,,https://cdn.shopify.com/s/files/1/0894/7436/7766/files/xhs_sports_bra_0011.jpg?v=1751991236,1,,false,,,,,,,,,,,,lb,,,true,,,true,,,active
sports-bra-bc-0464,Sports Bra- BC-0464,<p>Custom made Sports Bra- BC-0464 by Besu Customs.</p>,Besu Customs,Apparel & Accessories > Clothing > Activewear > Sports Bras,Sports Bra,GYM WEAR,true,Title,Default Title,,,,,,,,SPORTS-BRA-BC-0464-DEFAULT-TITLE,0.0,shopify,continue,manual,45.00,,true,true,,,,,,https://cdn.shopify.com/s/files/1/0894/7436/7766/files/xhs_sports_bra_0010.jpg?v=1751990813,1,,false,,,,,,,,,,,,lb,,,true,,,true,,,active
sports-bra-bc-0463,Sports Bra- BC-0463,<p>Custom made Sports Bra- BC-0463 by Besu Customs.</p>,Besu Customs,Apparel & Accessories > Clothing > Activewear > Sports Bras,Sports Bra,GYM WEAR,true,Title,Default Title,,,,,,,,SPORTS-BRA-BC-0463-DEFAULT-TITLE,0.0,shopify,continue,manual,45.00,,true,true,,,,,,https://cdn.shopify.com/s/files/1/0894/7436/7766/files/xhs_sports_bra_009.jpg?v=1751990512,1,,false,,,,,,,,,,,,lb,,,true,,,true,,,active
sports-bra-bc-0462,Sports Bra- BC-0462,<p>Custom made Sports Bra- BC-0462 by Besu Customs.</p>,Besu Customs,Apparel & Accessories > Clothing > Activewear > Sports Bras,Sports Bra,GYM WEAR,true,Title,Default Title,,,,,,,,SPORTS-BRA-BC-0462-DEFAULT-TITLE,0.0,shopify,continue,manual,45.00,,true,true,,,,,,https://cdn.shopify.com/s/files/1/0894/7436/7766/files/xhs_sports_bra_008.jpg?v=1751911811,1,,false,,,,,,,,,,,,lb,,,true,,,true,,,active
sports-bra-bc-0461,Sports Bra- BC-0461,<p>Custom made Sports Bra- BC-0461 by Besu Customs.</p>,Besu Customs,Apparel & Accessories > Clothing > Activewear > Sports Bras,Sports Bra,GYM WEAR,true,Title,Default Title,,,,,,,,SPORTS-BRA-BC-0461-DEFAULT-TITLE,0.0,shopify,continue,manual,45.00,,true,true,,,,,,https://cdn.shopify.com/s/files/1/0894/7436/7766/files/xhs_sports_bra_007.jpg?v=1751909921,1,,false,,,,,,,,,,,,lb,,,true,,,true,,,active
sports-bra-bc-0460,Sports Bra- BC-0460,<p>Custom made Sports Bra- BC-0460 by Besu Customs.</p>,Besu Customs,Apparel & Accessories > Clothing > Activewear > Sports Bras,Sports Bra,GYM WEAR,true,Title,Default Title,,,,,,,,SPORTS-BRA-BC-0460-DEFAULT-TITLE,0.0,shopify,continue,manual,45.00,,true,true,,,,,,https://cdn.shopify.com/s/files/1/0894/7436/7766/files/xhs_sports_bra_006.jpg?v=1751909629,1,,false,,,,,,,,,,,,lb,,,true,,,true,,,active
sports-bra-bc-0459,Sports Bra- BC-0459,<p>Custom made Sports Bra- BC-0459 by Besu Customs.</p>,Besu Customs,Uncategorized,Sports Bra,GYM WEAR,true,Title,Default Title,,,,,,,,SPORTS-BRA-BC-0459-DEFAULT-TITLE,0.0,shopify,continue,manual,45.00,,true,true,,,,,,https://cdn.shopify.com/s/files/1/0894/7436/7766/files/xhs_sports_bra_005.jpg?v=1751909285,1,,false,,,,,,,,,,,,lb,,,true,,,true,,,active
sports-bra-bc-0458,Sports Bra- BC-0458,<p>Custom made Sports Bra- BC-0458 by Besu Customs.</p>,Besu Customs,Apparel & Accessories > Clothing > Activewear > Sports Bras,Sports Bra,GYM WEAR,true,Title,Default Title,,,,,,,,SPORTS-BRA-BC-0458-DEFAULT-TITLE,0.0,shopify,continue,manual,45.00,,true,true,,,,,,https://cdn.shopify.com/s/files/1/0894/7436/7766/files/xhs_sports_bra_004.jpg?v=1751906213,1,,false,,,,,,,,,,,,lb,,,true,,,true,,,active
sports-bra-bc-0457,Sports Bra- BC-0457,<p>Custom made Sports Bra- BC-0457 by Besu Customs.</p>,Besu Customs,Apparel & Accessories > Clothing > Activewear > Sports Bras,Sports Bra,GYM WEAR,true,Title,Default Title,,,,,,,,SPORTS-BRA-BC-0457-DEFAULT-TITLE,0.0,shopify,continue,manual,45.00,,true,true,,,,,,https://cdn.shopify.com/s/files/1/0894/7436/7766/files/xhs_sports_bra_003.jpg?v=1751858383,1,,false,,,,,,,,,,,,lb,,,true,,,true,,,active
sports-bra-bc-0456,Sports Bra- BC-0456,<p>Custom made Sports Bra- BC-0456 by Besu Customs.</p>,Besu Customs,Apparel & Accessories > Clothing > Activewear > Sports Bras,Sports Bra,GYM WEAR,true,Title,Default Title,,,,,,,,SPORTS-BRA-BC-0456-DEFAULT-TITLE,0.0,shopify,continue,manual,45.00,,true,true,,,,,,https://cdn.shopify.com/s/files/1/0894/7436/7766/files/xhs_sports_bra_002.jpg?v=1751857528,1,,false,,,,,,,,,,,,lb,,,true,,,true,,,active
sports-bra-bc-0455,Sports Bra- BC-0455,<p>Custom made Sports Bra- BC-0455 by Besu Customs.</p>,Besu Customs,Apparel & Accessories > Clothing > Activewear > Sports Bras,Sports Bra,GYM WEAR,true,Title,Default Title,,,,,,,,SPORTS-BRA-BC-0455-DEFAULT-TITLE,0.0,shopify,continue,manual,45.00,,true,true,,,,,,https://cdn.shopify.com/s/files/1/0894/7436/7766/files/xhs_sports_bra_001.jpg?v=1751857205,1,,false,,,,,,,,,,,,lb,,,true,,,true,,,active
stringer-vest-bc-0484,Stringer Vest- BC-0484,<p>Custom made Stringer Vest- BC-0484 by Besu Customs.</p>,Besu Customs,Apparel & Accessories > Clothing > Activewear > Activewear Vests & Jackets > Vests,Stringer Vest,General Purpose Athletic Equipment,true,Title,Default Title,,,,,,,,STRINGER-VEST-BC-0484-DEFAULT-TITLE,0.0,shopify,continue,manual,35.00,,true,true,,,,,,https://cdn.shopify.com/s/files/1/0894/7436/7766/files/xhs_stringer_vest_0012.jpg?v=1751856505,1,,false,,,,,,,,,,,,lb,,,true,,,true,,,active
stringer-vest-bc-0483,Stringer Vest- BC-0483,<p>Custom made Stringer Vest- BC-0483 by Besu Customs.</p>,Besu Customs,Apparel & Accessories > Clothing > Activewear > Activewear Vests & Jackets > Vests,Stringer Vest,General Purpose Athletic Equipment,true,Title,Default Title,,,,,,,,STRINGER-VEST-BC-0483-DEFAULT-TITLE,0.0,shopify,continue,manual,35.00,,true,true,,,,,,https://cdn.shopify.com/s/files/1/0894/7436/7766/files/xhs_stringer_vest_0011.jpg?v=1751856165,1,,false,,,,,,,,,,,,lb,,,true,,,true,,,active
stringer-vest-bc-0482,Stringer Vest- BC-0482,<p>Custom made Stringer Vest- BC-0482 by Besu Customs.</p>,Besu Customs,Sporting Goods > Outdoor Recreation > Golf > Golf Bags,Stringer Vest,General Purpose Athletic Equipment,true,Title,Default Title,,,,,,,,STRINGER-VEST-BC-0482-DEFAULT-TITLE,0.0,shopify,continue,manual,35.00,,true,true,,,,,,https://cdn.shopify.com/s/files/1/0894/7436/7766/files/xhs_stringer_vest_0010.jpg?v=1751855362,1,,false,,,,,,,,,,,,lb,,,true,,,true,,,active
stringer-vest-bc-0481,Stringer Vest- BC-0481,<p>Custom made Stringer Vest- BC-0481 by Besu Customs.</p>,Besu Customs,Apparel & Accessories > Clothing > Activewear > Activewear Vests & Jackets > Vests,Stringer Vest,General Purpose Athletic Equipment,true,Title,Default Title,,,,,,,,STRINGER-VEST-BC-0481-DEFAULT-TITLE,0.0,shopify,continue,manual,35.00,,true,true,,,,,,https://cdn.shopify.com/s/files/1/0894/7436/7766/files/xhs_stringer_vest_009.jpg?v=1751854887,1,,false,,,,,,,,,,,,lb,,,true,,,true,,,active
stringer-vest-bc-0480,Stringer Vest- BC-0480,<p>Custom made Stringer Vest- BC-0480 by Besu Customs.</p>,Besu Customs,Sporting Goods > Athletics > General Purpose Athletic Equipment,Stringer Vest,General Purpose Athletic Equipment,true,Title,Default Title,,,,,,,,STRINGER-VEST-BC-0480-DEFAULT-TITLE,0.0,shopify,continue,manual,35.00,,true,true,,,,,,https://cdn.shopify.com/s/files/1/0894/7436/7766/files/xhs_stringer_vest_008.jpg?v=1751854161,1,,false,,,,,,,,,,,,lb,,,true,,,true,,,active
stringer-vest-bc-0479,Stringer Vest- BC-0479,<p>Custom made Stringer Vest- BC-0479 by Besu Customs.</p>,Besu Customs,Apparel & Accessories > Clothing > Activewear > Activewear Vests & Jackets > Vests,Stringer Vest,General Purpose Athletic Equipment,true,Title,Default Title,,,,,,,,STRINGER-VEST-BC-0479-DEFAULT-TITLE,0.0,shopify,continue,manual,35.00,,true,true,,,,,,https://cdn.shopify.com/s/files/1/0894/7436/7766/files/xhs_stringer_vest_007.jpg?v=1751853647,1,,false,,,,,,,,,,,,lb,,,true,,,true,,,active
stringer-vest-bc-0478,Stringer Vest- BC-0478,<p>Custom made Stringer Vest- BC-0478 by Besu Customs.</p>,Besu Customs,Apparel & Accessories > Clothing > Activewear > Activewear Vests & Jackets > Vests,Stringer Vest,General Purpose Athletic Equipment,true,Title,Default Title,,,,,,,,STRINGER-VEST-BC-0478-DEFAULT-TITLE,0.0,shopify,continue,manual,35.00,,true,true,,,,,,https://cdn.shopify.com/s/files/1/0894/7436/7766/files/xhs_stringer_vest_006.jpg?v=1751852517,1,,false,,,,,,,,,,,,lb,,,true,,,true,,,active
shenandoah-middle-school-hoodie-blac,Shenandoah Middle School Hoodie Black,<p>Shenandoah Middle School Hoodie Black</p>,Besu Customs,Apparel & Accessories > Clothing > Activewear > Activewear Sweatshirts & Hoodies > Hoodies,Hoodie,Shenandoah Middle,true,Size,adult-2-xl,product.metafields.shopify.size,,,,,,,SHENANDOAH-MIDDLE-SCHOOL-HOODIE-BLAC-ADULT-2-XL,0.0,shopify,continue,manual,35.00,,true,true,,,,,,https://cdn.shopify.com/s/files/1/0894/7436/7766/files/Shenandoah-Hoodie-Black.jpg?v=1751007445,1,,false,,,,,black,hooded,adult-2-xl; adult-extra-large; adult-large; adult-medium; adult-small; adult-extra-small; youth-extra-large; youth-large,,unisex,,,lb,,,true,,,true,,,active
shenandoah-middle-school-hoodie-blac,,,,,,,,,adult-extra-large,,,,,,,,SHENANDOAH-MIDDLE-SCHOOL-HOODIE-BLAC-ADULT-EXTRA,0.0,shopify,continue,manual,35.00,,true,true,,,,,,,,,,,,,,,,,,,,,lb,,,true,,,true,,,
shenandoah-middle-school-hoodie-blac,,,,,,,,,adult-large,,,,,,,,SHENANDOAH-MIDDLE-SCHOOL-HOODIE-BLAC-ADULT-LARGE,0.0,shopify,continue,manual,35.00,,true,true,,,,,,,,,,,,,,,,,,,,,lb,,,true,,,true,,,
shenandoah-middle-school-hoodie-blac,,,,,,,,,adult-medium,,,,,,,,SHENANDOAH-MIDDLE-SCHOOL-HOODIE-BLAC-ADULT-MEDIU,0.0,shopify,continue,manual,35.00,,true,true,,,,,,,,,,,,,,,,,,,,,lb,,,true,,,true,,,
shenandoah-middle-school-hoodie-blac,,,,,,,,,adult-small,,,,,,,,SHENANDOAH-MIDDLE-SCHOOL-HOODIE-BLAC-ADULT-SMALL,0.0,shopify,continue,manual,35.00,,true,true,,,,,,,,,,,,,,,,,,,,,lb,,,true,,,true,,,
shenandoah-middle-school-hoodie-blac,,,,,,,,,adult-extra-small,,,,,,,,SHENANDOAH-MIDDLE-SCHOOL-HOODIE-BLAC-ADULT-EXTRA,0.0,shopify,continue,manual,35.00,,true,true,,,,,,,,,,,,,,,,,,,,,lb,,,true,,,true,,,
shenandoah-middle-school-hoodie-blac,,,,,,,,,youth-extra-large,,,,,,,,SHENANDOAH-MIDDLE-SCHOOL-HOODIE-BLAC-YOUTH-EXTRA,0.0,shopify,continue,manual,35.00,,true,true,,,,,,,,,,,,,,,,,,,,,lb,,,true,,,true,,,
shenandoah-middle-school-hoodie-blac,,,,,,,,,youth-large,,,,,,,,SHENANDOAH-MIDDLE-SCHOOL-HOODIE-BLAC-YOUTH-LARGE,0.0,shopify,continue,manual,35.00,,true,true,,,,,,,,,,,,,,,,,,,,,lb,,,true,,,true,,,
shenandoah-middle-school-hoodie,Shenandoah Middle School Hoodie Gray,<p>Shenandoah Middle School Hoodie Gray</p>,Besu Customs,Apparel & Accessories > Clothing > Activewear > Activewear Sweatshirts & Hoodies > Hoodies,Hoodie,Shenandoah Middle,true,Size,adult-2-xl,product.metafields.shopify.size,,,,,,,SHENANDOAH-MIDDLE-SCHOOL-HOODIE-ADULT-2-XL,0.0,shopify,continue,manual,35.00,,true,true,,,,,,https://cdn.shopify.com/s/files/1/0894/7436/7766/files/Shenandoah-Hoodie-Grey.jpg?v=1751007223,1,,false,,,,,gray,hooded,adult-2-xl; adult-extra-large; adult-large; adult-medium; adult-small; adult-extra-small; youth-extra-large; youth-large,,unisex,,,lb,,,true,,,true,,,active
shenandoah-middle-school-hoodie,,,,,,,,,adult-extra-large,,,,,,,,SHENANDOAH-MIDDLE-SCHOOL-HOODIE-ADULT-EXTRA-LARG,0.0,shopify,continue,manual,35.00,,true,true,,,,,,,,,,,,,,,,,,,,,lb,,,true,,,true,,,
shenandoah-middle-school-hoodie,,,,,,,,,adult-large,,,,,,,,SHENANDOAH-MIDDLE-SCHOOL-HOODIE-ADULT-LARGE,0.0,shopify,continue,manual,35.00,,true,true,,,,,,,,,,,,,,,,,,,,,lb,,,true,,,true,,,
shenandoah-middle-school-hoodie,,,,,,,,,adult-medium,,,,,,,,SHENANDOAH-MIDDLE-SCHOOL-HOODIE-ADULT-MEDIUM,0.0,shopify,continue,manual,35.00,,true,true,,,,,,,,,,,,,,,,,,,,,lb,,,true,,,true,,,
shenandoah-middle-school-hoodie,,,,,,,,,adult-small,,,,,,,,SHENANDOAH-MIDDLE-SCHOOL-HOODIE-ADULT-SMALL,0.0,shopify,continue,manual,35.00,,true,true,,,,,,,,,,,,,,,,,,,,,lb,,,true,,,true,,,
shenandoah-middle-school-hoodie,,,,,,,,,adult-extra-small,,,,,,,,SHENANDOAH-MIDDLE-SCHOOL-HOODIE-ADULT-EXTRA-SMAL,0.0,shopify,continue,manual,35.00,,true,true,,,,,,,,,,,,,,,,,,,,,lb,,,true,,,true,,,
shenandoah-middle-school-hoodie,,,,,,,,,youth-extra-large,,,,,,,,SHENANDOAH-MIDDLE-SCHOOL-HOODIE-YOUTH-EXTRA-LARG,0.0,shopify,continue,manual,35.00,,true,true,,,,,,,,,,,,,,,,,,,,,lb,,,true,,,true,,,
shenandoah-middle-school-hoodie,,,,,,,,,youth-large,,,,,,,,SHENANDOAH-MIDDLE-SCHOOL-HOODIE-YOUTH-LARGE,0.0,shopify,continue,manual,35.00,,true,true,,,,,,,,,,,,,,,,,,,,,lb,,,true,,,true,,,
stringer-vest-bc-0477,Stringer Vest- BC-0477,<p>Custom made Stringer Vest- BC-0477 by Besu Customs.</p>,Besu Customs,Apparel & Accessories > Clothing > Activewear > Activewear Vests & Jackets > Vests,Stringer Vest,General Purpose Athletic Equipment,true,Title,Default Title,,,,,,,,STRINGER-VEST-BC-0477-DEFAULT-TITLE,0.0,shopify,continue,manual,35.00,,true,true,,,,,,https://cdn.shopify.com/s/files/1/0894/7436/7766/files/xhs_stringer_vest_005.jpg?v=1749839536,1,,false,,,,,,,,,,,,lb,,,true,,,true,,,active
stringer-vest-bc-0476,Stringer Vest- BC-0476,<p>Custom made Stringer Vest- BC-0476 by Besu Customs.</p>,Besu Customs,Sporting Goods > Athletics > General Purpose Athletic Equipment,Stringer Vest,General Purpose Athletic Equipment,true,Title,Default Title,,,,,,,,STRINGER-VEST-BC-0476-DEFAULT-TITLE,0.0,shopify,continue,manual,35.00,,true,true,,,,,,https://cdn.shopify.com/s/files/1/0894/7436/7766/files/xhs_stringer_vest_004.jpg?v=1749838646,1,,false,,,,,,,,,,,,lb,,,true,,,true,,,active
stringer-vest-bc-0475,Stringer Vest- BC-0475,<p>Custom made Stringer Vest- BC-0475 by Besu Customs.</p>,Besu Customs,Apparel & Accessories > Clothing > Activewear > Activewear Vests & Jackets > Vests,Stringer Vest,General Purpose Athletic Equipment,true,Title,Default Title,,,,,,,,STRINGER-VEST-BC-0475-DEFAULT-TITLE,0.0,shopify,continue,manual,35.00,,true,true,,,,,,https://cdn.shopify.com/s/files/1/0894/7436/7766/files/xhs_stringer_vest_003.jpg?v=1749838008,1,,false,,,,,,,,,,,,lb,,,true,,,true,,,active
stringer-vest-bc-0474,Stringer Vest- BC-0474,<p>Custom made Stringer Vest- BC-0474 by Besu Customs.</p>,Besu Customs,Sporting Goods > Athletics > General Purpose Athletic Equipment,Stringer Vest,General Purpose Athletic Equipment,true,Title,Default Title,,,,,,,,STRINGER-VEST-BC-0474-DEFAULT-TITLE,0.0,shopify,continue,manual,35.00,,true,true,,,,,,https://cdn.shopify.com/s/files/1/0894/7436/7766/files/xhs_stringer_vest_002.jpg?v=1749835433,1,,false,,,,,,,,,,,,lb,,,true,,,true,,,active
stringer-vest-bc-473,Stringer Vest- BC-0473,<p>Custom made Stringer Vest- BC-0473 by Besu Customs.</p>,Besu Customs,Sporting Goods > Athletics > General Purpose Athletic Equipment,Stringer Vest,General Purpose Athletic Equipment,true,Title,Default Title,,,,,,,,STRINGER-VEST-BC-473-DEFAULT-TITLE,0.0,shopify,continue,manual,35.00,,true,true,,,,,,https://cdn.shopify.com/s/files/1/0894/7436/7766/files/xhs_stringer_vest_001_b70f43b9-4803-4a9f-8103-5b258a33227f.jpg?v=1749834614,1,,false,,,,,,,,,,,,lb,,,true,,,true,,,active
tank-top-men-women-bc-0580,Tank Top Men / Women- BC-0580,<p>Custom made Tank Top Men / Women- BC-0580 by Besu Customs.</p>,Besu Customs,Apparel & Accessories > Clothing > Activewear > Activewear Tops > Tank Tops,Tank top Men,Fitness / Gym Wear,true,Title,Default Title,,,,,,,,TANK-TOP-MEN-WOMEN-BC-0580-DEFAULT-TITLE,0.0,shopify,continue,manual,35.00,,true,true,,,,,,https://cdn.shopify.com/s/files/1/0894/7436/7766/files/xhs_tank_top_0040.jpg?v=1749833640,1,,false,,,,,,,,,,,,lb,,,true,,,true,,,active
tank-top-men-women-bc-0579,Tank Top Men / Women- BC-0579,<p>Custom made Tank Top Men / Women- BC-0579 by Besu Customs.</p>,Besu Customs,Apparel & Accessories > Clothing > Activewear > Activewear Tops > Tank Tops,Tank top Women,Fitness / Gym Wear,true,Title,Default Title,,,,,,,,TANK-TOP-MEN-WOMEN-BC-0579-DEFAULT-TITLE,0.0,shopify,continue,manual,35.00,,true,true,,,,,,https://cdn.shopify.com/s/files/1/0894/7436/7766/files/xhs_tank_top_0039.jpg?v=1749833245,1,,false,,,,,,,,,,,,lb,,,true,,,true,,,active
tank-top-men-women-bc-0578,Tank Top Men / Women- BC-0578,<p>Custom made Tank Top Men / Women- BC-0578 by Besu Customs.</p>,Besu Customs,Apparel & Accessories > Clothing > Clothing Tops > Tank Tops,Tank top Women,Fitness / Gym Wear,true,Title,Default Title,,,,,,,,TANK-TOP-MEN-WOMEN-BC-0578-DEFAULT-TITLE,0.0,shopify,continue,manual,35.00,,true,true,,,,,,https://cdn.shopify.com/s/files/1/0894/7436/7766/files/xhs_tank_top_0038.jpg?v=1749833027,1,,false,,,,,,,,,,,,lb,,,true,,,true,,,active
tank-top-men-women-bc-0577,Tank Top Men / Women- BC-0577,<p>Custom made Tank Top Men / Women- BC-0577 by Besu Customs.</p>,Besu Customs,Apparel & Accessories > Clothing > Activewear > Activewear Tops > Tank Tops,Tank top Women,Fitness / Gym Wear,true,Title,Default Title,,,,,,,,TANK-TOP-MEN-WOMEN-BC-0577-DEFAULT-TITLE,0.0,shopify,continue,manual,35.00,,true,true,,,,,,https://cdn.shopify.com/s/files/1/0894/7436/7766/files/xhs_tank_top_0037.jpg?v=1749832825,1,,false,,,,,,,,,,,,lb,,,true,,,true,,,active
tank-top-men-women-bc-0576,Tank Top Men / Women- BC-0576,<p>Custom made Tank Top Men / Women- BC-0576 by Besu Customs.</p>,Besu Customs,Apparel & Accessories > Clothing > Activewear > Activewear Tops > Tank Tops,Tank top Women,Fitness / Gym Wear,true,Title,Default Title,,,,,,,,TANK-TOP-MEN-WOMEN-BC-0576-DEFAULT-TITLE,0.0,shopify,continue,manual,35.00,,true,true,,,,,,https://cdn.shopify.com/s/files/1/0894/7436/7766/files/xhs_tank_top_0036.jpg?v=1749832514,1,,false,,,,,,,,,,,,lb,,,true,,,true,,,active
tank-top-men-women-bc-0575,Tank Top Men / Women- BC-0575,<p>Custom made Tank Top Men / Women- BC-0575 by Besu Customs.</p>,Besu Customs,Apparel & Accessories > Clothing > Activewear > Activewear Tops > Tank Tops,Tank top Women,Fitness / Gym Wear,true,Title,Default Title,,,,,,,,TANK-TOP-MEN-WOMEN-BC-0575-DEFAULT-TITLE,0.0,shopify,continue,manual,35.00,,true,true,,,,,,https://cdn.shopify.com/s/files/1/0894/7436/7766/files/xhs_tank_top_0035.jpg?v=1749832319,1,,false,,,,,,,,,,,,lb,,,true,,,true,,,active
tank-top-men-women-bc-0574,Tank Top Men / Women- BC-0574,<p>Custom made Tank Top Men / Women- BC-0574 by Besu Customs.</p>,Besu Customs,Apparel & Accessories > Clothing > Activewear > Activewear Tops > Tank Tops,Tank top Women,Fitness / Gym Wear,true,Title,Default Title,,,,,,,,TANK-TOP-MEN-WOMEN-BC-0574-DEFAULT-TITLE,0.0,shopify,continue,manual,35.00,,true,true,,,,,,https://cdn.shopify.com/s/files/1/0894/7436/7766/files/xhs_tank_top_0034.jpg?v=1749832086,1,,false,,,,,,,,,,,,lb,,,true,,,true,,,active
tank-top-men-women-bc-0573,Tank Top Men / Women- BC-0573,<p>Custom made Tank Top Men / Women- BC-0573 by Besu Customs.</p>,Besu Customs,Apparel & Accessories > Clothing > Clothing Tops > Tank Tops,Tank top Women,Fitness / Gym Wear,true,Title,Default Title,,,,,,,,TANK-TOP-MEN-WOMEN-BC-0573-DEFAULT-TITLE,0.0,shopify,continue,manual,35.00,,true,true,,,,,,https://cdn.shopify.com/s/files/1/0894/7436/7766/files/xhs_tank_top_0033.jpg?v=1749831891,1,,false,,,,,,,,,,,,lb,,,true,,,true,,,active
tank-top-men-women-bc-0572,Tank Top Men / Women- BC-0572,<p>Custom made Tank Top Men / Women- BC-0572 by Besu Customs.</p>,Besu Customs,Apparel & Accessories > Clothing > Activewear > Activewear Tops > Tank Tops,Tank top Women,Fitness / Gym Wear,true,Title,Default Title,,,,,,,,TANK-TOP-MEN-WOMEN-BC-0572-DEFAULT-TITLE,0.0,shopify,continue,manual,35.00,,true,true,,,,,,https://cdn.shopify.com/s/files/1/0894/7436/7766/files/xhs_tank_top_0028_171877f8-5dfc-4146-8fb8-f8539209fb24.jpg?v=1749831555,1,,false,,,,,,,,,,,,lb,,,true,,,true,,,active
tank-top-men-women-bc-0571,Tank Top Men / Women- BC-0571,<p>Custom made Tank Top Men / Women- BC-0571 by Besu Customs.</p>,Besu Customs,Apparel & Accessories > Clothing > Activewear > Activewear Tops > Tank Tops,Tank top Women,Fitness / Gym Wear,true,Title,Default Title,,,,,,,,TANK-TOP-MEN-WOMEN-BC-0571-DEFAULT-TITLE,0.0,shopify,continue,manual,35.00,,true,true,,,,,,https://cdn.shopify.com/s/files/1/0894/7436/7766/files/xhs_tank_top_0031.jpg?v=1749831280,1,,false,,,,,,,,,,,,lb,,,true,,,true,,,active
tank-top-men-women-bc-0570,Tank Top Men / Women- BC-0570,<p>Custom made Tank Top Men / Women- BC-0570 by Besu Customs.</p>,Besu Customs,Apparel & Accessories > Clothing > Activewear > Activewear Tops > Tank Tops,Tank top Women,Fitness / Gym Wear,true,Title,Default Title,,,,,,,,TANK-TOP-MEN-WOMEN-BC-0570-DEFAULT-TITLE,0.0,shopify,continue,manual,35.00,,true,true,,,,,,https://cdn.shopify.com/s/files/1/0894/7436/7766/files/xhs_tank_top_0030.jpg?v=1749831057,1,,false,,,,,,,,,,,,lb,,,true,,,true,,,active
tank-top-men-women-bc-0569,Tank Top Men / Women- BC-0569,<p>Custom made Tank Top Men / Women- BC-0569 by Besu Customs.</p>,Besu Customs,Apparel & Accessories > Clothing > Activewear > Activewear Tops > Tank Tops,Tank top Women,Fitness / Gym Wear,true,Title,Default Title,,,,,,,,TANK-TOP-MEN-WOMEN-BC-0569-DEFAULT-TITLE,0.0,shopify,continue,manual,35.00,,true,true,,,,,,https://cdn.shopify.com/s/files/1/0894/7436/7766/files/xhs_tank_top_0029.jpg?v=1749830890,1,,false,,,,,,,,,,,,lb,,,true,,,true,,,active
tank-top-men-women-bc-0568,Tank Top Men / Women- BC-0568,<p>Custom made Tank Top Men / Women- BC-0568 by Besu Customs.</p>,Besu Customs,Apparel & Accessories > Clothing > Activewear > Activewear Tops > Tank Tops,Tank top Women,Fitness / Gym Wear,true,Title,Default Title,,,,,,,,TANK-TOP-MEN-WOMEN-BC-0568-DEFAULT-TITLE,0.0,shopify,continue,manual,35.00,,true,true,,,,,,https://cdn.shopify.com/s/files/1/0894/7436/7766/files/xhs_tank_top_0028.jpg?v=1749830682,1,,false,,,,,,,,,,,,lb,,,true,,,true,,,active
tank-top-men-women-bc-0567,Tank Top Men / Women- BC-0567,<p>Custom made Tank Top Men / Women- BC-0567 by Besu Customs.</p>,Besu Customs,Apparel & Accessories > Clothing > Activewear > Activewear Tops > Tank Tops,Tank top Women,Fitness / Gym Wear,true,Title,Default Title,,,,,,,,TANK-TOP-MEN-WOMEN-BC-0567-DEFAULT-TITLE,0.0,shopify,continue,manual,35.00,,true,true,,,,,,https://cdn.shopify.com/s/files/1/0894/7436/7766/files/xhs_tank_top_0027.jpg?v=1749830440,1,,false,,,,,,,,,,,,lb,,,true,,,true,,,active
tank-top-men-women-bc-0566,Tank Top Men / Women- BC-0566,<p>Custom made Tank Top Men / Women- BC-0566 by Besu Customs.</p>,Besu Customs,Apparel & Accessories > Clothing > Activewear > Activewear Tops > Tank Tops,Tank top Men,Fitness / Gym Wear,true,Title,Default Title,,,,,,,,TANK-TOP-MEN-WOMEN-BC-0566-DEFAULT-TITLE,0.0,shopify,continue,manual,35.00,,true,true,,,,,,https://cdn.shopify.com/s/files/1/0894/7436/7766/files/xhs_tank_top_0026.jpg?v=1749830167,1,,false,,,,,,,,,,,,lb,,,true,,,true,,,active
tank-top-men-women-bc-0565,Tank Top Men / Women- BC-0565,<p>Custom made Tank Top Men / Women- BC-0565 by Besu Customs.</p>,Besu Customs,Apparel & Accessories > Clothing > Activewear > Activewear Tops > Tank Tops,Tank top Women,Fitness / Gym Wear,true,Title,Default Title,,,,,,,,TANK-TOP-MEN-WOMEN-BC-0565-DEFAULT-TITLE,0.0,shopify,continue,manual,35.00,,true,true,,,,,,https://cdn.shopify.com/s/files/1/0894/7436/7766/files/xhs_tank_top_0025.jpg?v=1749743751,1,,false,,,,,,,,,,,,lb,,,true,,,true,,,active
tank-top-men-women-bc-0564,Tank Top Men / Women- BC-0564,<p>Custom made Tank Top Men / Women- BC-0564 by Besu Customs.</p>,Besu Customs,Apparel & Accessories > Clothing > Activewear > Activewear Tops > Tank Tops,Tank top Men,Fitness / Gym Wear,true,Title,Default Title,,,,,,,,TANK-TOP-MEN-WOMEN-BC-0564-DEFAULT-TITLE,0.0,shopify,continue,manual,35.00,,true,true,,,,,,https://cdn.shopify.com/s/files/1/0894/7436/7766/files/xhs_tank_top_0024.jpg?v=1749743348,1,,false,,,,,,,,,,,,lb,,,true,,,true,,,active
tank-top-men-women-bc-0563,Tank Top Men / Women- BC-0563,<p>Custom made Tank Top Men / Women- BC-0563 by Besu Customs.</p>,Besu Customs,Apparel & Accessories > Clothing > Activewear > Activewear Tops > Tank Tops,Tank top Women,Fitness / Gym Wear,true,Title,Default Title,,,,,,,,TANK-TOP-MEN-WOMEN-BC-0563-DEFAULT-TITLE,0.0,shopify,continue,manual,35.00,,true,true,,,,,,https://cdn.shopify.com/s/files/1/0894/7436/7766/files/xhs_tank_top_0023.jpg?v=1749176084,1,,false,,,,,,,,,,,,lb,,,true,,,true,,,active
tank-top-men-women-bc-0562,Tank Top Men / Women- BC-0562,<p>Custom made Tank Top Men / Women- BC-0562 by Besu Customs.</p>,Besu Customs,Apparel & Accessories > Clothing > Activewear > Activewear Tops > Tank Tops,Tank top Women,Fitness / Gym Wear,true,Title,Default Title,,,,,,,,TANK-TOP-MEN-WOMEN-BC-0562-DEFAULT-TITLE,0.0,shopify,continue,manual,35.00,,true,true,,,,,,https://cdn.shopify.com/s/files/1/0894/7436/7766/files/xhs_tank_top_0022.jpg?v=1749175937,1,,false,,,,,,,,,,,,lb,,,true,,,true,,,active
tank-top-men-women-bc-0561,Tank Top Men / Women- BC-0561,<p>Custom made Tank Top Men / Women- BC-0561 by Besu Customs.</p>,Besu Customs,Apparel & Accessories > Clothing > Activewear > Activewear Tops > Tank Tops,Tank top Men,Fitness / Gym Wear,true,Title,Default Title,,,,,,,,TANK-TOP-MEN-WOMEN-BC-0561-DEFAULT-TITLE,0.0,shopify,continue,manual,35.00,,true,true,,,,,,https://cdn.shopify.com/s/files/1/0894/7436/7766/files/xhs_tank_top_0021.jpg?v=1749175684,1,,false,,,,,,,,,,,,lb,,,true,,,true,,,active
tank-top-men-women-bc-0560,Tank Top Men / Women- BC-0560,<p>Custom made Tank Top Men / Women- BC-0560 by Besu Customs.</p>,Besu Customs,Apparel & Accessories > Clothing > Activewear > Activewear Tops > Tank Tops,Tank top Men,Fitness / Gym Wear,true,Title,Default Title,,,,,,,,TANK-TOP-MEN-WOMEN-BC-0560-DEFAULT-TITLE,0.0,shopify,continue,manual,35.00,,true,true,,,,,,https://cdn.shopify.com/s/files/1/0894/7436/7766/files/xhs_tank_top_0020.png?v=1749175470,1,,false,,,,,,,,,,,,lb,,,true,,,true,,,active
tank-top-men-women-bc-0559,Tank Top Men / Women- BC-0559,<p>Custom made Tank Top Men / Women- BC-0559 by Besu Customs.</p>,Besu Customs,Apparel & Accessories > Clothing > Activewear > Activewear Tops > Tank Tops,Tank top Women,Fitness / Gym Wear,true,Title,Default Title,,,,,,,,TANK-TOP-MEN-WOMEN-BC-0559-DEFAULT-TITLE,0.0,shopify,continue,manual,35.00,,true,true,,,,,,https://cdn.shopify.com/s/files/1/0894/7436/7766/files/xhs_tank_top_0019.jpg?v=1749175066,1,,false,,,,,,,,,,,,lb,,,true,,,true,,,active
tank-top-men-women-bc-0558,Tank Top Men / Women- BC-0558,<p>Custom made Tank Top Men / Women- BC-0558 by Besu Customs.</p>,Besu Customs,Apparel & Accessories > Clothing > Activewear > Activewear Tops > Tank Tops,Tank top Women,Fitness / Gym Wear,true,Title,Default Title,,,,,,,,TANK-TOP-MEN-WOMEN-BC-0558-DEFAULT-TITLE,0.0,shopify,continue,manual,35.00,,true,true,,,,,,https://cdn.shopify.com/s/files/1/0894/7436/7766/files/xhs_tank_top_0018.jpg?v=1749165275,1,,false,,,,,,,,,,,,lb,,,true,,,true,,,active
tank-top-men-women-bc-0557,Tank Top Men / Women- BC-0557,<p>Custom made Tank Top Men / Women- BC-0557 by Besu Customs.</p>,Besu Customs,Apparel & Accessories > Clothing > Activewear > Activewear Tops > Tank Tops,Tank top Women,Fitness / Gym Wear,true,Title,Default Title,,,,,,,,TANK-TOP-MEN-WOMEN-BC-0557-DEFAULT-TITLE,0.0,shopify,continue,manual,35.00,,true,true,,,,,,https://cdn.shopify.com/s/files/1/0894/7436/7766/files/xhs_tank_top_0017.jpg?v=1749142960,1,,false,,,,,,,,,,,,lb,,,true,,,true,,,active
tank-top-men-women-bc-0555,Tank Top Men / Women- BC-0555,<p>Custom made Tank Top Men / Women- BC-0555 by Besu Customs.</p>,Besu Customs,Apparel & Accessories > Clothing > Activewear > Activewear Tops > Tank Tops,Tank top Women,Fitness / Gym Wear,true,Title,Default Title,,,,,,,,TANK-TOP-MEN-WOMEN-BC-0555-DEFAULT-TITLE,0.0,shopify,continue,manual,35.00,,true,true,,,,,,https://cdn.shopify.com/s/files/1/0894/7436/7766/files/xhs_tank_top_0015.jpg?v=1749142799,1,,false,,,,,,,,,,,,lb,,,true,,,true,,,active
tank-top-men-women-bc-0554,Tank Top Men / Women- BC-0554,<p>Custom made Tank Top Men / Women- BC-0554 by Besu Customs.</p>,Besu Customs,Apparel & Accessories > Clothing > Clothing Tops > Tank Tops,Tank top Men,Fitness / Gym Wear,true,Title,Default Title,,,,,,,,TANK-TOP-MEN-WOMEN-BC-0554-DEFAULT-TITLE,0.0,shopify,continue,manual,35.00,,true,true,,,,,,https://cdn.shopify.com/s/files/1/0894/7436/7766/files/xhs_tank_top_0014.jpg?v=1749142370,1,,false,,,,,,,,,,,,lb,,,true,,,true,,,active
tank-top-men-women-bc-0552,Tank Top Men / Women- BC-0552,<p>Custom made Tank Top Men / Women- BC-0552 by Besu Customs.</p>,Besu Customs,Apparel & Accessories > Clothing > Clothing Tops > Tank Tops,Tank top Men,Fitness / Gym Wear,true,Title,Default Title,,,,,,,,TANK-TOP-MEN-WOMEN-BC-0552-DEFAULT-TITLE,0.0,shopify,continue,manual,35.00,,true,true,,,,,,https://cdn.shopify.com/s/files/1/0894/7436/7766/files/xhs_tank_top_0012.jpg?v=1749141712,1,,false,,,,,,,,,,,,lb,,,true,,,true,,,active
tank-top-men-women-bc-0551,Tank Top Men / Women- BC-0551,<p>Custom made Tank Top Men / Women- BC-0551 by Besu Customs.</p>,Besu Customs,Apparel & Accessories > Clothing > Activewear > Activewear Tops > Tank Tops,Tank top Women,Fitness / Gym Wear,true,Title,Default Title,,,,,,,,TANK-TOP-MEN-WOMEN-BC-0551-DEFAULT-TITLE,0.0,shopify,continue,manual,35.00,,true,true,,,,,,https://cdn.shopify.com/s/files/1/0894/7436/7766/files/xhs_tank_top_0011.jpg?v=1749082465,1,,false,,,,,,,,,,,,lb,,,true,,,true,,,active
tank-top-men-women-bc-0549,Tank Top Men / Women- BC-0549,<p>Custom made Tank Top Men / Women- BC-0549 by Besu Customs.</p>,Besu Customs,Apparel & Accessories > Clothing > Activewear > Activewear Tops > Tank Tops,Tank top Men,Fitness / Gym Wear,true,Title,Default Title,,,,,,,,TANK-TOP-MEN-WOMEN-BC-0549-DEFAULT-TITLE,0.0,shopify,continue,manual,35.00,,true,true,,,,,,https://cdn.shopify.com/s/files/1/0894/7436/7766/files/xhs_tank_top_009.jpg?v=1749082272,1,,false,,,,,,,,,,,,lb,,,true,,,true,,,active
tank-top-men-women-bc-0548,Tank Top Men / Women- BC-0548,<p>Custom made Tank Top Men / Women- BC-0548 by Besu Customs.</p>,Besu Customs,Apparel & Accessories > Clothing > Activewear > Activewear Tops > Tank Tops,Tank top Men,Fitness / Gym Wear,true,Title,Default Title,,,,,,,,TANK-TOP-MEN-WOMEN-BC-0548-DEFAULT-TITLE,0.0,shopify,continue,manual,35.00,,true,true,,,,,,https://cdn.shopify.com/s/files/1/0894/7436/7766/files/xhs_tank_top_008.jpg?v=1749081973,1,,false,,,,,,,,,,,,lb,,,true,,,true,,,active
tank-top-men-women-bc-0547,Tank Top Men / Women- BC-0547,<p>Custom made Tank Top Men / Women- BC-0547 by Besu Customs.</p>,Besu Customs,Apparel & Accessories > Clothing > Activewear > Activewear Tops > Tank Tops,Tank top Women,Fitness / Gym Wear,true,Title,Default Title,,,,,,,,TANK-TOP-MEN-WOMEN-BC-0547-DEFAULT-TITLE,0.0,shopify,continue,manual,35.00,,true,true,,,,,,https://cdn.shopify.com/s/files/1/0894/7436/7766/files/xhs_tank_top_007.png?v=1749081425,1,,false,,,,,,,,,,,,lb,,,true,,,true,,,active
tank-top-men-women-bc-0545,Tank Top Men / Women- BC-0545,<p>Custom made Tank Top Men / Women- BC-0545 by Besu Customs.</p>,Besu Customs,Apparel & Accessories > Clothing > Activewear > Activewear Tops > Tank Tops,Tank top Women,Fitness / Gym Wear,true,Title,Default Title,,,,,,,,TANK-TOP-MEN-WOMEN-BC-0545-DEFAULT-TITLE,0.0,shopify,continue,manual,35.00,,true,true,,,,,,https://cdn.shopify.com/s/files/1/0894/7436/7766/files/xhs_tank_top_005.png?v=1749081087,1,,false,,,,,,,,,,,,lb,,,true,,,true,,,active
tank-top-men-women-bc-544,Tank Top Men / Women- BC-0544,<p>Custom made Tank Top Men / Women- BC-0544 by Besu Customs.</p>,Besu Customs,Apparel & Accessories > Clothing > Clothing Tops > Tank Tops,Tank top Women,Fitness / Gym Wear,true,Title,Default Title,,,,,,,,TANK-TOP-MEN-WOMEN-BC-544-DEFAULT-TITLE,0.0,shopify,continue,manual,35.00,,true,true,,,,,,https://cdn.shopify.com/s/files/1/0894/7436/7766/files/xhs_tank_top_004_db2000a1-f351-4882-9dc1-6c16ff827a38.jpg?v=1749080801,1,,false,,,,,,,,,,,,lb,,,true,,,true,,,active
tank-top-men-women-bc-543,Tank Top Men / Women- BC-0543,<p>Custom made Tank Top Men / Women- BC-0543 by Besu Customs.</p>,Besu Customs,Apparel & Accessories > Clothing > Activewear > Activewear Tops > Tank Tops,Tank top Men,Fitness / Gym Wear,true,Title,Default Title,,,,,,,,TANK-TOP-MEN-WOMEN-BC-543-DEFAULT-TITLE,0.0,shopify,continue,manual,35.00,,true,true,,,,,,https://cdn.shopify.com/s/files/1/0894/7436/7766/files/xhs_tank_top_003_fa4416e4-d89a-4125-a4b3-91a17e2ef06b.png?v=1749079482,1,,false,,,,,,,,,,,,lb,,,true,,,true,,,active
tank-top-men-women-bc-542,Tank Top Men / Women- BC-0542,<p>Custom made Tank Top Men / Women- BC-0542 by Besu Customs.</p>,Besu Customs,Apparel & Accessories > Clothing > Activewear > Activewear Tops > Tank Tops,Tank top Women,Fitness / Gym Wear,true,Title,Default Title,,,,,,,,TANK-TOP-MEN-WOMEN-BC-542-DEFAULT-TITLE,0.0,shopify,continue,manual,35.00,,true,true,,,,,,https://cdn.shopify.com/s/files/1/0894/7436/7766/files/xhs_tank_top_002_7fc1c8d7-b07a-4cbb-84c4-580e345748df.jpg?v=1749079327,1,,false,,,,,,,,,,,,lb,,,true,,,true,,,active
volleyball-uniform-bc-0664,Volleyball Uniform- BC-0664,<p>Custom made Volleyball Uniform- BC-0664 by Besu Customs.</p>,Besu Customs,Apparel & Accessories > Clothing > Uniforms & Workwear > Sports Uniforms,Volleyball shirt,Volleyball Uniform,true,Title,Default Title,,,,,,,,VOLLEYBALL-UNIFORM-BC-0664-DEFAULT-TITLE,0.0,shopify,continue,manual,65.00,,true,true,,,,,,https://cdn.shopify.com/s/files/1/0894/7436/7766/files/xhs_vollyb_sign_0017.jpg?v=1749079012,1,,false,,,,,,,,,,,,lb,,,true,,,true,,,active
volleyball-uniform-bc-0663,Volleyball Uniform- BC-0663,<p>Custom made Volleyball Uniform- BC-0663 by Besu Customs.</p>,Besu Customs,Apparel & Accessories > Clothing > Uniforms & Workwear > Sports Uniforms,Volleyball shirt,Volleyball Uniform,true,Title,Default Title,,,,,,,,VOLLEYBALL-UNIFORM-BC-0663-DEFAULT-TITLE,0.0,shopify,continue,manual,65.00,,true,true,,,,,,https://cdn.shopify.com/s/files/1/0894/7436/7766/files/xhs_vollyb_sign_0016.jpg?v=1749078715,1,,false,,,,,,,,,,,,lb,,,true,,,true,,,active
volleyball-uniform-bc-0662,Volleyball Uniform- BC-0662,<p>Custom made Volleyball Uniform- BC-0662 by Besu Customs.</p>,Besu Customs,Apparel & Accessories > Clothing > Uniforms & Workwear > Sports Uniforms,Volleyball shirt,Volleyball Uniform,true,Title,Default Title,,,,,,,,VOLLEYBALL-UNIFORM-BC-0662-DEFAULT-TITLE,0.0,shopify,continue,manual,65.00,,true,true,,,,,,https://cdn.shopify.com/s/files/1/0894/7436/7766/files/xhs_vollyb_sign_0015.jpg?v=1749078546,1,,false,,,,,,,,,,,,lb,,,true,,,true,,,active
volleyball-uniform-bc-0661,Volleyball Uniform- BC-0661,<p>Custom made Volleyball Uniform- BC-0661 by Besu Customs.</p>,Besu Customs,Apparel & Accessories > Clothing > Uniforms & Workwear > Sports Uniforms,Volleyball shirt,Volleyball Uniform,true,Title,Default Title,,,,,,,,VOLLEYBALL-UNIFORM-BC-0661-DEFAULT-TITLE,0.0,shopify,continue,manual,65.00,,true,true,,,,,,https://cdn.shopify.com/s/files/1/0894/7436/7766/files/xhs_vollyb_sign_0014.jpg?v=1748964274,1,,false,,,,,,,,,,,,lb,,,true,,,true,,,active
volleyball-uniform-bc-0660,Volleyball Uniform- BC-0660,<p>Custom made Volleyball Uniform- BC-0660 by Besu Customs.</p>,Besu Customs,Apparel & Accessories > Clothing > Uniforms & Workwear > Sports Uniforms,Volleyball shirt,Volleyball Uniform,true,Title,Default Title,,,,,,,,VOLLEYBALL-UNIFORM-BC-0660-DEFAULT-TITLE,0.0,shopify,continue,manual,65.00,,true,true,,,,,,https://cdn.shopify.com/s/files/1/0894/7436/7766/files/xhs_vollyb_sign_0013.jpg?v=1748901734,1,,false,,,,,,,,,,,,lb,,,true,,,true,,,active
volleyball-uniform-bc-0659,Volleyball Uniform- BC-0659,<p>Custom made Volleyball Uniform- BC-0659 by Besu Customs.</p>,Besu Customs,Apparel & Accessories > Clothing > Uniforms & Workwear > Sports Uniforms,Volleyball shirt,Volleyball Uniform,true,Title,Default Title,,,,,,,,VOLLEYBALL-UNIFORM-BC-0659-DEFAULT-TITLE,0.0,shopify,continue,manual,65.00,,true,true,,,,,,https://cdn.shopify.com/s/files/1/0894/7436/7766/files/xhs_vollyb_sign_0012.jpg?v=1748900721,1,,false,,,,,,,,,,,,lb,,,true,,,true,,,active
volleyball-uniform-bc-0658,Volleyball Uniform- BC-0658,<p>Custom made Volleyball Uniform- BC-0658 by Besu Customs.</p>,Besu Customs,Apparel & Accessories > Clothing > Uniforms & Workwear > Sports Uniforms,Volleyball shirt,Volleyball Uniform,true,Title,Default Title,,,,,,,,VOLLEYBALL-UNIFORM-BC-0658-DEFAULT-TITLE,0.0,shopify,continue,manual,65.00,,true,true,,,,,,https://cdn.shopify.com/s/files/1/0894/7436/7766/files/xhs_vollyb_sign_0011.jpg?v=1748900396,1,,false,,,,,,,,,,,,lb,,,true,,,true,,,active
volleyball-uniform-bc-0657,Volleyball Uniform- BC-0657,<p>Custom made Volleyball Uniform- BC-0657 by Besu Customs.</p>,Besu Customs,Apparel & Accessories > Clothing > Uniforms & Workwear > Sports Uniforms,Volleyball shirt,Volleyball Uniform,true,Title,Default Title,,,,,,,,VOLLEYBALL-UNIFORM-BC-0657-DEFAULT-TITLE,0.0,shopify,continue,manual,65.00,,true,true,,,,,,https://cdn.shopify.com/s/files/1/0894/7436/7766/files/xhs_vollyb_sign_0010.jpg?v=1748899998,1,,false,,,,,,,,,,,,lb,,,true,,,true,,,active
volleyball-uniform-bc-0656,Volleyball Uniform- BC-0656,<p>Custom made Volleyball Uniform- BC-0656 by Besu Customs.</p>,Besu Customs,Apparel & Accessories > Clothing > Uniforms & Workwear > Sports Uniforms,Volleyball pants,Volleyball Uniform,true,Title,Default Title,,,,,,,,VOLLEYBALL-UNIFORM-BC-0656-DEFAULT-TITLE,0.0,shopify,continue,manual,65.00,,true,true,,,,,,https://cdn.shopify.com/s/files/1/0894/7436/7766/files/xhs_vollyb_sign_009.jpg?v=1748899722,1,,false,,,,,,,,,,,,lb,,,true,,,true,,,active
volleyball-uniform-bc-0655,Volleyball Uniform- BC-0655,<p>Custom made Volleyball Uniform- BC-0655 by Besu Customs.</p>,Besu Customs,Apparel & Accessories > Clothing > Uniforms & Workwear > Sports Uniforms,Volleyball pants,Volleyball Uniform,true,Title,Default Title,,,,,,,,VOLLEYBALL-UNIFORM-BC-0655-DEFAULT-TITLE,0.0,shopify,continue,manual,65.00,,true,true,,,,,,https://cdn.shopify.com/s/files/1/0894/7436/7766/files/xhs_vollyb_sign_008.jpg?v=1748569140,1,,false,,,,,,,,,,,,lb,,,true,,,true,,,active
volleyball-uniform-bc-0654,Volleyball Uniform- BC-0654,<p>Custom made Volleyball Uniform- BC-0654 by Besu Customs.</p>,Besu Customs,Apparel & Accessories > Clothing > Uniforms & Workwear > Sports Uniforms,Volleyball pants,Volleyball Uniform,true,Title,Default Title,,,,,,,,VOLLEYBALL-UNIFORM-BC-0654-DEFAULT-TITLE,0.0,shopify,continue,manual,65.00,,true,true,,,,,,https://cdn.shopify.com/s/files/1/0894/7436/7766/files/xhs_vollyb_sign_007.jpg?v=1748568546,1,,false,,,,,,,,,,,,lb,,,true,,,true,,,active
volleyball-uniform-bc-0653,Volleyball Uniform- BC-0653,<p>Custom made Volleyball Uniform- BC-0653 by Besu Customs.</p>,Besu Customs,Apparel & Accessories > Clothing > Uniforms & Workwear > Sports Uniforms,Volleyball pants,Volleyball Uniform,true,Title,Default Title,,,,,,,,VOLLEYBALL-UNIFORM-BC-0653-DEFAULT-TITLE,0.0,shopify,continue,manual,65.00,,true,true,,,,,,https://cdn.shopify.com/s/files/1/0894/7436/7766/files/xhs_vollyb_sign_006.jpg?v=1748568367,1,,false,,,,,,,,,,,,lb,,,true,,,true,,,active
volleyball-uniform-bc-0652,Volleyball Uniform- BC-0652,<p>Custom made Volleyball Uniform- BC-0652 by Besu Customs.</p>,Besu Customs,Apparel & Accessories > Clothing > Uniforms & Workwear > Sports Uniforms,Volleyball pants,Volleyball Uniform,true,Title,Default Title,,,,,,,,VOLLEYBALL-UNIFORM-BC-0652-DEFAULT-TITLE,0.0,shopify,continue,manual,65.00,,true,true,,,,,,https://cdn.shopify.com/s/files/1/0894/7436/7766/files/xhs_vollyb_sign_005.jpg?v=1748568105,1,,false,,,,,,,,,,,,lb,,,true,,,true,,,active
volleyball-uniform-bc-0651,Volleyball Uniform- BC-0651,<p>Custom made Volleyball Uniform- BC-0651 by Besu Customs.</p>,Besu Customs,Apparel & Accessories > Clothing > Uniforms & Workwear > Sports Uniforms,Volleyball pants,Volleyball Uniform,true,Title,Default Title,,,,,,,,VOLLEYBALL-UNIFORM-BC-0651-DEFAULT-TITLE,0.0,shopify,continue,manual,65.00,,true,true,,,,,,https://cdn.shopify.com/s/files/1/0894/7436/7766/files/xhs_vollyb_sign_004.jpg?v=1748567929,1,,false,,,,,,,,,,,,lb,,,true,,,true,,,active
volleyball-uniform-bc-0650,Volleyball Uniform- BC-0650,<p>Custom made Volleyball Uniform- BC-0650 by Besu Customs.</p>,Besu Customs,Apparel & Accessories > Clothing > Uniforms & Workwear > Sports Uniforms,Volleyball pants,Volleyball Uniform,true,Title,Default Title,,,,,,,,VOLLEYBALL-UNIFORM-BC-0650-DEFAULT-TITLE,0.0,shopify,continue,manual,65.00,,true,true,,,,,,https://cdn.shopify.com/s/files/1/0894/7436/7766/files/xhs_vollyb_sign_003.jpg?v=1748566373,1,,false,,,,,,,,,,,,lb,,,true,,,true,,,active
volleyball-uniform-bc-0649,Volleyball Uniform-  BC-0649,<p>Custom made Volleyball Uniform-  BC-0649 by Besu Customs.</p>,Besu Customs,Apparel & Accessories > Clothing > Uniforms & Workwear > Sports Uniforms,Volleyball pants,Volleyball Uniform,true,Title,Default Title,,,,,,,,VOLLEYBALL-UNIFORM-BC-0649-DEFAULT-TITLE,0.0,shopify,continue,manual,65.00,,true,true,,,,,,https://cdn.shopify.com/s/files/1/0894/7436/7766/files/xhs_vollyb_sign_002.jpg?v=1748566236,1,,false,,,,,,,,,,,,lb,,,true,,,true,,,active
volleyball-uniform-bc-0648,Volleyball Uniform- BC-0648,<p>Custom made Volleyball Uniform- BC-0648 by Besu Customs.</p>,Besu Customs,Apparel & Accessories > Clothing > Uniforms & Workwear > Sports Uniforms,Volleyball pants,Volleyball Uniforms,true,Title,Default Title,,,,,,,,VOLLEYBALL-UNIFORM-BC-0648-DEFAULT-TITLE,0.0,shopify,continue,manual,65.00,,true,true,,,,,,https://cdn.shopify.com/s/files/1/0894/7436/7766/files/xhs_vollyb_sign_001.jpg?v=1748565900,1,,false,,,,,,,,,,,,lb,,,true,,,true,,,active
tennis-uniform-bc-0757,Tennis Uniform- BC-0757,<p>Custom made Tennis Uniform- BC-0757 by Besu Customs.</p>,Besu Customs,Apparel & Accessories > Clothing > Uniforms & Workwear > Sports Uniforms,Tennis skirt,Tennis Uniform,true,Title,Default Title,,,,,,,,TENNIS-UNIFORM-BC-0757-DEFAULT-TITLE,0.0,shopify,continue,manual,65.00,,true,true,,,,,,https://cdn.shopify.com/s/files/1/0894/7436/7766/files/xhs_tennis_uni_0029.jpg?v=1748562614,1,,false,,,,,,,,,,,,lb,,,true,,,true,,,active
tennis-uniform-bc-0756,Tennis Uniform- BC-0756,<p>Custom made Tennis Uniform- BC-0756 by Besu Customs.</p>,Besu Customs,Uncategorized,Tennis skirt,Tennis Uniform,true,Title,Default Title,,,,,,,,TENNIS-UNIFORM-BC-0756-DEFAULT-TITLE,0.0,shopify,continue,manual,65.00,,true,true,,,,,,https://cdn.shopify.com/s/files/1/0894/7436/7766/files/xhs_tennis_uni_0028.jpg?v=1748558650,1,,false,,,,,,,,,,,,lb,,,true,,,true,,,active
tennis-uniform-bc-0755,Tennis Uniform- BC-0755,<p>Custom made Tennis Uniform- BC-0755 by Besu Customs.</p>,Besu Customs,Apparel & Accessories > Clothing > Uniforms & Workwear > Sports Uniforms,Tennis shirt,Tennis Uniform,true,Title,Default Title,,,,,,,,TENNIS-UNIFORM-BC-0755-DEFAULT-TITLE,0.0,shopify,continue,manual,65.00,,true,true,,,,,,https://cdn.shopify.com/s/files/1/0894/7436/7766/files/xhs_tennis_uni_0027.jpg?v=1748557358,1,,false,,,,,,,,,,,,lb,,,true,,,true,,,active
tennis-uniform-bc-0754,Tennis Uniform- BC-0754,<p>Custom made Tennis Uniform- BC-0754 by Besu Customs.</p>,Besu Customs,Apparel & Accessories > Clothing > Activewear > Activewear Pants > Shorts,tennis shorts,Tennis Uniform,true,Title,Default Title,,,,,,,,TENNIS-UNIFORM-BC-0754-DEFAULT-TITLE,0.0,shopify,continue,manual,65.00,,true,true,,,,,,https://cdn.shopify.com/s/files/1/0894/7436/7766/files/xhs_tennis_uni_0026.jpg?v=1748556908,1,,false,,,,,,,,,,,,lb,,,true,,,true,,,active
tennis-uniform-bc-0753,Tennis Uniform- BC-0753,<p>Custom made Tennis Uniform- BC-0753 by Besu Customs.</p>,Besu Customs,Apparel & Accessories > Clothing > Uniforms & Workwear > Sports Uniforms,Tennis shirt,Tennis Uniform,true,Title,Default Title,,,,,,,,TENNIS-UNIFORM-BC-0753-DEFAULT-TITLE,0.0,shopify,continue,manual,65.00,,true,true,,,,,,https://cdn.shopify.com/s/files/1/0894/7436/7766/files/xhs_tennis_uni_0025.jpg?v=1748556555,1,,false,,,,,,,,,,,,lb,,,true,,,true,,,active
tennis-uniform-bc-0752,Tennis Uniform- BC-0752,<p>Custom made Tennis Uniform- BC-0752 by Besu Customs.</p>,Besu Customs,Apparel & Accessories > Clothing > Uniforms & Workwear > Sports Uniforms,Tennis blouses,Tennis Uniform,true,Title,Default Title,,,,,,,,TENNIS-UNIFORM-BC-0752-DEFAULT-TITLE,0.0,shopify,continue,manual,65.00,,true,true,,,,,,https://cdn.shopify.com/s/files/1/0894/7436/7766/files/xhs_tennis_uni_0024.jpg?v=1748556200,1,,false,,,,,,,,,,,,lb,,,true,,,true,,,active
tennis-uniform-bc-0751,Tennis Uniform- BC-0751,<p>Custom made Tennis Uniform- BC-0751 by Besu Customs.</p>,Besu Customs,Apparel & Accessories > Clothing > Uniforms & Workwear > Sports Uniforms,Tennis shirt,Tennis Uniform,true,Title,Default Title,,,,,,,,TENNIS-UNIFORM-BC-0751-DEFAULT-TITLE,0.0,shopify,continue,manual,65.00,,true,true,,,,,,https://cdn.shopify.com/s/files/1/0894/7436/7766/files/xhs_tennis_uni_0023.jpg?v=1748555834,1,,false,,,,,,,,,,,,lb,,,true,,,true,,,active
tennis-uniform-bc-0750,Tennis Uniform- BC-0750,<p>Custom made Tennis Uniform- BC-0750 by Besu Customs.</p>,Besu Customs,Apparel & Accessories > Clothing > Uniforms & Workwear > Sports Uniforms,Tennis uniform,Tennis Uniform,true,Title,Default Title,,,,,,,,TENNIS-UNIFORM-BC-0750-DEFAULT-TITLE,0.0,shopify,continue,manual,65.00,,true,true,,,,,,https://cdn.shopify.com/s/files/1/0894/7436/7766/files/xhs_tennis_uni_0022.jpg?v=1748555664,1,,false,,,,,,,,,,,,lb,,,true,,,true,,,active
tennis-uniform-product-code-bc-0749,Tennis Uniform- BC-0749,<p>Custom made Tennis Uniform- BC-0749 by Besu Customs.</p>,Besu Customs,Apparel & Accessories > Clothing > Activewear > Activewear Pants > Training Pants,Tennis pants,Tennis Uniform,true,Title,Default Title,,,,,,,,TENNIS-UNIFORM-PRODUCT-CODE-BC-0749-DEFAULT-TITL,0.0,shopify,continue,manual,65.00,,true,true,,,,,,https://cdn.shopify.com/s/files/1/0894/7436/7766/files/xhs_tennis_uni_0021.jpg?v=1748296473,1,,false,,,,,,,,,,,,lb,,,true,,,true,,,active
tennis-uniform-bc-0748,Tennis Uniform- BC-0748,<p>Custom made Tennis Uniform- BC-0748 by Besu Customs.</p>,Besu Customs,Apparel & Accessories > Clothing > Uniforms & Workwear > Sports Uniforms,Tennis shirt,Tennis Uniform,true,Title,Default Title,,,,,,,,TENNIS-UNIFORM-BC-0748-DEFAULT-TITLE,0.0,shopify,continue,manual,65.00,,true,true,,,,,,https://cdn.shopify.com/s/files/1/0894/7436/7766/files/xhs_tennis_uni_0020.jpg?v=1748295875,1,,false,,,,,,,,,,,,lb,,,true,,,true,,,active
tennis-uniform-bc-0747,Tennis Uniform- BC-0747,<p>Custom made Tennis Uniform- BC-0747 by Besu Customs.</p>,Besu Customs,Apparel & Accessories > Clothing > Skirts,Tennis skirt,Tennis Uniform,true,Title,Default Title,,,,,,,,TENNIS-UNIFORM-BC-0747-DEFAULT-TITLE,0.0,shopify,continue,manual,65.00,,true,true,,,,,,https://cdn.shopify.com/s/files/1/0894/7436/7766/files/xhs_tennis_uni_0019.jpg?v=1748295504,1,,false,,,,,,,,,,,,lb,,,true,,,true,,,active
tennis-uniform-bc-0746,Tennis Uniform- BC-0746,<p>Custom made Tennis Uniform- BC-0746 by Besu Customs.</p>,Besu Customs,Apparel & Accessories > Clothing > Uniforms & Workwear > Sports Uniforms,Tennis shirt,Tennis Uniform,true,Title,Default Title,,,,,,,,TENNIS-UNIFORM-BC-0746-DEFAULT-TITLE,0.0,shopify,continue,manual,65.00,,true,true,,,,,,https://cdn.shopify.com/s/files/1/0894/7436/7766/files/xhs_tennis_uni_0018.jpg?v=1748293877,1,,false,,,,,,,,,,,,lb,,,true,,,true,,,active
tennis-uniform-bc-0745,Tennis Uniform- BC-0745,<p>Custom made Tennis Uniform- BC-0745 by Besu Customs.</p>,Besu Customs,Apparel & Accessories > Clothing > Uniforms & Workwear > Sports Uniforms,Tennis blouses,Tennis Uniform,true,Title,Default Title,,,,,,,,TENNIS-UNIFORM-BC-0745-DEFAULT-TITLE,0.0,shopify,continue,manual,65.00,,true,true,,,,,,https://cdn.shopify.com/s/files/1/0894/7436/7766/files/xhs_tennis_uni_0017.jpg?v=1748293243,1,,false,,,,,,,,,,,,lb,,,true,,,true,,,active
tennis-uniform-bc-0744,Tennis Uniform- BC-0744,<p>Custom made Tennis Uniform- BC-0744 by Besu Customs.</p>,Besu Customs,Apparel & Accessories > Clothing > Uniforms & Workwear > Sports Uniforms,Tennis dress,Tennis Uniform,true,Title,Default Title,,,,,,,,TENNIS-UNIFORM-BC-0744-DEFAULT-TITLE,0.0,shopify,continue,manual,65.00,,true,true,,,,,,https://cdn.shopify.com/s/files/1/0894/7436/7766/files/xhs_tennis_uni_0016.jpg?v=1748292837,1,,false,,,,,,,,,,,,lb,,,true,,,true,,,active
tennis-uniform-bc-0743,Tennis Uniform- BC-0743,<p>Custom made Tennis Uniform- BC-0743 by Besu Customs.</p>,Besu Customs,Apparel & Accessories > Clothing > Uniforms & Workwear > Sports Uniforms,Tennis shirt,Tennis Uniform,true,Title,Default Title,,,,,,,,TENNIS-UNIFORM-BC-0743-DEFAULT-TITLE,0.0,shopify,continue,manual,65.00,,true,true,,,,,,https://cdn.shopify.com/s/files/1/0894/7436/7766/files/xhs_tennis_uni_0015.jpg?v=1748292191,1,,false,,,,,,,,,,,,lb,,,true,,,true,,,active
tennis-uniform-bc-0742,Tennis Uniform- BC-0742,<p>Custom made Tennis Uniform- BC-0742 by Besu Customs.</p>,Besu Customs,Apparel & Accessories > Clothing > Activewear > Activewear Pants > Shorts,tennis shorts,Tennis Uniform,true,Title,Default Title,,,,,,,,TENNIS-UNIFORM-BC-0742-DEFAULT-TITLE,0.0,shopify,continue,manual,65.00,,true,true,,,,,,https://cdn.shopify.com/s/files/1/0894/7436/7766/files/xhs_tennis_uni_0014.jpg?v=1748291798,1,,false,,,,,,,,,,,,lb,,,true,,,true,,,active
tennis-uniform-bc-0741,Tennis Uniform- BC-0741,<p>Custom made Tennis Uniform- BC-0741 by Besu Customs.</p>,Besu Customs,Apparel & Accessories > Clothing > Skorts,Tennis skirt,Tennis Uniform,true,Title,Default Title,,,,,,,,TENNIS-UNIFORM-BC-0741-DEFAULT-TITLE,0.0,shopify,continue,manual,65.00,,true,true,,,,,,https://cdn.shopify.com/s/files/1/0894/7436/7766/files/xhs_tennis_uni_0013.jpg?v=1748204637,1,,false,,,,,,,,,,,,lb,,,true,,,true,,,active
tennis-uniform-bc-0740,Tennis Uniform- BC-0740,<p>Custom made Tennis Uniform- BC-0740 by Besu Customs.</p>,Besu Customs,Apparel & Accessories > Clothing > Uniforms & Workwear > Sports Uniforms,Tennis shirt,Tennis Uniform,true,Title,Default Title,,,,,,,,TENNIS-UNIFORM-BC-0740-DEFAULT-TITLE,0.0,shopify,continue,manual,65.00,,true,true,,,,,,https://cdn.shopify.com/s/files/1/0894/7436/7766/files/xhs_tennis_uni_0012.jpg?v=1748204423,1,,false,,,,,,,,,,,,lb,,,true,,,true,,,active
tennis-uniform-bc-0739,Tennis Uniform- BC-0739,<p>Custom made Tennis Uniform- BC-0739 by Besu Customs.</p>,Besu Customs,Apparel & Accessories > Clothing > Activewear > Activewear Pants > Shorts,tennis shorts,Tennis Uniform,true,Title,Default Title,,,,,,,,TENNIS-UNIFORM-BC-0739-DEFAULT-TITLE,0.0,shopify,continue,manual,65.00,,true,true,,,,,,https://cdn.shopify.com/s/files/1/0894/7436/7766/files/xhs_tennis_uni_0011.jpg?v=1748120575,1,,false,,,,,,,,,,,,lb,,,true,,,true,,,active
tennis-uniform-bc-0738,Tennis Uniform- BC-0738,<p>Custom made Tennis Uniform- BC-0738 by Besu Customs.</p>,Besu Customs,Apparel & Accessories > Clothing > Uniforms & Workwear > Sports Uniforms,Tennis shirt,Tennis Uniform,true,Title,Default Title,,,,,,,,TENNIS-UNIFORM-BC-0738-DEFAULT-TITLE,0.0,shopify,continue,manual,65.00,,true,true,,,,,,https://cdn.shopify.com/s/files/1/0894/7436/7766/files/xhs_tennis_uni_0010.jpg?v=1748120120,1,,false,,,,,,,,,,,,lb,,,true,,,true,,,active
tennis-uniform-bc-0737,Tennis Uniform- BC-0737,<p>Custom made Tennis Uniform- BC-0737 by Besu Customs.</p>,Besu Customs,Apparel & Accessories > Clothing > Uniforms & Workwear > Sports Uniforms,Tennis t-shirt,Tennis Uniform,true,Title,Default Title,,,,,,,,TENNIS-UNIFORM-BC-0737-DEFAULT-TITLE,0.0,shopify,continue,manual,65.00,,true,true,,,,,,https://cdn.shopify.com/s/files/1/0894/7436/7766/files/xhs_tennis_uni_009.jpg?v=1748119522,1,,false,,,,,,,,,,,,lb,,,true,,,true,,,active
tennis-uniform-bc-0736,Tennis Uniform- BC-0736,<p>Custom made Tennis Uniform- BC-0736 by Besu Customs.</p>,Besu Customs,Apparel & Accessories > Clothing > Uniforms & Workwear > Sports Uniforms,Tennis t-shirt,Tennis Uniform,true,Title,Default Title,,,,,,,,TENNIS-UNIFORM-BC-0736-DEFAULT-TITLE,0.0,shopify,continue,manual,65.00,,true,true,,,,,,https://cdn.shopify.com/s/files/1/0894/7436/7766/files/xhs_tennis_uni_008.jpg?v=1748119173,1,,false,,,,,,,,,,,,lb,,,true,,,true,,,active
tennis-uniform-bc-0735,Tennis Uniform- BC-0735,<p>Custom made Tennis Uniform- BC-0735 by Besu Customs.</p>,Besu Customs,Apparel & Accessories > Clothing > Uniforms & Workwear > Sports Uniforms,Tennis skirt,Tennis Uniform,true,Title,Default Title,,,,,,,,TENNIS-UNIFORM-BC-0735-DEFAULT-TITLE,0.0,shopify,continue,manual,65.00,,true,true,,,,,,https://cdn.shopify.com/s/files/1/0894/7436/7766/files/xhs_tennis_uni_007.jpg?v=1748118946,1,,false,,,,,,,,,,,,lb,,,true,,,true,,,active
tennis-uniform-bc-0734,Tennis Uniform- BC-0734,<p>Custom made Tennis Uniform- BC-0734 by Besu Customs.</p>,Besu Customs,Apparel & Accessories > Clothing > Uniforms & Workwear > Sports Uniforms,Tennis t-shirt,Tennis Uniform,true,Title,Default Title,,,,,,,,TENNIS-UNIFORM-BC-0734-DEFAULT-TITLE,0.0,shopify,continue,manual,65.00,,true,true,,,,,,https://cdn.shopify.com/s/files/1/0894/7436/7766/files/xhs_tennis_uni_006.jpg?v=1748118072,1,,false,,,,,,,,,,,,lb,,,true,,,true,,,active
tennis-uniform-bc-0733,Tennis Uniform- BC-0733,<p>Custom made Tennis Uniform- BC-0733 by Besu Customs.</p>,Besu Customs,Apparel & Accessories > Clothing > Activewear > Activewear Tops > Tank Tops,Tennis blouses,Tennis Uniform,true,Title,Default Title,,,,,,,,TENNIS-UNIFORM-BC-0733-DEFAULT-TITLE,0.0,shopify,continue,manual,65.00,,true,true,,,,,,https://cdn.shopify.com/s/files/1/0894/7436/7766/files/xhs_tennis_uni_005.jpg?v=1748116433,1,,false,,,,,,,,,,,,lb,,,true,,,true,,,active
tennis-uniform-bc-0732,Tennis Uniform- BC-0732,<p>Custom made Tennis Uniform- BC-0732 by Besu Customs.</p>,Besu Customs,Uncategorized,Tennis pants,Tennis Uniform,true,Title,Default Title,,,,,,,,TENNIS-UNIFORM-BC-0732-DEFAULT-TITLE,0.0,shopify,continue,manual,65.00,,true,true,,,,,,https://cdn.shopify.com/s/files/1/0894/7436/7766/files/xhs_tennis_uni_004.jpg?v=1748116172,1,,false,,,,,,,,,,,,lb,,,true,,,true,,,active
tennis-uniform-bc-0731,Tennis Uniform- BC-0731,<p>Custom made Tennis Uniform- BC-0731 by Besu Customs.</p>,Besu Customs,Apparel & Accessories > Clothing > Activewear > Activewear Pants > Shorts,tennis shorts,Tennis Uniform,true,Title,Default Title,,,,,,,,TENNIS-UNIFORM-BC-0731-DEFAULT-TITLE,0.0,shopify,continue,manual,65.00,,true,true,,,,,,https://cdn.shopify.com/s/files/1/0894/7436/7766/files/xhs_tennis_uni_003.jpg?v=1748114486,1,,false,,,,,,,,,,,,lb,,,true,,,true,,,active
tennis-uniform-bc-0730,Tennis Uniform- BC-0730,<p>Custom made Tennis Uniform- BC-0730 by Besu Customs.</p>,Besu Customs,Apparel & Accessories > Clothing > Uniforms & Workwear > Sports Uniforms,Tennis t-shirt,Tennis Uniform,true,Title,Default Title,,,,,,,,TENNIS-UNIFORM-BC-0730-DEFAULT-TITLE,0.0,shopify,continue,manual,65.00,,true,true,,,,,,https://cdn.shopify.com/s/files/1/0894/7436/7766/files/xhs_tennis_uni_002.jpg?v=1748062343,1,,false,,,,,,,,,,,,lb,,,true,,,true,,,active
tennis-uniform-bc-0729,Tennis Uniform- BC-0729,<p>Custom made Tennis Uniform- BC-0729 by Besu Customs.</p>,Besu Customs,Apparel & Accessories > Clothing > Uniforms & Workwear > Sports Uniforms,Tennis skirt,Tennis Uniform,true,Title,Default Title,,,,,,,,TENNIS-UNIFORM-BC-0729-DEFAULT-TITLE,0.0,shopify,continue,manual,65.00,,true,true,,,,,,https://cdn.shopify.com/s/files/1/0894/7436/7766/files/xhs_tennis_uni_001.jpg?v=1748062110,1,,false,,,,,,,,,,,,lb,,,true,,,true,,,active
soccer-uniforms-bc-1200,Soccer Uniforms- BC-1200,<p>Custom made Soccer Uniforms- BC-1200 by Besu Customs.</p>,Besu Customs,Apparel & Accessories > Clothing > Uniforms & Workwear > Sports Uniforms,sports uniforms,Soccer Uniforms,true,Title,Default Title,,,,,,,,SOCCER-UNIFORMS-BC-1200-DEFAULT-TITLE,0.0,shopify,continue,manual,65.00,,true,true,,,,,,https://cdn.shopify.com/s/files/1/0894/7436/7766/files/10-4.jpg?v=1748061514,1,,false,,,,,,,,,,,,lb,,,true,,,true,,,active
soccer-uniforms-bc-1201,Soccer Uniforms- BC-1201,<p>Custom made Soccer Uniforms- BC-1201 by Besu Customs.</p>,Besu Customs,Apparel & Accessories > Clothing > Uniforms & Workwear > Sports Uniforms,sports uniforms,Soccer Uniforms,true,Title,Default Title,,,,,,,,SOCCER-UNIFORMS-BC-1201-DEFAULT-TITLE,0.0,shopify,continue,manual,65.00,,true,true,,,,,,https://cdn.shopify.com/s/files/1/0894/7436/7766/files/9-4.jpg?v=1748061386,1,,false,,,,,,,,,,,,lb,,,true,,,true,,,active
soccer-uniforms-bc-1091,Soccer Uniforms- BC-1091,<p>Custom made Soccer Uniforms- BC-1091 by Besu Customs.</p>,Besu Customs,Apparel & Accessories > Clothing > Uniforms & Workwear > Sports Uniforms,sports uniforms,Soccer Uniforms,true,Title,Default Title,,,,,,,,SOCCER-UNIFORMS-BC-1091-DEFAULT-TITLE,0.0,shopify,continue,manual,65.00,,true,true,,,,,,https://cdn.shopify.com/s/files/1/0894/7436/7766/files/8-4.jpg?v=1748061253,1,,false,,,,,,,,,,,,lb,,,true,,,true,,,active
soccer-uniforms-bc-1092,Soccer Uniforms- BC-1092,<p>Custom made Soccer Uniforms- BC-1092 by Besu Customs.</p>,Besu Customs,Apparel & Accessories > Clothing > Uniforms & Workwear > Sports Uniforms,sports uniforms,Soccer Uniforms,true,Title,Default Title,,,,,,,,SOCCER-UNIFORMS-BC-1092-DEFAULT-TITLE,0.0,shopify,continue,manual,65.00,,true,true,,,,,,https://cdn.shopify.com/s/files/1/0894/7436/7766/files/7-4.jpg?v=1748061067,1,,false,,,,,,,,,,,,lb,,,true,,,true,,,active
soccer-uniforms-bc-1093,Soccer Uniforms- BC-1093,<p>Custom made Soccer Uniforms- BC-1093 by Besu Customs.</p>,Besu Customs,Apparel & Accessories > Clothing > Uniforms & Workwear > Sports Uniforms,sports uniforms,Soccer Uniforms,true,Title,Default Title,,,,,,,,SOCCER-UNIFORMS-BC-1093-DEFAULT-TITLE,0.0,shopify,continue,manual,65.00,,true,true,,,,,,https://cdn.shopify.com/s/files/1/0894/7436/7766/files/6-3.jpg?v=1748060801,1,,false,,,,,,,,,,,,lb,,,true,,,true,,,active
soccer-uniforms-bc-1099,Soccer Uniforms- BC-1099,<p>Custom made Soccer Uniforms- BC-1099 by Besu Customs.</p>,Besu Customs,Apparel & Accessories > Clothing > Uniforms & Workwear > Sports Uniforms,sports uniforms,Soccer Uniforms,true,Title,Default Title,,,,,,,,SOCCER-UNIFORMS-BC-1099-DEFAULT-TITLE,0.0,shopify,continue,manual,65.00,,true,true,,,,,,https://cdn.shopify.com/s/files/1/0894/7436/7766/files/5-5.jpg?v=1748060552,1,,false,,,,,,,,,,,,lb,,,true,,,true,,,active
soccer-uniforms-bc-1098,Soccer Uniforms- BC-1098,<p>Custom made Soccer Uniforms- BC-1098 by Besu Customs.</p>,Besu Customs,Apparel & Accessories > Clothing > Uniforms & Workwear > Sports Uniforms,sports uniforms,Soccer Uniforms,true,Title,Default Title,,,,,,,,SOCCER-UNIFORMS-BC-1098-DEFAULT-TITLE,0.0,shopify,continue,manual,65.00,,true,true,,,,,,https://cdn.shopify.com/s/files/1/0894/7436/7766/files/4-4.jpg?v=1748060313,1,,false,,,,,,,,,,,,lb,,,true,,,true,,,active
soccer-uniforms-bc-1097,Soccer Uniforms- BC-1097,<p>Custom made Soccer Uniforms- BC-1097 by Besu Customs.</p>,Besu Customs,Uncategorized,sports uniforms,Soccer Uniforms,true,Title,Default Title,,,,,,,,SOCCER-UNIFORMS-BC-1097-DEFAULT-TITLE,0.0,shopify,continue,manual,65.00,,true,true,,,,,,https://cdn.shopify.com/s/files/1/0894/7436/7766/files/3-5.jpg?v=1747764005,1,,false,,,,,,,,,,,,lb,,,true,,,true,,,active
soccer-uniforms-bc-1096,Soccer Uniforms- BC-1096,<p>Custom made Soccer Uniforms- BC-1096 by Besu Customs.</p>,Besu Customs,Uncategorized,sports uniforms,Soccer Uniforms,true,Title,Default Title,,,,,,,,SOCCER-UNIFORMS-BC-1096-DEFAULT-TITLE,0.0,shopify,continue,manual,65.00,,true,true,,,,,,https://cdn.shopify.com/s/files/1/0894/7436/7766/files/2-6.jpg?v=1747763743,1,,false,,,,,,,,,,,,lb,,,true,,,true,,,active
soccer-uniforms-bc-1095,Soccer Uniforms- BC-1095,<p>Custom made Soccer Uniforms- BC-1095 by Besu Customs.</p>,Besu Customs,Uncategorized,sports uniforms,Soccer Uniforms,true,Title,Default Title,,,,,,,,SOCCER-UNIFORMS-BC-1095-DEFAULT-TITLE,0.0,shopify,continue,manual,65.00,,true,true,,,,,,https://cdn.shopify.com/s/files/1/0894/7436/7766/files/1-7.jpg?v=1747763360,1,,false,,,,,,,,,,,,lb,,,true,,,true,,,active
soccer-uniform-bc-0442,Soccer Uniform- BC-0442,<p>Custom made Soccer Uniform- BC-0442 by Besu Customs.</p>,Besu Customs,Uncategorized,tshirt soccer,Soccer Uniforms,true,Title,Default Title,,,,,,,,SOCCER-UNIFORM-BC-0442-DEFAULT-TITLE,0.0,shopify,continue,manual,65.00,,true,true,,,,,,https://cdn.shopify.com/s/files/1/0894/7436/7766/files/xhs_soccer_uni_0018.jpg?v=1747763016,1,,false,,,,,,,,,,,,lb,,,true,,,true,,,active
soccer-uniform-bc-0441,Soccer Uniform- BC-0441,<p>Custom made Soccer Uniform- BC-0441 by Besu Customs.</p>,Besu Customs,Uncategorized,tshirt soccer,Soccer Uniforms,true,Title,Default Title,,,,,,,,SOCCER-UNIFORM-BC-0441-DEFAULT-TITLE,0.0,shopify,continue,manual,65.00,,true,true,,,,,,https://cdn.shopify.com/s/files/1/0894/7436/7766/files/xhs_soccer_uni_0017.jpg?v=1747762787,1,,false,,,,,,,,,,,,lb,,,true,,,true,,,active
soccer-uniform-bc-0440,Soccer Uniform- BC-0440,<p>Custom made Soccer Uniform- BC-0440 by Besu Customs.</p>,Besu Customs,Uncategorized,tshirt soccer,Soccer Uniforms,true,Title,Default Title,,,,,,,,SOCCER-UNIFORM-BC-0440-DEFAULT-TITLE,0.0,shopify,continue,manual,65.00,,true,true,,,,,,https://cdn.shopify.com/s/files/1/0894/7436/7766/files/xhs_soccer_uni_0016.jpg?v=1747762494,1,,false,,,,,,,,,,,,lb,,,true,,,true,,,active
soccer-uniform-bc-0439,Soccer Uniform- BC-0439,<p>Custom made Soccer Uniform- BC-0439 by Besu Customs.</p>,Besu Customs,Uncategorized,tshirt soccer,Soccer Uniforms,true,Title,Default Title,,,,,,,,SOCCER-UNIFORM-BC-0439-DEFAULT-TITLE,0.0,shopify,continue,manual,65.00,,true,true,,,,,,https://cdn.shopify.com/s/files/1/0894/7436/7766/files/xhs_soccer_uni_0015.jpg?v=1747762301,1,,false,,,,,,,,,,,,lb,,,true,,,true,,,active
soccer-uniform-bc-0438,Soccer Uniform- BC-0438,<p>Custom made Soccer Uniform- BC-0438 by Besu Customs.</p>,Besu Customs,Apparel & Accessories > Clothing > Uniforms > Sports Uniforms,tshirt soccer,Soccer Uniforms,true,Title,Default Title,,,,,,,,SOCCER-UNIFORM-BC-0438-DEFAULT-TITLE,0.0,shopify,continue,manual,65.00,,true,true,,,,,,https://cdn.shopify.com/s/files/1/0894/7436/7766/files/xhs_soccer_uni_0014.jpg?v=1747753468,1,,false,,,,,,,,,,,,lb,,,true,,,true,,,active
soccer-uniform-bc-0437,Soccer Uniform- BC-0437,<p>Custom made Soccer Uniform- BC-0437 by Besu Customs.</p>,Besu Customs,Apparel & Accessories > Clothing > Uniforms > Sports Uniforms,tshirt soccer,Soccer Uniforms,true,Title,Default Title,,,,,,,,SOCCER-UNIFORM-BC-0437-DEFAULT-TITLE,0.0,shopify,continue,manual,65.00,,true,true,,,,,,https://cdn.shopify.com/s/files/1/0894/7436/7766/files/xhs_soccer_uni_0013.jpg?v=1747753072,1,,false,,,,,,,,,,,,lb,,,true,,,true,,,active
soccer-uniform-bc-0436,Soccer Uniform- BC-0436,<p>Custom made Soccer Uniform- BC-0436 by Besu Customs.</p>,Besu Customs,Apparel & Accessories > Clothing > Uniforms > Sports Uniforms,tshirt soccer,Soccer Uniforms,true,Title,Default Title,,,,,,,,SOCCER-UNIFORM-BC-0436-DEFAULT-TITLE,0.0,shopify,continue,manual,65.00,,true,true,,,,,,https://cdn.shopify.com/s/files/1/0894/7436/7766/files/xhs_soccer_uni_0012.jpg?v=1747689608,1,,false,,,,,,,,,,,,lb,,,true,,,true,,,active
soccer-uniform-bc-0435,Soccer Uniform- BC-0435,<p>Custom made Soccer Uniform- BC-0435 by Besu Customs.</p>,Besu Customs,Apparel & Accessories > Clothing > Uniforms > Sports Uniforms,tshirt soccer,Soccer Uniforms,true,Title,Default Title,,,,,,,,SOCCER-UNIFORM-BC-0435-DEFAULT-TITLE,0.0,shopify,continue,manual,65.00,,true,true,,,,,,https://cdn.shopify.com/s/files/1/0894/7436/7766/files/xhs_soccer_uni_0011.jpg?v=1747689376,1,,false,,,,,,,,,,,,lb,,,true,,,true,,,active
soccer-uniform-bc-0434,Soccer Uniform- BC-0434,<p>Custom made Soccer Uniform- BC-0434 by Besu Customs.</p>,Besu Customs,Apparel & Accessories > Clothing > Uniforms > Sports Uniforms,tshirt soccer,Soccer Uniforms,true,Title,Default Title,,,,,,,,SOCCER-UNIFORM-BC-0434-DEFAULT-TITLE,0.0,shopify,continue,manual,65.00,,true,true,,,,,,https://cdn.shopify.com/s/files/1/0894/7436/7766/files/xhs_soccer_uni_0010.jpg?v=1747688985,1,,false,,,,,,,,,,,,lb,,,true,,,true,,,active
soccer-uniform-bc-0433,Soccer Uniform- BC-0433,<p>Custom made Soccer Uniform- BC-0433 by Besu Customs.</p>,Besu Customs,Apparel & Accessories > Clothing > Uniforms > Sports Uniforms,Soccer Shorts,Soccer Uniforms,true,Title,Default Title,,,,,,,,SOCCER-UNIFORM-BC-0433-DEFAULT-TITLE,0.0,shopify,continue,manual,65.00,,true,true,,,,,,https://cdn.shopify.com/s/files/1/0894/7436/7766/files/xhs_soccer_uni_009.jpg?v=1747688724,1,,false,,,,,,,,,,,,lb,,,true,,,true,,,active
soccer-uniform-bc-0432,Soccer Uniform- BC-0432,<p>Custom made Soccer Uniform- BC-0432 by Besu Customs.</p>,Besu Customs,Apparel & Accessories > Clothing > Uniforms > Sports Uniforms,Soccer Shorts,Soccer Uniforms,true,Title,Default Title,,,,,,,,SOCCER-UNIFORM-BC-0432-DEFAULT-TITLE,0.0,shopify,continue,manual,65.00,,true,true,,,,,,https://cdn.shopify.com/s/files/1/0894/7436/7766/files/xhs_soccer_uni_008.jpg?v=1747688533,1,,false,,,,,,,,,,,,lb,,,true,,,true,,,active
soccer-uniform-c-0431,Soccer Uniform- C-0431,<p>Custom made Soccer Uniform- C-0431 by Besu Customs.</p>,Besu Customs,Apparel & Accessories > Clothing > Uniforms > Sports Uniforms,Soccer Shorts,Soccer Uniforms,true,Title,Default Title,,,,,,,,SOCCER-UNIFORM-C-0431-DEFAULT-TITLE,0.0,shopify,continue,manual,65.00,,true,true,,,,,,https://cdn.shopify.com/s/files/1/0894/7436/7766/files/xhs_soccer_uni_007.jpg?v=1747688296,1,,false,,,,,,,,,,,,lb,,,true,,,true,,,active
soccer-uniform-bc-0430,Soccer Uniform- BC-0430,<p>Custom made Soccer Uniform- BC-0430 by Besu Customs.</p>,Besu Customs,Apparel & Accessories > Clothing > Uniforms > Sports Uniforms,Soccer Shorts,Soccer Uniforms,true,Title,Default Title,,,,,,,,SOCCER-UNIFORM-BC-0430-DEFAULT-TITLE,0.0,shopify,continue,manual,65.00,,true,true,,,,,,https://cdn.shopify.com/s/files/1/0894/7436/7766/files/xhs_soccer_uni_006.jpg?v=1747682653,1,,false,,,,,,,,,,,,lb,,,true,,,true,,,active
soccer-uniform-bc-0429,Soccer Uniform- BC-0429,<p>Custom made Soccer Uniform- BC-0429 by Besu Customs.</p>,Besu Customs,Apparel & Accessories > Clothing > Uniforms > Sports Uniforms,Soccer Shorts,Soccer Uniforms,true,Title,Default Title,,,,,,,,SOCCER-UNIFORM-BC-0429-DEFAULT-TITLE,0.0,shopify,continue,manual,65.00,,true,true,,,,,,https://cdn.shopify.com/s/files/1/0894/7436/7766/files/xhs_soccer_uni_005.jpg?v=1747673765,1,,false,,,,,,,,,,,,lb,,,true,,,true,,,active
soccer-uniform-bc-0428,Soccer Uniform- BC-0428,<p>Custom made Soccer Uniform- BC-0428 by Besu Customs.</p>,Besu Customs,Apparel & Accessories > Clothing > Uniforms > Sports Uniforms,Soccer Shorts,Soccer Uniforms,true,Title,Default Title,,,,,,,,SOCCER-UNIFORM-BC-0428-DEFAULT-TITLE,0.0,shopify,continue,manual,65.00,,true,true,,,,,,https://cdn.shopify.com/s/files/1/0894/7436/7766/files/xhs_soccer_uni_004.jpg?v=1747672920,1,,false,,,,,,,,,,,,lb,,,true,,,true,,,active
soccer-uniform-bc-0427,Soccer Uniform- BC-0427,<p>Custom made Soccer Uniform- BC-0427 by Besu Customs.</p>,Besu Customs,Apparel & Accessories > Clothing > Uniforms > Sports Uniforms,Soccer Shorts,Soccer Uniforms,true,Title,Default Title,,,,,,,,SOCCER-UNIFORM-BC-0427-DEFAULT-TITLE,0.0,shopify,continue,manual,65.00,,true,true,,,,,,https://cdn.shopify.com/s/files/1/0894/7436/7766/files/xhs_soccer_uni_003.jpg?v=1747672614,1,,false,,,,,,,,,,,,lb,,,true,,,true,,,active
soccer-uniform-bc-0426,Soccer Uniform - BC-0426,<p>Custom made Soccer Uniform - BC-0426 by Besu Customs.</p>,Besu Customs,Apparel & Accessories > Clothing > Uniforms > Sports Uniforms,Soccer Shorts,Soccer Uniforms,true,Title,Default Title,,,,,,,,SOCCER-UNIFORM-BC-0426-DEFAULT-TITLE,0.0,shopify,continue,manual,65.00,,true,true,,,,,,https://cdn.shopify.com/s/files/1/0894/7436/7766/files/xhs_soccer_uni_002.jpg?v=1747671938,1,,false,,,,,,,,,,,,lb,,,true,,,true,,,active
soccer-uniform-bc-0425,Soccer Uniform- BC-0425,<p>Custom made Soccer Uniform- BC-0425 by Besu Customs.</p>,Besu Customs,Apparel & Accessories > Clothing > Uniforms > Sports Uniforms,Soccer Shorts,Soccer Uniforms,true,Title,Default Title,,,,,,,,SOCCER-UNIFORM-BC-0425-DEFAULT-TITLE,0.0,shopify,continue,manual,65.00,,true,true,,,,,,https://cdn.shopify.com/s/files/1/0894/7436/7766/files/xhs_soccer_uni_001.jpg?v=1747671327,1,,false,,,,,,,,,,,,lb,,,true,,,true,,,active
basketball-uniforms-bc-1018,Basketball Uniforms- BC-1018,<p>Custom made Basketball Uniforms- BC-1018 by Besu Customs.</p>,Besu Customs,Apparel & Accessories > Clothing > Uniforms > Sports Uniforms,sports uniforms,Basketball Uniforms,true,Title,Default Title,,,,,,,,BASKETBALL-UNIFORMS-BC-1018-DEFAULT-TITLE,0.0,shopify,continue,manual,65.00,,true,true,,,,,,https://cdn.shopify.com/s/files/1/0894/7436/7766/files/11-1.jpg?v=1747669678,1,,false,,,,,,,,,,,,lb,,,true,,,true,,,active
basketball-uniforms-bc-1019,Basketball Uniforms- BC-1019,<p>Custom made Basketball Uniforms- BC-1019 by Besu Customs.</p>,Besu Customs,Apparel & Accessories > Clothing > Uniforms > Sports Uniforms,sports uniforms,Basketball Uniforms,true,Title,Default Title,,,,,,,,BASKETBALL-UNIFORMS-BC-1019-DEFAULT-TITLE,0.0,shopify,continue,manual,65.00,,true,true,,,,,,https://cdn.shopify.com/s/files/1/0894/7436/7766/files/10-1.jpg?v=1747669290,1,,false,,,,,,,,,,,,lb,,,true,,,true,,,active
basketball-uniforms-bc-1020,Basketball Uniforms- BC-1020,<p>Custom made Basketball Uniforms- BC-1020 by Besu Customs.</p>,Besu Customs,Apparel & Accessories > Clothing > Uniforms > Sports Uniforms,sports uniforms,Baseball Uniforms,true,Title,Default Title,,,,,,,,BASKETBALL-UNIFORMS-BC-1020-DEFAULT-TITLE,0.0,shopify,continue,manual,65.00,,true,true,,,,,,https://cdn.shopify.com/s/files/1/0894/7436/7766/files/9-1.jpg?v=1747669168,1,,false,,,,,,,,,,,,lb,,,true,,,true,,,active
basketball-uniforms-bc-1021,Basketball Uniforms- BC-1021,<p>Custom made Basketball Uniforms- BC-1021 by Besu Customs.</p>,Besu Customs,Apparel & Accessories > Clothing > Uniforms > Sports Uniforms,sports uniforms,Basketball Uniforms,true,Title,Default Title,,,,,,,,BASKETBALL-UNIFORMS-BC-1021-DEFAULT-TITLE,0.0,shopify,continue,manual,65.00,,true,true,,,,,,https://cdn.shopify.com/s/files/1/0894/7436/7766/files/8-1.jpg?v=1747669001,1,,false,,,,,,,,,,,,lb,,,true,,,true,,,active
basketball-uniforms-bc-1022,Basketball Uniforms- BC-1022,<p>Custom made Basketball Uniforms- BC-1022 by Besu Customs.</p>,Besu Customs,Apparel & Accessories > Clothing > Uniforms > Sports Uniforms,sports uniforms,Basketball Uniforms,true,Title,Default Title,,,,,,,,BASKETBALL-UNIFORMS-BC-1022-DEFAULT-TITLE,0.0,shopify,continue,manual,65.00,,true,true,,,,,,https://cdn.shopify.com/s/files/1/0894/7436/7766/files/7-1.jpg?v=1747668858,1,,false,,,,,,,,,,,,lb,,,true,,,true,,,active
basketball-uniforms-bc-1023,Basketball Uniforms- BC-1023,<p>Custom made Basketball Uniforms- BC-1023 by Besu Customs.</p>,Besu Customs,Apparel & Accessories > Clothing > Uniforms > Sports Uniforms,sports uniforms,Basketball Uniforms,true,Title,Default Title,,,,,,,,BASKETBALL-UNIFORMS-BC-1023-DEFAULT-TITLE,0.0,shopify,continue,manual,65.00,,true,true,,,,,,https://cdn.shopify.com/s/files/1/0894/7436/7766/files/6-1.jpg?v=1747668732,1,,false,,,,,,,,,,,,lb,,,true,,,true,,,active
basketball-uniforms-bc-1024,Basketball Uniforms- BC-1024,<p>Custom made Basketball Uniforms- BC-1024 by Besu Customs.</p>,Besu Customs,Apparel & Accessories > Clothing > Uniforms > Sports Uniforms,sports uniforms,Basketball Uniforms,true,Title,Default Title,,,,,,,,BASKETBALL-UNIFORMS-BC-1024-DEFAULT-TITLE,0.0,shopify,continue,manual,65.00,,true,true,,,,,,https://cdn.shopify.com/s/files/1/0894/7436/7766/files/5-1.jpg?v=1747668520,1,,false,,,,,,,,,,,,lb,,,true,,,true,,,active
basketball-uniforms-bc-1025,Basketball Uniforms-  BC-1025,<p>Custom made Basketball Uniforms-  BC-1025 by Besu Customs.</p>,Besu Customs,Apparel & Accessories > Clothing > Uniforms > Sports Uniforms,sports uniforms,Basketball Uniforms,true,Title,Default Title,,,,,,,,BASKETBALL-UNIFORMS-BC-1025-DEFAULT-TITLE,0.0,shopify,continue,manual,65.00,,true,true,,,,,,https://cdn.shopify.com/s/files/1/0894/7436/7766/files/4-1.jpg?v=1747668339,1,,false,,,,,,,,,,,,lb,,,true,,,true,,,active
basketball-uniforms-bc-1026,Basketball Uniforms-  BC-1026,<p>Custom made Basketball Uniforms-  BC-1026 by Besu Customs.</p>,Besu Customs,Apparel & Accessories > Clothing > Uniforms > Sports Uniforms,sports uniforms,Basketball Uniforms,true,Title,Default Title,,,,,,,,BASKETBALL-UNIFORMS-BC-1026-DEFAULT-TITLE,0.0,shopify,continue,manual,65.00,,true,true,,,,,,https://cdn.shopify.com/s/files/1/0894/7436/7766/files/3-1.jpg?v=1747630185,1,,false,,,,,,,,,,,,lb,,,true,,,true,,,active
basketball-uniforms-bc-1027,Basketball Uniforms- BC-1027,<p>Custom made Basketball Uniforms- BC-1027 by Besu Customs.</p>,Besu Customs,Apparel & Accessories > Clothing > Uniforms > Sports Uniforms,sports uniforms,Basketball Uniforms,true,Title,Default Title,,,,,,,,BASKETBALL-UNIFORMS-BC-1027-DEFAULT-TITLE,0.0,shopify,continue,manual,65.00,,true,true,,,,,,https://cdn.shopify.com/s/files/1/0894/7436/7766/files/2-1.jpg?v=1747629853,1,,false,,,,,,,,,,,,lb,,,true,,,true,,,active
basketball-uniforms-bc-1028,Basketball Uniforms- BC-1028,<p>Custom made Basketball Uniforms- BC-1028 by Besu Customs.</p>,Besu Customs,Apparel & Accessories > Clothing > Uniforms > Sports Uniforms,sports uniforms,Basketball Uniforms,true,Title,Default Title,,,,,,,,BASKETBALL-UNIFORMS-BC-1028-DEFAULT-TITLE,0.0,shopify,continue,manual,65.00,,true,true,,,,,,https://cdn.shopify.com/s/files/1/0894/7436/7766/files/1-2.jpg?v=1747629532,1,,false,,,,,,,,,,,,lb,,,true,,,true,,,active
uniforme-de-baloncesto-bc-0049,Basketball Uniform- BC-0049,<p>Custom made Basketball Uniform- BC-0049 by Besu Customs.</p>,Besu Customs,Apparel & Accessories > Clothing > Uniforms > Sports Uniforms,sports uniforms,Basketball Uniforms,true,Title,Default Title,,,,,,,,UNIFORME-DE-BALONCESTO-BC-0049-DEFAULT-TITLE,0.0,shopify,continue,manual,65.00,,true,true,,,,,,https://cdn.shopify.com/s/files/1/0894/7436/7766/files/xhs_basketb_uni_008.jpg?v=1747456466,1,,false,,,,,,,,,,,,lb,,,true,,,true,,,active
uniforme-de-baloncesto-bc-0048,Basketball Uniform- BC-0048,<p>Custom made Basketball Uniform- BC-0048 by Besu Customs.</p>,Besu Customs,Apparel & Accessories > Clothing > Uniforms > Sports Uniforms,sports uniforms,Basketball Uniforms,true,Title,Default Title,,,,,,,,UNIFORME-DE-BALONCESTO-BC-0048-DEFAULT-TITLE,0.0,shopify,continue,manual,65.00,,true,true,,,,,,https://cdn.shopify.com/s/files/1/0894/7436/7766/files/xhs_basketb_uni_007.jpg?v=1747456362,1,,false,,,,,,,,,,,,lb,,,true,,,true,,,active
uniforme-de-baloncesto-bc-0047,Basketball Uniform- BC-0047,<p>Custom made Basketball Uniform- BC-0047 by Besu Customs.</p>,Besu Customs,Apparel & Accessories > Clothing > Uniforms > Sports Uniforms,sports uniforms,Basketball Uniforms,true,Title,Default Title,,,,,,,,UNIFORME-DE-BALONCESTO-BC-0047-DEFAULT-TITLE,0.0,shopify,continue,manual,65.00,,true,true,,,,,,https://cdn.shopify.com/s/files/1/0894/7436/7766/files/xhs_basketb_uni_006.jpg?v=1747454040,1,,false,,,,,,,,,,,,lb,,,true,,,true,,,active
uniforme-de-baloncesto-bc-0046,Basketball Uniform- BC-0046,<p>Custom made Basketball Uniform- BC-0046 by Besu Customs.</p>,Besu Customs,Apparel & Accessories > Clothing > Uniforms > Sports Uniforms,sports uniforms,Basketball Uniforms,true,Title,Default Title,,,,,,,,UNIFORME-DE-BALONCESTO-BC-0046-DEFAULT-TITLE,0.0,shopify,continue,manual,65.00,,true,true,,,,,,https://cdn.shopify.com/s/files/1/0894/7436/7766/files/xhs_basketb_uni_005.jpg?v=1747453169,1,,false,,,,,,,,,,,,lb,,,true,,,true,,,active
uniforme-de-baloncesto-bc-0045,Basketball Uniform- BC-0045,<p>Custom made Basketball Uniform- BC-0045 by Besu Customs.</p>,Besu Customs,Apparel & Accessories > Clothing > Uniforms > Sports Uniforms,sports uniforms,Basketball Uniforms,true,Title,Default Title,,,,,,,,UNIFORME-DE-BALONCESTO-BC-0045-DEFAULT-TITLE,0.0,shopify,continue,manual,65.00,,true,true,,,,,,https://cdn.shopify.com/s/files/1/0894/7436/7766/files/xhs_basketb_uni_004.jpg?v=1747452307,1,,false,,,,,,,,,,,,lb,,,true,,,true,,,active
uniforme-de-baloncesto-bc-0044,Basketball Uniform- BC-0044,<p>Custom made Basketball Uniform- BC-0044 by Besu Customs.</p>,Besu Customs,Apparel & Accessories > Clothing > Uniforms > Sports Uniforms,sports uniforms,Basketball Uniforms,true,Title,Default Title,,,,,,,,UNIFORME-DE-BALONCESTO-BC-0044-DEFAULT-TITLE,0.0,shopify,continue,manual,65.00,,true,true,,,,,,https://cdn.shopify.com/s/files/1/0894/7436/7766/files/xhs_basketb_uni_003.jpg?v=1747452056,1,,false,,,,,,,,,,,,lb,,,true,,,true,,,active
uniforme-de-baloncesto-bc-0043,Basketball Uniform- BC-0043,<p>Custom made Basketball Uniform- BC-0043 by Besu Customs.</p>,Besu Customs,Apparel & Accessories > Clothing > Uniforms > Sports Uniforms,sports uniforms,Basketball Uniforms,true,Title,Default Title,,,,,,,,UNIFORME-DE-BALONCESTO-BC-0043-DEFAULT-TITLE,0.0,shopify,continue,manual,65.00,,true,true,,,,,,https://cdn.shopify.com/s/files/1/0894/7436/7766/files/xhs_basketb_uni_002.jpg?v=1747451664,1,,false,,,,,,,,,,,,lb,,,true,,,true,,,active
uniforme-de-baloncesto-bc-0042,Basketball Uniform- BC-0042,<p>Custom made Basketball Uniform- BC-0042 by Besu Customs.</p>,Besu Customs,Apparel & Accessories > Clothing > Uniforms > Sports Uniforms,sports uniforms,Basketball Uniforms,true,Title,Default Title,,,,,,,,UNIFORME-DE-BALONCESTO-BC-0042-DEFAULT-TITLE,0.0,shopify,continue,manual,65.00,,true,true,,,,,,https://cdn.shopify.com/s/files/1/0894/7436/7766/files/xhs_basketb_uni_001.jpg?v=1747451212,1,,false,,,,,,,,,,,,lb,,,true,,,true,,,active
basketball-uniforms-bc-1015,Basketball Uniforms- BC-1015,<p>Custom made Basketball Uniforms- BC-1015 by Besu Customs.</p>,Besu Customs,Apparel & Accessories > Clothing > Uniforms > Sports Uniforms,sports uniforms,Basketball Uniforms,true,Title,Default Title,,,,,,,,BASKETBALL-UNIFORMS-BC-1015-DEFAULT-TITLE,0.0,shopify,continue,manual,65.00,,true,true,,,,,,https://cdn.shopify.com/s/files/1/0894/7436/7766/files/14-1.jpg?v=1747449193,1,,false,,,,,,,,,,,,lb,,,true,,,true,,,active
futbol-bc-1006,Football- BC-1006,<p>Custom made Football- BC-1006 by Besu Customs.</p>,Besu Customs,Apparel & Accessories > Clothing > Uniforms > Sports Uniforms,sports uniforms,Football,true,Title,Default Title,,,,,,,,FUTBOL-BC-1006-DEFAULT-TITLE,0.0,shopify,continue,manual,65.00,,true,true,,,,,,https://cdn.shopify.com/s/files/1/0894/7436/7766/files/7-1-1.jpg?v=1747448441,1,,false,,,,,,,,,,,,lb,,,true,,,true,,,active
futbol-bc-1001,Football- BC-1001,<p>Custom made Football- BC-1001 by Besu Customs.</p>,Besu Customs,Apparel & Accessories > Clothing > Uniforms > Sports Uniforms,sports uniforms,Football,true,Title,Default Title,,,,,,,,FUTBOL-BC-1001-DEFAULT-TITLE,0.0,shopify,continue,manual,65.00,,true,true,,,,,,https://cdn.shopify.com/s/files/1/0894/7436/7766/files/2-2-1_b53415f7-d50d-4eee-b83d-84cad54f59a1.jpg?v=1747448587,1,,false,,,,,,,,,,,,lb,,,true,,,true,,,active
futbol-bc-1000,Football- BC-1000,<p>Custom made Football- BC-1000 by Besu Customs.</p>,Besu Customs,Apparel & Accessories > Clothing > Uniforms > Sports Uniforms,sports uniforms,Football,true,Title,Default Title,,,,,,,,FUTBOL-BC-1000-DEFAULT-TITLE,0.0,shopify,continue,manual,65.00,,true,true,,,,,,https://cdn.shopify.com/s/files/1/0894/7436/7766/files/1-1-1.jpg?v=1747447476,1,,false,,,,,,,,,,,,lb,,,true,,,true,,,active
futbol-bc-1002,Football- BC-1002,<p>Custom made Football- BC-1002 by Besu Customs.</p>,Besu Customs,Sporting Goods > Athletics > Soccer,sports uniforms,Football,true,Title,Default Title,,,,,,,,FUTBOL-BC-1002-DEFAULT-TITLE,0.0,shopify,continue,manual,65.00,,true,true,,,,,,https://cdn.shopify.com/s/files/1/0894/7436/7766/files/3-6.jpg?v=1747447333,1,,false,,,,,,,,,,,,lb,,,true,,,true,,,active
futbol-bc-1003,Football- BC-1003,<p>Custom made Football- BC-1003 by Besu Customs.</p>,Besu Customs,Apparel & Accessories > Clothing > Uniforms > Sports Uniforms,sports uniforms,Football,true,Title,Default Title,,,,,,,,FUTBOL-BC-1003-DEFAULT-TITLE,0.0,shopify,continue,manual,65.00,,true,true,,,,,,https://cdn.shopify.com/s/files/1/0894/7436/7766/files/4-5.jpg?v=1747447149,1,,false,,,,,,,,,,,,lb,,,true,,,true,,,active
futbol-bc-1004,Football- BC-1004,<p>Custom made Football- BC-1004 by Besu Customs.</p>,Besu Customs,Apparel & Accessories > Clothing > Uniforms > Sports Uniforms,sports uniforms,Football,true,Title,Default Title,,,,,,,,FUTBOL-BC-1004-DEFAULT-TITLE,0.0,shopify,continue,manual,65.00,,true,true,,,,,,https://cdn.shopify.com/s/files/1/0894/7436/7766/files/6-4.jpg?v=1747447002,1,,false,,,,,,,,,,,,lb,,,true,,,true,,,active
futbol-bc-1005,Football- BC-1005,<p>Custom made Football- BC-1005 by Besu Customs.</p>,Besu Customs,Sporting Goods > Athletics > Soccer,sports uniforms,Football,true,Title,Default Title,,,,,,,,FUTBOL-BC-1005-DEFAULT-TITLE,0.0,shopify,continue,manual,65.00,,true,true,,,,,,https://cdn.shopify.com/s/files/1/0894/7436/7766/files/5-6.jpg?v=1747446813,1,,false,,,,,,,,,,,,lb,,,true,,,true,,,active
futbol-bc-1007,Football- BC-1007,<p>Custom made Football- BC-1007 by Besu Customs.</p>,Besu Customs,Sporting Goods > Athletics > Soccer,sports uniforms,Football,true,Title,Default Title,,,,,,,,FUTBOL-BC-1007-DEFAULT-TITLE,0.0,shopify,continue,manual,65.00,,true,true,,,,,,https://cdn.shopify.com/s/files/1/0894/7436/7766/files/9-5.jpg?v=1747446632,1,,false,,,,,,,,,,,,lb,,,true,,,true,,,active
futbol-bc-1008,Football- BC-1008,<p>Custom made Football- BC-1008 by Besu Customs.</p>,Besu Customs,Apparel & Accessories > Clothing > Uniforms > Sports Uniforms,sports uniforms,Football,true,Title,Default Title,,,,,,,,FUTBOL-BC-1008-DEFAULT-TITLE,0.0,shopify,continue,manual,65.00,,true,true,,,,,,https://cdn.shopify.com/s/files/1/0894/7436/7766/files/8-5.jpg?v=1747446400,1,,false,,,,,,,,,,,,lb,,,true,,,true,,,active
football-bc-1009,Football- BC-1009,<p>Custom made Football- BC-1009 by Besu Customs.</p>,Besu Customs,Apparel & Accessories > Clothing > Uniforms > Sports Uniforms,sports uniforms,Football uniforms,true,Title,Default Title,,,,,,,,FOOTBALL-BC-1009-DEFAULT-TITLE,0.0,shopify,continue,manual,65.00,,true,true,,,,,,https://cdn.shopify.com/s/files/1/0894/7436/7766/files/10-5.jpg?v=1747329664,1,,false,,,,,,,,,,,,lb,,,true,,,true,,,active
futbol-bc-1010,Football- BC-1010,<p>Custom made Football- BC-1010 by Besu Customs.</p>,Besu Customs,Apparel & Accessories > Clothing > Uniforms > Sports Uniforms,sports uniforms,Football,true,Title,Default Title,,,,,,,,FUTBOL-BC-1010-DEFAULT-TITLE,0.0,shopify,continue,manual,65.00,,true,true,,,,,,https://cdn.shopify.com/s/files/1/0894/7436/7766/files/11-1-1-300x300.jpg?v=1747329193,1,,false,,,,,,,,,,,,lb,,,true,,,true,,,active
futbol-bc-1011,Football- BC-1011,<p>Custom made Football- BC-1011 by Besu Customs.</p>,Besu Customs,Apparel & Accessories > Clothing > Uniforms > Sports Uniforms,sports uniforms,Football,true,Title,Default Title,,,,,,,,FUTBOL-BC-1011-DEFAULT-TITLE,0.0,shopify,continue,manual,65.00,,true,true,,,,,,https://cdn.shopify.com/s/files/1/0894/7436/7766/files/12-4.jpg?v=1747328829,1,,false,,,,,,,,,,,,lb,,,true,,,true,,,active
futbol-bc-1012,Football- BC-1012,<p>Custom made Football- BC-1012 by Besu Customs.</p>,Besu Customs,Apparel & Accessories > Clothing > Uniforms > Sports Uniforms,sports uniforms,Football,true,Title,Default Title,,,,,,,,FUTBOL-BC-1012-DEFAULT-TITLE,0.0,shopify,continue,manual,65.00,,true,true,,,,,,https://cdn.shopify.com/s/files/1/0894/7436/7766/files/13-4.jpg?v=1747326458,1,,false,,,,,,,,,,,,lb,,,true,,,true,,,active
futbol-bc-1013,Football- BC-1013,<p>Custom made Football- BC-1013 by Besu Customs.</p>,Besu Customs,Sporting Goods > Athletics > Soccer,sports uniforms,Football,true,Title,Default Title,,,,,,,,FUTBOL-BC-1013-DEFAULT-TITLE,0.0,shopify,continue,manual,65.00,,true,true,,,,,,https://cdn.shopify.com/s/files/1/0894/7436/7766/files/14-4.jpg?v=1747326132,1,,false,,,,,,,,,,,,lb,,,true,,,true,,,active
futbol-bc-1014,Football- BC-1014,<p>Custom made Football- BC-1014 by Besu Customs.</p>,Besu Customs,Apparel & Accessories > Clothing > Uniforms > Sports Uniforms,sports uniforms,Football,true,Title,Default Title,,,,,,,,FUTBOL-BC-1014-DEFAULT-TITLE,0.0,shopify,continue,manual,65.00,,true,true,,,,,,https://cdn.shopify.com/s/files/1/0894/7436/7766/files/15-3.jpg?v=1747268259,1,,false,,,,,,,,,,,,lb,,,true,,,true,,,active
futbol-bc-0009,Football- BC-0009,<p>Custom made Football- BC-0009 by Besu Customs.</p>,Besu Customs,Apparel & Accessories > Clothing > Uniforms > Sports Uniforms,sports uniforms,Football,true,Title,Default Title,,,,,,,,FUTBOL-BC-0009-DEFAULT-TITLE,0.0,shopify,continue,manual,65.00,,true,true,,,,,,https://cdn.shopify.com/s/files/1/0894/7436/7766/files/xhs_am_fbuni_009.jpg?v=1747267967,1,,false,,,,,,,,,,,,lb,,,true,,,true,,,active
futbol-bc-0008,Football- BC-0008,<p>Custom made Football- BC-0008 by Besu Customs.</p>,Besu Customs,Apparel & Accessories > Clothing > Uniforms > Sports Uniforms,sports uniforms,Football,true,Title,Default Title,,,,,,,,FUTBOL-BC-0008-DEFAULT-TITLE,0.0,shopify,continue,manual,65.00,,true,true,,,,,,https://cdn.shopify.com/s/files/1/0894/7436/7766/files/xhs_am_fbuni_008.jpg?v=1747267529,1,,false,,,,,,,,,,,,lb,,,true,,,true,,,active
futbol-bc-0007,Football- BC-0007,<p>Custom made Football- BC-0007 by Besu Customs.</p>,Besu Customs,Apparel & Accessories > Clothing > Uniforms > Sports Uniforms,sports uniforms,Football,true,Title,Default Title,,,,,,,,FUTBOL-BC-0007-DEFAULT-TITLE,0.0,shopify,continue,manual,65.00,,true,true,,,,,,https://cdn.shopify.com/s/files/1/0894/7436/7766/files/xhs_am_fbuni_007.jpg?v=1747267185,1,,false,,,,,,,,,,,,lb,,,true,,,true,,,active
futbol-bc-0006,Football- BC-0006,<p>Custom made Football- BC-0006 by Besu Customs.</p>,Besu Customs,Apparel & Accessories > Clothing > Uniforms > Sports Uniforms,sports uniforms,Football,true,Title,Default Title,,,,,,,,FUTBOL-BC-0006-DEFAULT-TITLE,0.0,shopify,continue,manual,65.00,,true,true,,,,,,https://cdn.shopify.com/s/files/1/0894/7436/7766/files/xhs_am_fbuni_006.jpg?v=1747246742,1,,false,,,,,,,,,,,,lb,,,true,,,true,,,active
futbol-bc-0001,Football- BC-0001,<p>Custom made Football- BC-0001 by Besu Customs.</p>,Besu Customs,Apparel & Accessories > Clothing > Uniforms > Sports Uniforms,sports uniforms,Football,true,Title,Default Title,,,,,,,,FUTBOL-BC-0001-DEFAULT-TITLE,0.0,shopify,continue,manual,65.00,,true,true,,,,,,https://cdn.shopify.com/s/files/1/0894/7436/7766/files/xhs_am_fbuni_001.jpg?v=1747244756,1,,false,,,,,,,,,,,,lb,,,true,,,true,,,active
uniformes-de-baloncesto-bc-1016,Basketball Uniforms- BC-1016,<p>Custom made Basketball Uniforms- BC-1016 by Besu Customs.</p>,Besu Customs,Apparel & Accessories > Clothing > Uniforms > Sports Uniforms,sports uniforms,Basketball Uniforms,true,Title,Default Title,,,,,,,,UNIFORMES-DE-BALONCESTO-BC-1016-DEFAULT-TITLE,0.0,shopify,continue,manual,65.00,,true,true,,,,,,https://cdn.shopify.com/s/files/1/0894/7436/7766/files/13-1.jpg?v=1747243046,1,,false,,,,,,,,,,,,lb,,,true,,,true,,,active
uniformes-de-baloncesto-bc-1017,Basketball Uniforms- BC-1017,<p>Custom made Basketball Uniforms- BC-1017 by Besu Customs.</p>,Besu Customs,Apparel & Accessories > Clothing > Uniforms > Sports Uniforms,sports uniforms,Basketball Uniforms,true,Title,Default Title,,,,,,,,UNIFORMES-DE-BALONCESTO-BC-1017-DEFAULT-TITLE,0.0,shopify,continue,manual,65.00,,true,true,,,,,,https://cdn.shopify.com/s/files/1/0894/7436/7766/files/12-1.jpg?v=1747242835,1,,false,,,,,,,,,,,,lb,,,true,,,true,,,active
uniforme-de-beisbol-bc-0027,Baseball Uniforms- BC-0027,<p>Custom made Baseball Uniforms- BC-0027 by Besu Customs.</p>,Besu Customs,Apparel & Accessories > Clothing > Uniforms > Sports Uniforms,tshirt,,true,Title,Default Title,,,,,,,,UNIFORME-DE-BEISBOL-BC-0027-DEFAULT-TITLE,0.0,shopify,continue,manual,65.00,,true,true,,,,,,https://cdn.shopify.com/s/files/1/0894/7436/7766/files/xhs_baseb_uni_0018.jpg?v=1747189746,1,,false,,,,,,,,,,,,lb,,,true,,,true,,,active
uniforme-de-beisbol-bc-0018,Baseball Uniforms- BC-0018,<p>Custom made Baseball Uniforms- BC-0018 by Besu Customs.</p>,Besu Customs,Apparel & Accessories > Clothing > Uniforms > Sports Uniforms,Baseball Pants,Baseball Uniforms,true,Title,Default Title,,,,,,,,UNIFORME-DE-BEISBOL-BC-0018-DEFAULT-TITLE,0.0,shopify,continue,manual,65.00,,true,true,,,,,,https://cdn.shopify.com/s/files/1/0894/7436/7766/files/xhs_baseb_uni_009.jpg?v=1747187249,1,,false,,,,,,,,,,,,lb,,,true,,,true,,,active
uniforme-de-beisbol-bc-0017,Baseball Uniforms- BC-0017,<p>Custom made Baseball Uniforms- BC-0017 by Besu Customs.</p>,Besu Customs,Apparel & Accessories > Clothing > Uniforms > Sports Uniforms,Baseball Pants,Baseball Uniforms,true,Title,Default Title,,,,,,,,UNIFORME-DE-BEISBOL-BC-0017-DEFAULT-TITLE,0.0,shopify,continue,manual,65.00,,true,true,,,,,,https://cdn.shopify.com/s/files/1/0894/7436/7766/files/xhs_baseb_uni_008.jpg?v=1747187036,1,,false,,,,,,,,,,,,lb,,,true,,,true,,,active
uniforme-de-beisbol-bc-0016,Baseball Uniforms- BC-0016,<p>Custom made Baseball Uniforms- BC-0016 by Besu Customs.</p>,Besu Customs,Apparel & Accessories > Clothing > Uniforms > Sports Uniforms,Baseball Pants,Baseball Uniforms,true,Title,Default Title,,,,,,,,UNIFORME-DE-BEISBOL-BC-0016-DEFAULT-TITLE,0.0,shopify,continue,manual,65.00,,true,true,,,,,,https://cdn.shopify.com/s/files/1/0894/7436/7766/files/xhs_baseb_uni_007.jpg?v=1747186526,1,,false,,,,,,,,,,,,lb,,,true,,,true,,,active
uniforme-de-beisbol-bc-0014,Baseball Uniforms- BC-0014,<p>Custom made Baseball Uniforms- BC-0014 by Besu Customs.</p>,Besu Customs,Apparel & Accessories > Clothing > Uniforms > Sports Uniforms,Baseball Pants,Baseball Uniforms,true,Title,Default Title,,,,,,,,UNIFORME-DE-BEISBOL-BC-0014-DEFAULT-TITLE,0.0,shopify,continue,manual,65.00,,true,true,,,,,,https://cdn.shopify.com/s/files/1/0894/7436/7766/files/xhs_baseb_uni_005.jpg?v=1747186373,1,,false,,,,,,,,,,,,lb,,,true,,,true,,,active
uniforme-de-beisbol-bc-0013,Baseball Uniforms- BC-0013,<p>Custom made Baseball Uniforms- BC-0013 by Besu Customs.</p>,Besu Customs,Apparel & Accessories > Clothing > Uniforms > Sports Uniforms,Baseball Pants,Baseball Uniforms,true,Title,Default Title,,,,,,,,UNIFORME-DE-BEISBOL-BC-0013-DEFAULT-TITLE,0.0,shopify,continue,manual,65.00,,true,true,,,,,,https://cdn.shopify.com/s/files/1/0894/7436/7766/files/xhs_baseb_uni_004.jpg?v=1747186205,1,,false,,,,,,,,,,,,lb,,,true,,,true,,,active
uniforme-de-beisbol-bc-0012,Baseball Uniforms- BC-0012,<p>Custom made Baseball Uniforms- BC-0012 by Besu Customs.</p>,Besu Customs,Apparel & Accessories > Clothing > Uniforms > Sports Uniforms,Baseball Pants,Baseball Uniforms,true,Title,Default Title,,,,,,,,UNIFORME-DE-BEISBOL-BC-0012-DEFAULT-TITLE,0.0,shopify,continue,manual,65.00,,true,true,,,,,,https://cdn.shopify.com/s/files/1/0894/7436/7766/files/xhs_baseb_uni_003.jpg?v=1747172429,1,,false,,,,,,,,,,,,lb,,,true,,,true,,,active
uniforme-de-beisbol-bc-0011,Baseball Uniforms- BC-0011,<p>Custom made Baseball Uniforms- BC-0011 by Besu Customs.</p>,Besu Customs,Apparel & Accessories > Clothing > Uniforms > Sports Uniforms,Baseball Pants,Baseball Uniforms,true,Title,Default Title,,,,,,,,UNIFORME-DE-BEISBOL-BC-0011-DEFAULT-TITLE,0.0,shopify,continue,manual,65.00,,true,true,,,,,,https://cdn.shopify.com/s/files/1/0894/7436/7766/files/xhs_baseb_uni_002_22e89e94-c1a6-458e-be57-efa4499d8686.jpg?v=1747172191,1,,false,,,,,,,,,,,,lb,,,true,,,true,,,active
uniforme-de-beisbol-bc-0010,Baseball Uniforms- BC-0010,<p>Custom made Baseball Uniforms- BC-0010 by Besu Customs.</p>,Besu Customs,Apparel & Accessories > Clothing > Uniforms > Sports Uniforms,Baseball Pants,Baseball Uniforms,true,Title,Default Title,,,,,,,,UNIFORME-DE-BEISBOL-BC-0010-DEFAULT-TITLE,0.0,shopify,continue,manual,65.00,,true,true,,,,,,https://cdn.shopify.com/s/files/1/0894/7436/7766/files/xhs_baseb_uni_001.jpg?v=1747171424,1,,false,,,,,,,,,,,,lb,,,true,,,true,,,active
ropa-de-patinaje-bc-0424,Skating Wears- BC-0424,<p>Custom made Skating Wears- BC-0424 by Besu Customs.</p>,Besu Customs,"Apparel & Accessories > Clothing > Activewear > Dance Dresses, Skirts & Costumes","Dance Dresses, Skirts",Skating Wear,true,Title,Default Title,,,,,,,,ROPA-DE-PATINAJE-BC-0424-DEFAULT-TITLE,0.0,shopify,continue,manual,45.00,,true,true,,,,,,https://cdn.shopify.com/s/files/1/0894/7436/7766/files/xhs_skating_wear_006.jpg?v=1747170972,1,,false,,,,,,,,,,,,lb,,,true,,,true,,,active
ropa-de-patinaje-bc-0422,Skating Wears- BC-0422,<p>Custom made Skating Wears- BC-0422 by Besu Customs.</p>,Besu Customs,Apparel & Accessories > Clothing > Skirts,Skirts,,true,Title,Default Title,,,,,,,,ROPA-DE-PATINAJE-BC-0422-DEFAULT-TITLE,0.0,shopify,continue,manual,45.00,,true,true,,,,,,https://cdn.shopify.com/s/files/1/0894/7436/7766/files/xhs_skating_wear_004.jpg?v=1747168694,1,,false,,,,,,,,,,,,lb,,,true,,,true,,,active
ropa-de-patinaje-bc-0421,Skating Wears- BC-0421,<p>Custom made Skating Wears- BC-0421 by Besu Customs.</p>,Besu Customs,Sporting Goods > Athletics > Figure Skating & Hockey > Hockey Protective Gear > Hockey Pants,Hockey Pants,Ropa de patinaje,true,Title,Default Title,,,,,,,,ROPA-DE-PATINAJE-BC-0421-DEFAULT-TITLE,0.0,shopify,continue,manual,65.00,,true,true,,,,,,https://cdn.shopify.com/s/files/1/0894/7436/7766/files/xhs_skating_wear_003.jpg?v=1747166813,1,,false,,,,,,,,,,,,lb,,,true,,,true,,,active
ropa-de-patinaje-bc-0420,Skating Wears- BC-0420,<p>Custom made Skating Wears- BC-0420 by Besu Customs.</p>,Besu Customs,Apparel & Accessories > Clothing > Activewear > Activewear Pants > Tights,leggings,ropa de patinaje,true,Title,Default Title,,,,,,,,ROPA-DE-PATINAJE-BC-0420-DEFAULT-TITLE,0.0,shopify,continue,manual,45.00,,true,true,,,,,,https://cdn.shopify.com/s/files/1/0894/7436/7766/files/xhs_skating_wear_002.jpg?v=1747165453,1,,false,,,,,,,,,,,,lb,,,true,,,true,,,active
ropa-de-patinaje-bc-0419,Skating Wears- BC- 0419,<p>Custom made Skating Wears- BC- 0419 by Besu Customs.</p>,Besu Customs,Apparel & Accessories > Clothing > Activewear > Activewear Vests & Jackets > Jackets,Jackets,Skating Wear,true,Title,Default Title,,,,,,,,ROPA-DE-PATINAJE-BC-0419-DEFAULT-TITLE,0.0,shopify,continue,manual,55.00,,true,true,,,,,,https://cdn.shopify.com/s/files/1/0894/7436/7766/files/xhs_skating_wear_001.jpg?v=1747165155,1,,false,,,,,,,,,,,,lb,,,true,,,true,,,active
leggings-bc-0211,Leggings- BC- 0211,<p>Custom made Leggings- BC- 0211 by Besu Customs.</p>,Besu Customs,Apparel & Accessories > Clothing > Activewear > Activewear Pants > Tights,leggings,Fitness / Gym Wear,true,Title,Default Title,,,,,,,,LEGGINGS-BC-0211-DEFAULT-TITLE,0.0,shopify,continue,manual,45.00,,true,true,,,,,,https://cdn.shopify.com/s/files/1/0894/7436/7766/files/xhs_gw_legging_008_fd1fa88c-68cd-476d-aca2-9c47206cc36d.jpg?v=1747078167,1,,false,,,,,,,,,,,,lb,,,true,,,true,,,active
leggings-bc-0212,Leggings- BC- 0212,<p>Custom made Leggings- BC- 0212 by Besu Customs.</p>,Besu Customs,Apparel & Accessories > Clothing > Activewear > Activewear Pants > Tights,leggings,Fitness / Gym Wear,true,Title,Default Title,,,,,,,,LEGGINGS-BC-0212-DEFAULT-TITLE,0.0,shopify,continue,manual,45.00,,true,true,,,,,,https://cdn.shopify.com/s/files/1/0894/7436/7766/files/xhs_gw_legging_009.jpg?v=1747077111,1,,false,,,,,,,,,,,,lb,,,true,,,true,,,active
leggings-bc-0213,Leggings- BC- 0213,<p>Custom made Leggings- BC- 0213 by Besu Customs.</p>,Besu Customs,Apparel & Accessories > Clothing > Activewear > Activewear Pants > Leggings,leggings,"FITNESS, GYM WEAR",true,Title,Default Title,,,,,,,,LEGGINGS-BC-0213-DEFAULT-TITLE,0.0,shopify,continue,manual,45.00,,true,true,,,,,,https://cdn.shopify.com/s/files/1/0894/7436/7766/files/xhs_gw_legging_0010_1.jpg?v=1747075598,1,,false,,,,,,,,,,,,lb,,,true,,,true,,,active
leggings-bc-0210,Leggings- BC- 0214,<p>Custom made Leggings- BC- 0214 by Besu Customs.</p>,Besu Customs,Apparel & Accessories > Clothing > Activewear > Activewear Pants > Tights,leggings,Fitness / Gym Wear,true,Title,Default Title,,,,,,,,LEGGINGS-BC-0210-DEFAULT-TITLE,0.0,shopify,continue,manual,45.00,,true,true,,,,,,https://cdn.shopify.com/s/files/1/0894/7436/7766/files/xhs_gw_legging_007.jpg?v=1747074611,1,,false,,,,,,,,,,,,lb,,,true,,,true,,,active
leggings-0215,Leggings- BC- 0215,<p>Custom made Leggings- BC- 0215 by Besu Customs.</p>,Besu Customs,Apparel & Accessories > Clothing > Activewear > Activewear Pants > Tights,leggings,Fitness / Gym Wear,true,Title,Default Title,,,,,,,,LEGGINGS-0215-DEFAULT-TITLE,0.0,shopify,continue,manual,45.00,,true,true,,,,,,https://cdn.shopify.com/s/files/1/0894/7436/7766/files/xhs_gw_legging_0012.jpg?v=1747072724,1,,false,,,,,,,,,,,,lb,,,true,,,true,,,active
stringer-vest-bc-0473,Stringer Vest - BC-0473,<p>Custom made Stringer Vest - BC-0473 by Besu Customs.</p>,Besu Customs,Apparel & Accessories > Clothing > Clothing Tops > Tank Tops,tshirt,Stringer Vests,true,Title,Default Title,,,,,,,,STRINGER-VEST-BC-0473-DEFAULT-TITLE,0.0,shopify,continue,manual,35.00,,true,true,,,,,,https://cdn.shopify.com/s/files/1/0894/7436/7766/files/xhs_stringer_vest_001.jpg?v=1747030285,1,,false,,,,,,,,,,,,lb,,,true,,,true,,,active
tank-top-men-women-bc-0544,Tank Top Men / Women - BC-0544,<p>Custom made Tank Top Men / Women - BC-0544 by Besu Customs.</p>,Besu Customs,Apparel & Accessories > Clothing > Clothing Tops > Tank Tops,tshirt,"Fitness / Gym Wear, Tank Top Mens / Womens",true,Title,Default Title,,,,,,,,TANK-TOP-MEN-WOMEN-BC-0544-DEFAULT-TITLE,0.0,shopify,continue,manual,35.00,,true,true,,,,,,https://cdn.shopify.com/s/files/1/0894/7436/7766/files/xhs_tank_top_004.jpg?v=1747029821,1,,false,,,,,,,,,,,,lb,,,true,,,true,,,active
tank-top-men-women-bc-0543,Tank Top Men / Women - BC-0543,<p>Custom made Tank Top Men / Women - BC-0543 by Besu Customs.</p>,Besu Customs,Apparel & Accessories > Clothing > Clothing Tops > Tank Tops,tshirt,"Fitness / Gym Wear, Tank Top Mens / Womens",true,Title,Default Title,,,,,,,,TANK-TOP-MEN-WOMEN-BC-0543-DEFAULT-TITLE,0.0,shopify,continue,manual,35.00,,true,true,,,,,,https://cdn.shopify.com/s/files/1/0894/7436/7766/files/xhs_tank_top_003.png?v=1747029337,1,,false,,,,,,,,,,,,lb,,,true,,,true,,,active
tank-top-men-women-bc-0542,Tank Top Men / Women - BC-0542,<p>Custom made Tank Top Men / Women - BC-0542 by Besu Customs.</p>,Besu Customs,Apparel & Accessories > Clothing > Clothing Tops > Tank Tops,tshirt,"Fitness / Gym Wear, Tank Top Mens / Womens",true,Title,Default Title,,,,,,,,TANK-TOP-MEN-WOMEN-BC-0542-DEFAULT-TITLE,0.0,shopify,continue,manual,35.00,,true,true,,,,,,https://cdn.shopify.com/s/files/1/0894/7436/7766/files/xhs_tank_top_002.jpg?v=1747029110,1,,false,,,,,,,,,,,,lb,,,true,,,true,,,active
polo-shirt-rockway-middle-school,Polo Shirt Rockway Middle School,"<p>This Polo shirt features a stylish design with the logo of Rockway Middle School. Made from high-quality materials, it offers comfort and durability for daily wear. Show off your school spirit with this must-have addition to your wardrobe. Available in multiple sizes.</p>",Besu Customs,Apparel & Accessories > Clothing > Clothing Tops > Polos,polo,Rockway Middle School,true,Color,black,product.metafields.shopify.color-pattern,Size,youth-small,product.metafields.shopify.size,,,,POLO-SHIRT-ROCKWAY-MIDDLE-SCHOOL-BLACK-YOUTH-SMA,0.0,shopify,continue,manual,16.00,25.00,true,true,,,,,,https://cdn.shopify.com/s/files/1/0894/7436/7766/files/BesuCustoms-RockwayMiddleSchool-PoloBlack.jpg?v=1745196395,1,,false,,,,all-ages,black; white,v-neck,youth-small; youth-medium; youth-large; adult-small; adult-medium; adult-large; adult-extra-large; adult-2-xl,short,unisex,,,lb,,,true,,,true,,,active
polo-shirt-rockway-middle-school,,,,,,,,,black,,,youth-medium,,,,,POLO-SHIRT-ROCKWAY-MIDDLE-SCHOOL-BLACK-YOUTH-MED,0.0,shopify,continue,manual,16.00,25.00,true,true,,,,,,https://cdn.shopify.com/s/files/1/0894/7436/7766/files/BesuCustoms-RockwayMiddleSchool-PoloWhite.jpg?v=1745196395,2,,,,,,,,,,,,,,lb,,,true,,,true,,,
polo-shirt-rockway-middle-school,,,,,,,,,black,,,youth-large,,,,,POLO-SHIRT-ROCKWAY-MIDDLE-SCHOOL-BLACK-YOUTH-LAR,0.0,shopify,continue,manual,16.00,25.00,true,true,,,,,,,,,,,,,,,,,,,,,lb,,,true,,,true,,,
polo-shirt-rockway-middle-school,,,,,,,,,black,,,adult-small,,,,,POLO-SHIRT-ROCKWAY-MIDDLE-SCHOOL-BLACK-ADULT-SMA,0.0,shopify,continue,manual,16.00,25.00,true,true,,,,,,,,,,,,,,,,,,,,,lb,,,true,,,true,,,
polo-shirt-rockway-middle-school,,,,,,,,,black,,,adult-medium,,,,,POLO-SHIRT-ROCKWAY-MIDDLE-SCHOOL-BLACK-ADULT-MED,0.0,shopify,continue,manual,16.00,25.00,true,true,,,,,,,,,,,,,,,,,,,,,lb,,,true,,,true,,,
polo-shirt-rockway-middle-school,,,,,,,,,black,,,adult-large,,,,,POLO-SHIRT-ROCKWAY-MIDDLE-SCHOOL-BLACK-ADULT-LAR,0.0,shopify,continue,manual,16.00,25.00,true,true,,,,,,,,,,,,,,,,,,,,,lb,,,true,,,true,,,
polo-shirt-rockway-middle-school,,,,,,,,,black,,,adult-extra-large,,,,,POLO-SHIRT-ROCKWAY-MIDDLE-SCHOOL-BLACK-ADULT-EXT,0.0,shopify,continue,manual,16.00,25.00,true,true,,,,,,,,,,,,,,,,,,,,,lb,,,true,,,true,,,
polo-shirt-rockway-middle-school,,,,,,,,,black,,,adult-2-xl,,,,,POLO-SHIRT-ROCKWAY-MIDDLE-SCHOOL-BLACK-ADULT-2-X,0.0,shopify,continue,manual,16.00,25.00,true,true,,,,,,,,,,,,,,,,,,,,,lb,,,true,,,true,,,
polo-shirt-rockway-middle-school,,,,,,,,,white,,,youth-small,,,,,POLO-SHIRT-ROCKWAY-MIDDLE-SCHOOL-WHITE-YOUTH-SMA,0.0,shopify,continue,manual,16.00,25.00,true,true,,,,,,,,,,,,,,,,,,,,,lb,,,true,,,true,,,
polo-shirt-rockway-middle-school,,,,,,,,,white,,,youth-medium,,,,,POLO-SHIRT-ROCKWAY-MIDDLE-SCHOOL-WHITE-YOUTH-MED,0.0,shopify,continue,manual,16.00,25.00,true,true,,,,,,,,,,,,,,,,,,,,,lb,,,true,,,true,,,
polo-shirt-rockway-middle-school,,,,,,,,,white,,,youth-large,,,,,POLO-SHIRT-ROCKWAY-MIDDLE-SCHOOL-WHITE-YOUTH-LAR,0.0,shopify,continue,manual,16.00,25.00,true,true,,,,,,,,,,,,,,,,,,,,,lb,,,true,,,true,,,
polo-shirt-rockway-middle-school,,,,,,,,,white,,,adult-small,,,,,POLO-SHIRT-ROCKWAY-MIDDLE-SCHOOL-WHITE-ADULT-SMA,0.0,shopify,continue,manual,16.00,25.00,true,true,,,,,,,,,,,,,,,,,,,,,lb,,,true,,,true,,,
polo-shirt-rockway-middle-school,,,,,,,,,white,,,adult-medium,,,,,POLO-SHIRT-ROCKWAY-MIDDLE-SCHOOL-WHITE-ADULT-MED,0.0,shopify,continue,manual,16.00,25.00,true,true,,,,,,,,,,,,,,,,,,,,,lb,,,true,,,true,,,
polo-shirt-rockway-middle-school,,,,,,,,,white,,,adult-large,,,,,POLO-SHIRT-ROCKWAY-MIDDLE-SCHOOL-WHITE-ADULT-LAR,0.0,shopify,continue,manual,16.00,25.00,true,true,,,,,,,,,,,,,,,,,,,,,lb,,,true,,,true,,,
polo-shirt-rockway-middle-school,,,,,,,,,white,,,adult-extra-large,,,,,POLO-SHIRT-ROCKWAY-MIDDLE-SCHOOL-WHITE-ADULT-EXT,0.0,shopify,continue,manual,16.00,25.00,true,true,,,,,,,,,,,,,,,,,,,,,lb,,,true,,,true,,,
polo-shirt-rockway-middle-school,,,,,,,,,white,,,adult-2-xl,,,,,POLO-SHIRT-ROCKWAY-MIDDLE-SCHOOL-WHITE-ADULT-2-X,0.0,shopify,continue,manual,16.00,25.00,true,true,,,,,,,,,,,,,,,,,,,,,lb,,,true,,,true,,,
rockway-middle-school-sweater,Rockway Middle School Sweater,<p>Sweater for the Westchester County Rockway Middle School</p>,Besu Customs,Apparel & Accessories > Clothing > Uniforms > School Uniforms,sweater,Rockway Middle School,true,Color,gray,product.metafields.shopify.color-pattern,Size,youth-small,product.metafields.shopify.size,,,,ROCKWAY-MIDDLE-SCHOOL-SWEATER-GRAY-YOUTH-SMALL,0.0,shopify,continue,manual,20.00,,true,true,,,,,,https://cdn.shopify.com/s/files/1/0894/7436/7766/files/BesuCustoms-RockwayMiddleSchool-SweaterGrey.jpg?v=1745195554,1,,false,,,,all-ages,gray; black,,youth-small; youth-medium; youth-large; adult-small; adult-medium; adult-large; adult-extra-large; adult-2-xl,,,,,lb,,,true,,,true,,,active
rockway-middle-school-sweater,,,,,,,,,gray,,,youth-medium,,,,,ROCKWAY-MIDDLE-SCHOOL-SWEATER-GRAY-YOUTH-MEDIUM,0.0,shopify,continue,manual,20.00,,true,true,,,,,,https://cdn.shopify.com/s/files/1/0894/7436/7766/files/BesuCustoms-RockwayMiddleSchool-SweaterBlack.jpg?v=1745195565,2,,,,,,,,,,,,,,lb,,,true,,,true,,,
rockway-middle-school-sweater,,,,,,,,,gray,,,youth-large,,,,,ROCKWAY-MIDDLE-SCHOOL-SWEATER-GRAY-YOUTH-LARGE,0.0,shopify,continue,manual,20.00,,true,true,,,,,,,,,,,,,,,,,,,,,lb,,,true,,,true,,,
rockway-middle-school-sweater,,,,,,,,,gray,,,adult-small,,,,,ROCKWAY-MIDDLE-SCHOOL-SWEATER-GRAY-ADULT-SMALL,0.0,shopify,continue,manual,20.00,,true,true,,,,,,,,,,,,,,,,,,,,,lb,,,true,,,true,,,
rockway-middle-school-sweater,,,,,,,,,gray,,,adult-medium,,,,,ROCKWAY-MIDDLE-SCHOOL-SWEATER-GRAY-ADULT-MEDIUM,0.0,shopify,continue,manual,20.00,,true,true,,,,,,,,,,,,,,,,,,,,,lb,,,true,,,true,,,
rockway-middle-school-sweater,,,,,,,,,gray,,,adult-large,,,,,ROCKWAY-MIDDLE-SCHOOL-SWEATER-GRAY-ADULT-LARGE,0.0,shopify,continue,manual,20.00,,true,true,,,,,,,,,,,,,,,,,,,,,lb,,,true,,,true,,,
rockway-middle-school-sweater,,,,,,,,,gray,,,adult-extra-large,,,,,ROCKWAY-MIDDLE-SCHOOL-SWEATER-GRAY-ADULT-EXTRA-L,0.0,shopify,continue,manual,20.00,,true,true,,,,,,,,,,,,,,,,,,,,,lb,,,true,,,true,,,
rockway-middle-school-sweater,,,,,,,,,gray,,,adult-2-xl,,,,,ROCKWAY-MIDDLE-SCHOOL-SWEATER-GRAY-ADULT-2-XL,0.0,shopify,continue,manual,20.00,,true,true,,,,,,,,,,,,,,,,,,,,,lb,,,true,,,true,,,
rockway-middle-school-sweater,,,,,,,,,black,,,youth-small,,,,,ROCKWAY-MIDDLE-SCHOOL-SWEATER-BLACK-YOUTH-SMALL,0.0,shopify,continue,manual,20.00,,true,true,,,,,,,,,,,,,,,,,,,,,lb,,,true,,,true,,,
rockway-middle-school-sweater,,,,,,,,,black,,,youth-medium,,,,,ROCKWAY-MIDDLE-SCHOOL-SWEATER-BLACK-YOUTH-MEDIUM,0.0,shopify,continue,manual,20.00,,true,true,,,,,,,,,,,,,,,,,,,,,lb,,,true,,,true,,,
rockway-middle-school-sweater,,,,,,,,,black,,,youth-large,,,,,ROCKWAY-MIDDLE-SCHOOL-SWEATER-BLACK-YOUTH-LARGE,0.0,shopify,continue,manual,20.00,,true,true,,,,,,,,,,,,,,,,,,,,,lb,,,true,,,true,,,
rockway-middle-school-sweater,,,,,,,,,black,,,adult-small,,,,,ROCKWAY-MIDDLE-SCHOOL-SWEATER-BLACK-ADULT-SMALL,0.0,shopify,continue,manual,20.00,,true,true,,,,,,,,,,,,,,,,,,,,,lb,,,true,,,true,,,
rockway-middle-school-sweater,,,,,,,,,black,,,adult-medium,,,,,ROCKWAY-MIDDLE-SCHOOL-SWEATER-BLACK-ADULT-MEDIUM,0.0,shopify,continue,manual,20.00,,true,true,,,,,,,,,,,,,,,,,,,,,lb,,,true,,,true,,,
rockway-middle-school-sweater,,,,,,,,,black,,,adult-large,,,,,ROCKWAY-MIDDLE-SCHOOL-SWEATER-BLACK-ADULT-LARGE,0.0,shopify,continue,manual,20.00,,true,true,,,,,,,,,,,,,,,,,,,,,lb,,,true,,,true,,,
rockway-middle-school-sweater,,,,,,,,,black,,,adult-extra-large,,,,,ROCKWAY-MIDDLE-SCHOOL-SWEATER-BLACK-ADULT-EXTRA-,0.0,shopify,continue,manual,20.00,,true,true,,,,,,,,,,,,,,,,,,,,,lb,,,true,,,true,,,
rockway-middle-school-sweater,,,,,,,,,black,,,adult-2-xl,,,,,ROCKWAY-MIDDLE-SCHOOL-SWEATER-BLACK-ADULT-2-XL,0.0,shopify,continue,manual,20.00,,true,true,,,,,,,,,,,,,,,,,,,,,lb,,,true,,,true,,,
true-north-classical-academy-hoodie-pants,True North Classical Academy Hoodie & Pants,<p>True North Classical Academy Hoodie and Pants</p>,Besu Customs,Apparel & Accessories > Clothing > Outfit Sets,Hoodie,True North Classical Academy,true,Size,youth-large,product.metafields.shopify.size,,,,,,,TRUE-NORTH-CLASSICAL-ACADEMY-HOODIE-PANTS-YOUTH-,0.0,shopify,continue,manual,70.00,,true,true,,,,,,https://cdn.shopify.com/s/files/1/0894/7436/7766/files/TrueNorthClassicalAcademy-HoodiePants.jpg?v=1732438173,1,,false,,,,adults,black,,youth-large; youth-extra-large; adult-extra-small; adult-small; adult-medium; adult-large; adult-extra-large; adult-2-xl,,unisex,,,lb,,,true,,,true,,,active
true-north-classical-academy-hoodie-pants,,,,,,,,,youth-extra-large,,,,,,,,TRUE-NORTH-CLASSICAL-ACADEMY-HOODIE-PANTS-YOUTH-,0.0,shopify,continue,manual,70.00,,true,true,,,,,,,,,,,,,,,,,,,,,lb,,,true,,,true,,,
true-north-classical-academy-hoodie-pants,,,,,,,,,adult-extra-small,,,,,,,,TRUE-NORTH-CLASSICAL-ACADEMY-HOODIE-PANTS-ADULT-,0.0,shopify,continue,manual,70.00,,true,true,,,,,,,,,,,,,,,,,,,,,lb,,,true,,,true,,,
true-north-classical-academy-hoodie-pants,,,,,,,,,adult-small,,,,,,,,TRUE-NORTH-CLASSICAL-ACADEMY-HOODIE-PANTS-ADULT-,0.0,shopify,continue,manual,70.00,,true,true,,,,,,,,,,,,,,,,,,,,,lb,,,true,,,true,,,
true-north-classical-academy-hoodie-pants,,,,,,,,,adult-medium,,,,,,,,TRUE-NORTH-CLASSICAL-ACADEMY-HOODIE-PANTS-ADULT-,0.0,shopify,continue,manual,70.00,,true,true,,,,,,,,,,,,,,,,,,,,,lb,,,true,,,true,,,
true-north-classical-academy-hoodie-pants,,,,,,,,,adult-large,,,,,,,,TRUE-NORTH-CLASSICAL-ACADEMY-HOODIE-PANTS-ADULT-,0.0,shopify,continue,manual,70.00,,true,true,,,,,,,,,,,,,,,,,,,,,lb,,,true,,,true,,,
true-north-classical-academy-hoodie-pants,,,,,,,,,adult-extra-large,,,,,,,,TRUE-NORTH-CLASSICAL-ACADEMY-HOODIE-PANTS-ADULT-,0.0,shopify,continue,manual,70.00,,true,true,,,,,,,,,,,,,,,,,,,,,lb,,,true,,,true,,,
true-north-classical-academy-hoodie-pants,,,,,,,,,adult-2-xl,,,,,,,,TRUE-NORTH-CLASSICAL-ACADEMY-HOODIE-PANTS-ADULT-,0.0,shopify,continue,manual,70.00,,true,true,,,,,,,,,,,,,,,,,,,,,lb,,,true,,,true,,,
true-north-classical-academy-hoodie,True North Classical Academy Hoodie,<p>True North Classical Academy Hoodie</p>,Besu Customs,Apparel & Accessories > Clothing > Clothing Tops > Hoodies,Hoodie,True North Classical Academy,true,Title,Default Title,,,,,,,,TRUE-NORTH-CLASSICAL-ACADEMY-HOODIE-DEFAULT-TITL,0.0,shopify,continue,manual,45.00,,true,true,,,,,,https://cdn.shopify.com/s/files/1/0894/7436/7766/files/TrueNorthClassicalAcademy-Hoodie.jpg?v=1732438051,1,,false,,,,,white,hooded,,,unisex,,,lb,,,true,,,true,,,active
true-north-classical-academy-shorts,True North Classical Academy Shorts,<p>True North Classical Academy Shorts</p>,Besu Customs,Apparel & Accessories > Clothing > Uniforms > Sports Uniforms,short,True North Classical Academy,true,Title,Default Title,,,,,,,,TRUE-NORTH-CLASSICAL-ACADEMY-SHORTS-DEFAULT-TITL,0.0,shopify,continue,manual,30.00,,true,true,,,,,,https://cdn.shopify.com/s/files/1/0894/7436/7766/files/TrueNorthClassicalAcademy-Shorts.jpg?v=1732437623,1,,false,,,,,black,,,short,unisex,,,lb,,,true,,,true,,,active
true-north-classical-academy-backpack,True North Classical Academy Backpack,<p>True North Classical Academy Backpack</p>,Besu Customs,Luggage & Bags > Backpacks,bag,True North Classical Academy,true,Title,Default Title,,,,,,,,TRUE-NORTH-CLASSICAL-ACADEMY-BACKPACK-DEFAULT-TI,0.0,shopify,continue,manual,45.00,,true,true,,,,,,https://cdn.shopify.com/s/files/1/0894/7436/7766/files/TrueNorthClassicalAcademy-Backpack.jpg?v=1732436644,1,,false,,,,,black,,,,,,,lb,,,true,,,true,,,active
true-north-classical-academy-shirt,True North Classical Academy Shirt,<p>True North Classical Academy Shirt</p>,Besu Customs,Apparel & Accessories > Clothing > Clothing Tops > T-Shirts,tshirt,True North Classical Academy,true,Color,purple,product.metafields.shopify.color-pattern,,,,,,,TRUE-NORTH-CLASSICAL-ACADEMY-SHIRT-PURPLE,0.0,shopify,continue,manual,25.00,,true,true,,,,,,https://cdn.shopify.com/s/files/1/0894/7436/7766/files/TrueNorthClassicalAcademy-TShirt-Purple.jpg?v=1732436409,1,,false,,,,,purple; black,,,long,unisex,medium,https://cdn.shopify.com/s/files/1/0894/7436/7766/files/TrueNorthClassicalAcademy-TShirt-Purple.jpg?v=1732436409,lb,,,true,,,true,,,active
true-north-classical-academy-shirt,,,,,,,,,black,,,,,,,,TRUE-NORTH-CLASSICAL-ACADEMY-SHIRT-BLACK,0.0,shopify,continue,manual,25.00,,true,true,,,,,,https://cdn.shopify.com/s/files/1/0894/7436/7766/files/TrueNorthClassicalAcademy-TShirt-Black.jpg?v=1732436409,2,,,,,,,,,,,,,https://cdn.shopify.com/s/files/1/0894/7436/7766/files/TrueNorthClassicalAcademy-TShirt-Black.jpg?v=1732436409,lb,,,true,,,true,,,
henry-h-filer-middle-school-cheer,Henry H. Filer Middle School Cheer,<p>For the ultimate supporters of HFMS! The brand new Cheerleading Uniform</p>,Besu Customs,Apparel & Accessories > Clothing > Uniforms > Sports Uniforms,Cheerleader,HenryFilerMiddleSchool,true,Size,youth-small,product.metafields.shopify.size,,,,,,,HENRY-H-FILER-MIDDLE-SCHOOL-CHEER-YOUTH-SMALL,0.0,shopify,continue,manual,65.00,,true,true,,,,,,https://cdn.shopify.com/s/files/1/0894/7436/7766/files/BesuCustoms-HenryFFilerMiddleSchool-CheerleaderUniform.jpg?v=1732184511,1,,false,,,cheerleading,kids,orange,,youth-small; youth-medium; youth-large; adult-small; adult-medium; adult-large; adult-extra-large; adult-extra-small,,female,,,lb,,,true,,,true,,,active
henry-h-filer-middle-school-cheer,,,,,,,,,youth-medium,,,,,,,,HENRY-H-FILER-MIDDLE-SCHOOL-CHEER-YOUTH-MEDIUM,0.0,shopify,continue,manual,65.00,,true,true,,,,,,,,,,,,,,,,,,,,,lb,,,true,,,true,,,
henry-h-filer-middle-school-cheer,,,,,,,,,youth-large,,,,,,,,HENRY-H-FILER-MIDDLE-SCHOOL-CHEER-YOUTH-LARGE,0.0,shopify,continue,manual,65.00,,true,true,,,,,,,,,,,,,,,,,,,,,lb,,,true,,,true,,,
henry-h-filer-middle-school-cheer,,,,,,,,,adult-small,,,,,,,,HENRY-H-FILER-MIDDLE-SCHOOL-CHEER-ADULT-SMALL,0.0,shopify,continue,manual,65.00,,true,true,,,,,,,,,,,,,,,,,,,,,lb,,,true,,,true,,,
henry-h-filer-middle-school-cheer,,,,,,,,,adult-medium,,,,,,,,HENRY-H-FILER-MIDDLE-SCHOOL-CHEER-ADULT-MEDIUM,0.0,shopify,continue,manual,65.00,,true,true,,,,,,,,,,,,,,,,,,,,,lb,,,true,,,true,,,
henry-h-filer-middle-school-cheer,,,,,,,,,adult-large,,,,,,,,HENRY-H-FILER-MIDDLE-SCHOOL-CHEER-ADULT-LARGE,0.0,shopify,continue,manual,65.00,,true,true,,,,,,,,,,,,,,,,,,,,,lb,,,true,,,true,,,
henry-h-filer-middle-school-cheer,,,,,,,,,adult-extra-large,,,,,,,,HENRY-H-FILER-MIDDLE-SCHOOL-CHEER-ADULT-EXTRA-LA,0.0,shopify,continue,manual,65.00,,true,true,,,,,,,,,,,,,,,,,,,,,lb,,,true,,,true,,,
henry-h-filer-middle-school-cheer,,,,,,,,,adult-extra-small,,,,,,,,HENRY-H-FILER-MIDDLE-SCHOOL-CHEER-ADULT-EXTRA-SM,0.0,shopify,continue,manual,65.00,,true,true,,,,,,,,,,,,,,,,,,,,,lb,,,true,,,true,,,
henry-h-filer-middle-school,Henry H. Filer Middle School Hoodie,"<p>Henry H. Filer Middle School Zipper Hoddie<br></p>
<p><br></p>
<!---->",My Store,Apparel & Accessories > Clothing > Clothing Tops > Hoodies,Hoodie,HenryFilerMiddleSchool,true,Letter Color,White letters with orange outline,,Size,adult-small,product.metafields.shopify.size,,,,HENRY-H-FILER-MIDDLE-SCHOOL-WHITE-LETTERS-WITH-O,907.18474,shopify,continue,manual,30.00,50.00,true,true,,,,,,https://cdn.shopify.com/s/files/1/0894/7436/7766/files/BesuCustoms-HenryFFilerMiddleSchool-ZipHoddie4.jpg?v=1723067104,1,,false,Henry H. Filer Middle School Hoodie,Henry H. Filer Middle School Zipper Hoddie with zipper,,teens,black,hooded,adult-small; adult-medium; adult-large; adult-extra-large; adult-2-xl; adult-3-xl; youth-medium; youth-large,,unisex,,https://cdn.shopify.com/s/files/1/0894/7436/7766/files/BesuCustoms-HenryFFilerMiddleSchool-ZipHoddie4.jpg?v=1723067104,lb,,,true,,,true,,,active
henry-h-filer-middle-school,,,,,,,,,White letters with orange outline,,,adult-medium,,,,,HENRY-H-FILER-MIDDLE-SCHOOL-WHITE-LETTERS-WITH-O,907.18474,shopify,continue,manual,30.00,50.00,true,true,,,,,,,,,,,,,,,,,,,,https://cdn.shopify.com/s/files/1/0894/7436/7766/files/BesuCustoms-HenryFFilerMiddleSchool-ZipHoddie4.jpg?v=1723067104,lb,,,true,,,true,,,
henry-h-filer-middle-school,,,,,,,,,White letters with orange outline,,,adult-large,,,,,HENRY-H-FILER-MIDDLE-SCHOOL-WHITE-LETTERS-WITH-O,907.18474,shopify,continue,manual,30.00,50.00,true,true,,,,,,,,,,,,,,,,,,,,https://cdn.shopify.com/s/files/1/0894/7436/7766/files/BesuCustoms-HenryFFilerMiddleSchool-ZipHoddie4.jpg?v=1723067104,lb,,,true,,,true,,,
henry-h-filer-middle-school,,,,,,,,,White letters with orange outline,,,adult-extra-large,,,,,HENRY-H-FILER-MIDDLE-SCHOOL-WHITE-LETTERS-WITH-O,907.18474,shopify,continue,manual,30.00,50.00,true,true,,,,,,,,,,,,,,,,,,,,https://cdn.shopify.com/s/files/1/0894/7436/7766/files/BesuCustoms-HenryFFilerMiddleSchool-ZipHoddie4.jpg?v=1723067104,lb,,,true,,,true,,,
henry-h-filer-middle-school,,,,,,,,,White letters with orange outline,,,adult-2-xl,,,,,HENRY-H-FILER-MIDDLE-SCHOOL-WHITE-LETTERS-WITH-O,907.18474,shopify,continue,manual,30.00,50.00,true,true,,,,,,,,,,,,,,,,,,,,https://cdn.shopify.com/s/files/1/0894/7436/7766/files/BesuCustoms-HenryFFilerMiddleSchool-ZipHoddie4.jpg?v=1723067104,lb,,,true,,,true,,,
henry-h-filer-middle-school,,,,,,,,,White letters with orange outline,,,adult-3-xl,,,,,HENRY-H-FILER-MIDDLE-SCHOOL-WHITE-LETTERS-WITH-O,907.18474,shopify,continue,manual,30.00,50.00,true,true,,,,,,,,,,,,,,,,,,,,https://cdn.shopify.com/s/files/1/0894/7436/7766/files/BesuCustoms-HenryFFilerMiddleSchool-ZipHoddie4.jpg?v=1723067104,lb,,,true,,,true,,,
henry-h-filer-middle-school,,,,,,,,,White letters with orange outline,,,youth-medium,,,,,HENRY-H-FILER-MIDDLE-SCHOOL-WHITE-LETTERS-WITH-O,907.18474,shopify,continue,manual,30.00,50.00,true,true,,,,,,,,,,,,,,,,,,,,https://cdn.shopify.com/s/files/1/0894/7436/7766/files/BesuCustoms-HenryFFilerMiddleSchool-ZipHoddie4.jpg?v=1723067104,lb,,,true,,,true,,,
henry-h-filer-middle-school,,,,,,,,,White letters with orange outline,,,youth-large,,,,,HENRY-H-FILER-MIDDLE-SCHOOL-WHITE-LETTERS-WITH-O,907.18474,shopify,continue,manual,30.00,50.00,true,true,,,,,,,,,,,,,,,,,,,,https://cdn.shopify.com/s/files/1/0894/7436/7766/files/BesuCustoms-HenryFFilerMiddleSchool-ZipHoddie4.jpg?v=1723067104,lb,,,true,,,true,,,
