Handle,Title,Body (HTML),Vendor,Product Category,Type,Tags,Published,Option1 Name,Option1 Value,Option1 Linked To,Option2 Name,Option2 Value,Option2 Linked To,Option3 Name,Option3 Value,Option3 Linked To,Variant SKU,Variant Grams,Variant Inventory Tracker,Variant Inventory Policy,Variant Fulfillment Service,Variant Price,Variant Compare At Price,Variant Requires Shipping,Variant Taxable,Unit Price Total Measure,Unit Price Total Measure Unit,Unit Price Base Measure,Unit Price Base Measure Unit,Variant Barcode,Image Src,Image Position,Image Alt Text,Gift Card,SEO Title,SEO Description,Activity (product.metafields.shopify.activity),Age group (product.metafields.shopify.age-group),Color (product.metafields.shopify.color-pattern),Neckline (product.metafields.shopify.neckline),Size (product.metafields.shopify.size),Sleeve length type (product.metafields.shopify.sleeve-length-type),Target gender (product.metafields.shopify.target-gender),Top length type (product.metafields.shopify.top-length-type),Variant Image,Variant Weight Unit,Variant Tax Code,Cost per item,Included / United States,Price / United States,Compare At Price / United States,Included / International,Price / International,Compare At Price / International,Status
sports-bag-bc-0452,Sports Bag- BC-0452,"",Besu Customs,Luggage & Bags > Duffel Bags > Gym Duffel Bags,Sports Accessories,Sports Bags,false,Title,Default Title,,,,,,,,,0.0,shopify,deny,manual,0.00,,true,true,,,,,"",https://cdn.shopify.com/s/files/1/0894/7436/7766/files/xhs_sports_bag_0010.jpg?v=1757970936,1,"",false,,,,,,,,,,,,lb,,,true,,,true,,,draft
sports-bag-bc-0451,Sports Bag- BC-0451,"",Besu Customs,Luggage & Bags > Duffel Bags > Gym Duffel Bags,Sports Accessories,Sports Bags,false,Title,Default Title,,,,,,,,,0.0,shopify,deny,manual,0.00,,true,true,,,,,"",https://cdn.shopify.com/s/files/1/0894/7436/7766/files/xhs_sports_bag_009.jpg?v=1757966425,1,"",false,,,,,,,,,,,,lb,,,true,,,true,,,draft
sports-bag-bc-0450,Sports Bag- BC-0450,"",Besu Customs,Luggage & Bags > Duffel Bags > Gym Duffel Bags,Sports Accessories,Sports Bags,false,Title,Default Title,,,,,,,,,0.0,shopify,deny,manual,0.00,,true,true,,,,,"",https://cdn.shopify.com/s/files/1/0894/7436/7766/files/xhs_sports_bag_008.jpg?v=1757966044,1,"",false,,,,,,,,,,,,lb,,,true,,,true,,,draft
sports-bag-bc-0449,Sports Bag- BC-0449,"",Besu Customs,Luggage & Bags > Duffel Bags > Gym Duffel Bags,Sports Accessories,Sports Bags,false,Title,Default Title,,,,,,,,,0.0,shopify,deny,manual,0.00,,true,true,,,,,"",https://cdn.shopify.com/s/files/1/0894/7436/7766/files/xhs_sports_bag_007.jpg?v=1757964372,1,"",false,,,,,,,,,,,,lb,,,true,,,true,,,draft
sports-bag-bc-0448,Sports Bag- BC-0448,"",Besu Customs,Luggage & Bags > Duffel Bags > Gym Duffel Bags,Sports Accessories,Sports Bags,false,Title,Default Title,,,,,,,,,0.0,shopify,deny,manual,0.00,,true,true,,,,,"",https://cdn.shopify.com/s/files/1/0894/7436/7766/files/xhs_sports_bag_006.jpg?v=1757801105,1,"",false,,,,,,,,,,,,lb,,,true,,,true,,,draft
sports-bag-bc-0447,Sports Bag- BC-0447,"",Besu Customs,Luggage & Bags > Duffel Bags > Gym Duffel Bags,Sports Accessories,Sports Bags,false,Title,Default Title,,,,,,,,,0.0,shopify,deny,manual,0.00,,true,true,,,,,"",https://cdn.shopify.com/s/files/1/0894/7436/7766/files/xhs_sports_bag_005.jpg?v=1757796945,1,"",false,,,,,,,,,,,,lb,,,true,,,true,,,draft
sports-bag-product-code-bc-0446,Sports Bag- BC-0446,"",Besu Customs,Uncategorized,Sports Accessories,Sports Bags,false,Title,Default Title,,,,,,,,,0.0,shopify,deny,manual,0.00,,true,true,,,,,"",https://cdn.shopify.com/s/files/1/0894/7436/7766/files/xhs_sports_bag_004.jpg?v=1757796427,1,"",false,,,,,,,,,,,,lb,,,true,,,true,,,draft
sports-bag-bc-0445,Sports Bag- BC-0445,"",Besu Customs,Luggage & Bags > Duffel Bags > Gym Duffel Bags,Sports Accessories,Sports Bags,false,Title,Default Title,,,,,,,,,0.0,shopify,deny,manual,0.00,,true,true,,,,,"",https://cdn.shopify.com/s/files/1/0894/7436/7766/files/xhs_sports_bag_003.jpg?v=1757794825,1,"",false,,,,,,,,,,,,lb,,,true,,,true,,,draft
sports-bag-bc-0444,Sports Bag- BC-0444,"",Besu Customs,Luggage & Bags > Duffel Bags > Gym Duffel Bags,Sports Accessories,Sports Bags,false,Title,Default Title,,,,,,,,,0.0,shopify,deny,manual,0.00,,true,true,,,,,"",https://cdn.shopify.com/s/files/1/0894/7436/7766/files/xhs_sports_bag_002.jpg?v=1756835334,1,"",false,,,,,,,,,,,,lb,,,true,,,true,,,draft
sports-bag-bc-0443,Sports Bag- BC-0443,"",Besu Customs,Sporting Goods > Athletics > General Purpose Athletic Equipment > Ball Carrying Bags & Carts > Ball Carrying Bags,Sports Accessories,Sports Bags,false,Title,Default Title,,,,,,,,,0.0,shopify,deny,manual,0.00,,true,true,,,,,"",https://cdn.shopify.com/s/files/1/0894/7436/7766/files/xhs_sports_bag_001.jpg?v=1756833236,1,"",false,,,,,,,,,,,,lb,,,true,,,true,,,draft
face-mask-ski-mask-bc-0135,Face Mask / Ski Mask- BC-0135,"",Besu Customs,Apparel & Accessories > Clothing Accessories > Fashion Face Masks,Sports Accessories,Face Masks/ Ski Masks,false,Title,Default Title,,,,,,,,,0.0,shopify,deny,manual,0.00,,true,true,,,,,"",https://cdn.shopify.com/s/files/1/0894/7436/7766/files/xhs_face_ski_mask_0011.jpg?v=1755911122,1,"",false,,,,,,,,,,,,lb,,,true,,,true,,,draft
face-mask-ski-mask-bc-0134,Face Mask / Ski Mask- BC-0134,"",Besu Customs,Apparel & Accessories > Clothing Accessories > Fashion Face Masks,Sports Accessories,Face Masks/ Ski Masks,false,Title,Default Title,,,,,,,,,0.0,shopify,deny,manual,0.00,,true,true,,,,,"",https://cdn.shopify.com/s/files/1/0894/7436/7766/files/xhs_face_ski_mask_0010.jpg?v=1755909492,1,"",false,,,,,,,,,,,,lb,,,true,,,true,,,draft
face-mask-ski-mask-bc-0133,Face Mask / Ski Mask- BC-0133,"",Besu Customs,Apparel & Accessories > Clothing Accessories > Fashion Face Masks,Sports Accessories,Face Masks/ Ski Masks,false,Title,Default Title,,,,,,,,,0.0,shopify,deny,manual,0.00,,true,true,,,,,"",https://cdn.shopify.com/s/files/1/0894/7436/7766/files/xhs_face_ski_mask_009.jpg?v=1755792099,1,"",false,,,,,,,,,,,,lb,,,true,,,true,,,draft
face-mask-ski-mask-bc-0132,Face Mask / Ski Mask- BC-0132,"",Besu Customs,Apparel & Accessories > Clothing Accessories > Balaclavas,Sports Accessories,Face Masks/ Ski Masks,false,Title,Default Title,,,,,,,,,0.0,shopify,deny,manual,0.00,,true,true,,,,,"",https://cdn.shopify.com/s/files/1/0894/7436/7766/files/xhs_face_ski_mask_008.jpg?v=1755215580,1,"",false,,,,,,,,,,,,lb,,,true,,,true,,,draft
face-mask-ski-mask-bc-0131,Face Mask / Ski Mask- BC-0131,"",Besu Customs,Apparel & Accessories > Clothing Accessories > Fashion Face Masks,Sports Accessories,Face Masks/ Ski Masks,false,Title,Default Title,,,,,,,,,0.0,shopify,deny,manual,0.00,,true,true,,,,,"",https://cdn.shopify.com/s/files/1/0894/7436/7766/files/xhs_face_ski_mask_007.jpg?v=1755215163,1,"",false,,,,,,,,,,,,lb,,,true,,,true,,,draft
face-mask-ski-mask-bc-0130,Face Mask / Ski Mask- BC-0130,"",Besu Customs,Apparel & Accessories > Clothing Accessories > Balaclavas,Sports Accessories,Face Masks/ Ski Masks,false,Title,Default Title,,,,,,,,,0.0,shopify,deny,manual,0.00,,true,true,,,,,"",https://cdn.shopify.com/s/files/1/0894/7436/7766/files/xhs_face_ski_mask_006.jpg?v=1755214904,1,"",false,,,,,,,,,,,,lb,,,true,,,true,,,draft
face-mask-ski-mask-bc-0129,Face Mask / Ski Mask- BC-0129,"",Besu Customs,Apparel & Accessories > Clothing Accessories > Fashion Face Masks,Sports Accessories,Face Masks/ Ski Masks,false,Title,Default Title,,,,,,,,,0.0,shopify,deny,manual,0.00,,true,true,,,,,"",https://cdn.shopify.com/s/files/1/0894/7436/7766/files/xhs_face_ski_mask_005.jpg?v=1755214440,1,"",false,,,,,,,,,,,,lb,,,true,,,true,,,draft
face-mask-ski-mask-bc-0128,Face Mask / Ski Mask- BC-0128,"",Besu Customs,Apparel & Accessories > Clothing Accessories > Fashion Face Masks,Sports Accessories,Face Masks/ Ski Masks,false,Title,Default Title,,,,,,,,,0.0,shopify,deny,manual,0.00,,true,true,,,,,"",https://cdn.shopify.com/s/files/1/0894/7436/7766/files/xhs_face_ski_mask_004.jpg?v=1755214251,1,"",false,,,,,,,,,,,,lb,,,true,,,true,,,draft
face-mask-ski-mask-bc-0127,Face Mask / Ski Mask- BC-0127,"",Besu Customs,Apparel & Accessories > Clothing Accessories > Balaclavas,Sports Accessories,Face Masks/ Ski Masks,false,Title,Default Title,,,,,,,,,0.0,shopify,deny,manual,0.00,,true,true,,,,,"",https://cdn.shopify.com/s/files/1/0894/7436/7766/files/xhs_face_ski_mask_003.jpg?v=1755213535,1,"",false,,,,,,,,,,,,lb,,,true,,,true,,,draft
face-mask-ski-mask-bc-0126,Face Mask / Ski Mask- BC-0126,"",Besu Customs,Apparel & Accessories > Clothing Accessories > Fashion Face Masks,Sports Accessories,Face Masks/ Ski Masks,false,Title,Default Title,,,,,,,,,0.0,shopify,deny,manual,0.00,,true,true,,,,,"",https://cdn.shopify.com/s/files/1/0894/7436/7766/files/xhs_face_ski_mask_002.jpg?v=1755213357,1,"",false,,,,,,,,,,,,lb,,,true,,,true,,,draft
face-mask-ski-mask-bc-0125,Face Mask / Ski Mask- BC-0125,"",Besu Customs,Apparel & Accessories > Clothing Accessories > Fashion Face Masks,Sports Accessories,Face Masks/ Ski Masks,false,Title,Default Title,,,,,,,,,0.0,shopify,deny,manual,0.00,,true,true,,,,,"",https://cdn.shopify.com/s/files/1/0894/7436/7766/files/xhs_face_ski_mask_001.jpg?v=1755212860,1,"",false,,,,,,,,,,,,lb,,,true,,,true,,,draft
cycling-gloves-bc-0124,Cycling Gloves- BC-0124,"",Besu Customs,Sporting Goods > Outdoor Recreation > Cycling > Cycling Apparel & Accessories > Bicycle Gloves,Cycling Gloves,Gloves,false,Title,Default Title,,,,,,,,,0.0,shopify,deny,manual,0.00,,true,true,,,,,"",https://cdn.shopify.com/s/files/1/0894/7436/7766/files/xhs_cyc_glv_0013.jpg?v=1755020594,1,"",false,,,,,,,,,,,,lb,,,true,,,true,,,draft
cycling-gloves-bc-0123,Cycling Gloves- BC-0123,"",Besu Customs,Sporting Goods > Outdoor Recreation > Cycling > Cycling Apparel & Accessories > Bicycle Gloves,Cycling Gloves,Gloves,false,Title,Default Title,,,,,,,,,0.0,shopify,deny,manual,0.00,,true,true,,,,,"",https://cdn.shopify.com/s/files/1/0894/7436/7766/files/xhs_cyc_glv_0012.jpg?v=1755020408,1,"",false,,,,,,,,,,,,lb,,,true,,,true,,,draft
cycling-gloves-bc-0122,Cycling Gloves- BC-0122,"",Besu Customs,Sporting Goods > Outdoor Recreation > Cycling > Cycling Apparel & Accessories > Bicycle Gloves,Cycling Gloves,Gloves,false,Title,Default Title,,,,,,,,,0.0,shopify,deny,manual,0.00,,true,true,,,,,"",https://cdn.shopify.com/s/files/1/0894/7436/7766/files/xhs_cyc_glv_0011.jpg?v=1755020130,1,"",false,,,,,,,,,,,,lb,,,true,,,true,,,draft
cycling-gloves-bc-0121,Cycling Gloves- BC-0121,"",Besu Customs,Sporting Goods > Outdoor Recreation > Cycling > Cycling Apparel & Accessories > Bicycle Gloves,Cycling Gloves,Gloves,false,Title,Default Title,,,,,,,,,0.0,shopify,deny,manual,0.00,,true,true,,,,,"",https://cdn.shopify.com/s/files/1/0894/7436/7766/files/xhs_cyc_glv_0010.jpg?v=1755014823,1,"",false,,,,,,,,,,,,lb,,,true,,,true,,,draft
cycling-gloves-bc-0120,Cycling Gloves- BC-0120,"",Besu Customs,Sporting Goods > Outdoor Recreation > Cycling > Cycling Apparel & Accessories > Bicycle Gloves,Cycling Gloves,Gloves,false,Title,Default Title,,,,,,,,,0.0,shopify,deny,manual,0.00,,true,true,,,,,"",https://cdn.shopify.com/s/files/1/0894/7436/7766/files/xhs_cyc_glv_009.jpg?v=1754928016,1,"",false,,,,,,,,,,,,lb,,,true,,,true,,,draft
cycling-gloves-bc-0119,Cycling Gloves- BC-0119,"",Besu Customs,Sporting Goods > Outdoor Recreation > Cycling > Cycling Apparel & Accessories > Bicycle Gloves,Cycling Gloves,Gloves,false,Title,Default Title,,,,,,,,,0.0,shopify,deny,manual,0.00,,true,true,,,,,"",https://cdn.shopify.com/s/files/1/0894/7436/7766/files/xhs_cyc_glv_008.jpg?v=1754927081,1,"",false,,,,,,,,,,,,lb,,,true,,,true,,,draft
cycling-gloves-bc-0118,Cycling Gloves- BC-0118,"",Besu Customs,Sporting Goods > Outdoor Recreation > Cycling > Cycling Apparel & Accessories > Bicycle Gloves,Cycling Gloves,Gloves,false,Title,Default Title,,,,,,,,,0.0,shopify,deny,manual,0.00,,true,true,,,,,"",https://cdn.shopify.com/s/files/1/0894/7436/7766/files/xhs_cyc_glv_007.jpg?v=1754925589,1,"",false,,,,,,,,,,,,lb,,,true,,,true,,,draft
cycling-gloves-bc-0117,Cycling Gloves- BC-0117,"",Besu Customs,Sporting Goods > Outdoor Recreation > Cycling > Cycling Apparel & Accessories > Bicycle Gloves,Cycling Gloves,Gloves,false,Title,Default Title,,,,,,,,,0.0,shopify,deny,manual,0.00,,true,true,,,,,"",https://cdn.shopify.com/s/files/1/0894/7436/7766/files/xhs_cyc_glv_006.jpg?v=1754925148,1,"",false,,,,,,,,,,,,lb,,,true,,,true,,,draft
cycling-gloves-bc-0116,Cycling Gloves- BC-0116,"",Besu Customs,Sporting Goods > Outdoor Recreation > Cycling > Cycling Apparel & Accessories > Bicycle Gloves,Cycling Gloves,Gloves,false,Title,Default Title,,,,,,,,,0.0,shopify,deny,manual,0.00,,true,true,,,,,"",https://cdn.shopify.com/s/files/1/0894/7436/7766/files/xhs_cyc_glv_005.jpg?v=1754924741,1,"",false,,,,,,,,,,,,lb,,,true,,,true,,,draft
cycling-gloves-product-code-bc-0115,Cycling Gloves- BC-0115,"",Besu Customs,Sporting Goods > Outdoor Recreation > Cycling > Cycling Apparel & Accessories > Bicycle Gloves,Cycling Gloves,Gloves,false,Title,Default Title,,,,,,,,,0.0,shopify,deny,manual,0.00,,true,true,,,,,"",https://cdn.shopify.com/s/files/1/0894/7436/7766/files/xhs_cyc_glv_004.jpg?v=1753824877,1,"",false,,,,,,,,,,,,lb,,,true,,,true,,,draft
cycling-gloves-bc-0114,Cycling Gloves- BC-0114,"",Besu Customs,Sporting Goods > Outdoor Recreation > Cycling > Cycling Apparel & Accessories > Bicycle Gloves,Cycling Gloves,Gloves,false,Title,Default Title,,,,,,,,,0.0,shopify,deny,manual,0.00,,true,true,,,,,"",https://cdn.shopify.com/s/files/1/0894/7436/7766/files/xhs_cyc_glv_003.jpg?v=1753772864,1,"",false,,,,,,,,,,,,lb,,,true,,,true,,,draft
cycling-gloves-bc-0113,Cycling Gloves- BC-0113,"",Besu Customs,Sporting Goods > Outdoor Recreation > Cycling > Cycling Apparel & Accessories > Bicycle Gloves,Cycling Gloves,Gloves,false,Title,Default Title,,,,,,,,,0.0,shopify,deny,manual,0.00,,true,true,,,,,"",https://cdn.shopify.com/s/files/1/0894/7436/7766/files/xhs_cyc_glv_002.jpg?v=1753772559,1,"",false,,,,,,,,,,,,lb,,,true,,,true,,,draft
cycling-gloves-bc-0112,Cycling Gloves- BC-0112,"",Besu Customs,Sporting Goods > Outdoor Recreation > Cycling > Cycling Apparel & Accessories > Bicycle Gloves,Cycling Gloves,Gloves,false,Title,Default Title,,,,,,,,,0.0,shopify,deny,manual,0.00,,true,true,,,,,"",https://cdn.shopify.com/s/files/1/0894/7436/7766/files/xhs_cyc_glv_001.jpg?v=1753772316,1,"",false,,,,,,,,,,,,lb,,,true,,,true,,,draft
weight-lifting-gloves-bc-0683,Weight Lifting Gloves- BC-0683,"",Besu Customs,Sporting Goods > Fitness & General Exercise Equipment > Weight Lifting > Weight Lifting Gloves & Hand Supports,Weight Lifting Gloves,Boxing Gear,false,Title,Default Title,,,,,,,,,0.0,shopify,deny,manual,0.00,,true,true,,,,,"",https://cdn.shopify.com/s/files/1/0894/7436/7766/files/xhs_weight_lift_glv_009.jpg?v=1753771982,1,"",false,,,,,,,,,,,,lb,,,true,,,true,,,draft
weight-lifting-gloves-bc-0682,Weight Lifting Gloves- BC-0682,"",Besu Customs,Sporting Goods > Fitness & General Exercise Equipment > Weight Lifting > Weight Lifting Gloves & Hand Supports,Weight Lifting Gloves,Boxing Gear,false,Title,Default Title,,,,,,,,,0.0,shopify,deny,manual,0.00,,true,true,,,,,"",https://cdn.shopify.com/s/files/1/0894/7436/7766/files/xhs_weight_lift_glv_008.jpg?v=1752956225,1,"",false,,,,,,,,,,,,lb,,,true,,,true,,,draft
weight-lifting-gloves-bc-0681,Weight Lifting Gloves- BC-0681,"",Besu Customs,Sporting Goods > Fitness & General Exercise Equipment > Weight Lifting > Weight Lifting Gloves & Hand Supports,Weight Lifting Gloves,Boxing Gear,false,Title,Default Title,,,,,,,,,0.0,shopify,deny,manual,0.00,,true,true,,,,,"",https://cdn.shopify.com/s/files/1/0894/7436/7766/files/xhs_weight_lift_glv_007.jpg?v=1752955442,1,"",false,,,,,,,,,,,,lb,,,true,,,true,,,draft
weight-lifting-gloves-bc-0680,Weight Lifting Gloves- BC-0680,"",Besu Customs,Sporting Goods > Fitness & General Exercise Equipment > Weight Lifting > Weight Lifting Gloves & Hand Supports,Weight Lifting Gloves,Boxing Gear,false,Title,Default Title,,,,,,,,,0.0,shopify,deny,manual,0.00,,true,true,,,,,"",https://cdn.shopify.com/s/files/1/0894/7436/7766/files/xhs_weight_lift_glv_006.jpg?v=1752871831,1,"",false,,,,,,,,,,,,lb,,,true,,,true,,,draft
weight-lifting-gloves-bc-0679,Weight Lifting Gloves- BC-0679,"",Besu Customs,Sporting Goods > Fitness & General Exercise Equipment > Weight Lifting > Weight Lifting Gloves & Hand Supports,Weight Lifting Gloves,Boxing Gear,false,Title,Default Title,,,,,,,,,0.0,shopify,deny,manual,0.00,,true,true,,,,,"",https://cdn.shopify.com/s/files/1/0894/7436/7766/files/xhs_weight_lift_glv_005.jpg?v=1752869245,1,"",false,,,,,,,,,,,,lb,,,true,,,true,,,draft
weight-lifting-gloves-bc-0678,Weight Lifting Gloves- BC-0678,"",Besu Customs,Sporting Goods > Fitness & General Exercise Equipment > Weight Lifting > Weight Lifting Gloves & Hand Supports,Weight Lifting Gloves,Boxing Gear,false,Title,Default Title,,,,,,,,,0.0,shopify,deny,manual,0.00,,true,true,,,,,"",https://cdn.shopify.com/s/files/1/0894/7436/7766/files/xhs_weight_lift_glv_004.jpg?v=1752868997,1,"",false,,,,,,,,,,,,lb,,,true,,,true,,,draft
weight-lifting-gloves-bc-0677,Weight Lifting Gloves- BC-0677,"",Besu Customs,Sporting Goods > Fitness & General Exercise Equipment > Weight Lifting > Weight Lifting Gloves & Hand Supports,Weight Lifting Gloves,Boxing Gear,false,Title,Default Title,,,,,,,,,0.0,shopify,deny,manual,0.00,,true,true,,,,,"",https://cdn.shopify.com/s/files/1/0894/7436/7766/files/xhs_weight_lift_glv_003.jpg?v=1752868549,1,"",false,,,,,,,,,,,,lb,,,true,,,true,,,draft
weight-lifting-gloves-bc-0676,Weight Lifting Gloves- BC-0676,"",Besu Customs,Sporting Goods > Fitness & General Exercise Equipment > Weight Lifting > Weight Lifting Gloves & Hand Supports,Weight Lifting Gloves,Boxing Gear,false,Title,Default Title,,,,,,,,,0.0,shopify,deny,manual,0.00,,true,true,,,,,"",https://cdn.shopify.com/s/files/1/0894/7436/7766/files/xhs_weight_lift_glv_002.jpg?v=1752868072,1,"",false,,,,,,,,,,,,lb,,,true,,,true,,,draft
weight-lifting-gloves-bc-0675,Weight Lifting Gloves- BC-0675,"",Besu Customs,Sporting Goods > Fitness & General Exercise Equipment > Weight Lifting > Weight Lifting Gloves & Hand Supports,Weight Lifting Gloves,Boxing Gear,false,Title,Default Title,,,,,,,,,0.0,shopify,deny,manual,0.00,,true,true,,,,,"",https://cdn.shopify.com/s/files/1/0894/7436/7766/files/xhs_weight_lift_glv_001.jpg?v=1752860919,1,"",false,,,,,,,,,,,,lb,,,true,,,true,,,draft
weight-lifting-belt-bc-0674,Weight Lifting Belt- BC-0674,"",Besu Customs,Uncategorized,Weight Lifting Belt,Boxing Gear,false,Title,Default Title,,,,,,,,,0.0,shopify,deny,manual,0.00,,true,true,,,,,"",https://cdn.shopify.com/s/files/1/0894/7436/7766/files/xhs_weight_lift_belt_0010.jpg?v=1752860290,1,"",false,,,,,,,,,,,,lb,,,true,,,true,,,draft
weight-lifting-belt-bc-0673,Weight Lifting Belt- BC-0673,"",Besu Customs,Sporting Goods > Fitness & General Exercise Equipment > Weight Lifting > Weight Lifting Belts,Weight Lifting Belt,Boxing Gear,false,Title,Default Title,,,,,,,,,0.0,shopify,deny,manual,0.00,,true,true,,,,,"",https://cdn.shopify.com/s/files/1/0894/7436/7766/files/xhs_weight_lift_belt_009.jpg?v=1752860019,1,"",false,,,,,,,,,,,,lb,,,true,,,true,,,draft
weight-lifting-belt-bc-0672,Weight Lifting Belt- BC-0672,"",Besu Customs,Sporting Goods > Fitness & General Exercise Equipment > Weight Lifting > Weight Lifting Belts,Weight Lifting Belt,Boxing Gear,false,Title,Default Title,,,,,,,,,0.0,shopify,deny,manual,0.00,,true,true,,,,,"",https://cdn.shopify.com/s/files/1/0894/7436/7766/files/xhs_weight_lift_belt_008.jpg?v=1752859759,1,"",false,,,,,,,,,,,,lb,,,true,,,true,,,draft
weight-lifting-belt-bc-0671,Weight Lifting Belt- BC-0671,"",Besu Customs,Sporting Goods > Fitness & General Exercise Equipment > Weight Lifting > Weight Lifting Belts,Weight Lifting Belt,Boxing Gear,false,Title,Default Title,,,,,,,,,0.0,shopify,deny,manual,0.00,,true,true,,,,,"",https://cdn.shopify.com/s/files/1/0894/7436/7766/files/xhs_weight_lift_belt_007.jpg?v=1752859448,1,"",false,,,,,,,,,,,,lb,,,true,,,true,,,draft
weight-lifting-belt-bc-0670,Weight Lifting Belt- BC-0670,"",Besu Customs,Sporting Goods > Fitness & General Exercise Equipment > Weight Lifting > Weight Lifting Belts,Weight Lifting Belt,Boxing Gear,false,Title,Default Title,,,,,,,,,0.0,shopify,deny,manual,0.00,,true,true,,,,,"",https://cdn.shopify.com/s/files/1/0894/7436/7766/files/xhs_weight_lift_belt_006.jpg?v=1752858149,1,"",false,,,,,,,,,,,,lb,,,true,,,true,,,draft
weight-lifting-belt-bc-0669,Weight Lifting Belt- BC-0669,"",Besu Customs,Sporting Goods > Fitness & General Exercise Equipment > Weight Lifting > Weight Lifting Belts,Weight Lifting Belt,Boxing Gear,false,Title,Default Title,,,,,,,,,0.0,shopify,deny,manual,0.00,,true,true,,,,,"",https://cdn.shopify.com/s/files/1/0894/7436/7766/files/xhs_weight_lift_belt_005.jpg?v=1752857493,1,"",false,,,,,,,,,,,,lb,,,true,,,true,,,draft
weight-lifting-belt-bc-0668,Weight Lifting Belt- BC-0668,"",Besu Customs,Sporting Goods > Fitness & General Exercise Equipment > Weight Lifting > Weight Lifting Belts,Weight Lifting Belt,Boxing Gear,false,Title,Default Title,,,,,,,,,0.0,shopify,deny,manual,0.00,,true,true,,,,,"",https://cdn.shopify.com/s/files/1/0894/7436/7766/files/xhs_weight_lift_belt_004.jpg?v=1752856924,1,"",false,,,,,,,,,,,,lb,,,true,,,true,,,draft
weight-lifting-belt-bc-0667,Weight Lifting Belt- BC-0667,"",Besu Customs,Sporting Goods > Fitness & General Exercise Equipment > Weight Lifting > Weight Lifting Belts,Weight Lifting Belt,bo,false,Title,Default Title,,,,,,,,,0.0,shopify,deny,manual,0.00,,true,true,,,,,"",https://cdn.shopify.com/s/files/1/0894/7436/7766/files/xhs_weight_lift_belt_003.jpg?v=1752620911,1,"",false,,,,,,,,,,,,lb,,,true,,,true,,,draft
weight-lifting-belt-bc-0666,Weight Lifting Belt- BC-0666,"",Besu Customs,Sporting Goods > Fitness & General Exercise Equipment > Weight Lifting > Weight Lifting Belts,Weight Lifting Belt,Boxing Gear,false,Title,Default Title,,,,,,,,,0.0,shopify,deny,manual,0.00,,true,true,,,,,"",https://cdn.shopify.com/s/files/1/0894/7436/7766/files/xhs_weight_lift_belt_002.jpg?v=1752620381,1,"",false,,,,,,,,,,,,lb,,,true,,,true,,,draft
weight-lifting-belt-bc-0665,Weight Lifting Belt- BC-0665,"",Besu Customs,Sporting Goods > Fitness & General Exercise Equipment > Weight Lifting > Weight Lifting Belts,Weight Lifting Belt,Boxing Gear,false,Title,Default Title,,,,,,,,,0.0,shopify,deny,manual,0.00,,true,true,,,,,"",https://cdn.shopify.com/s/files/1/0894/7436/7766/files/xhs_weight_lift_belt_001.jpg?v=1752473947,1,"",false,,,,,,,,,,,,lb,,,true,,,true,,,draft
wind-breaker-bc-0711,Wind Breaker- BC-0711,"",Besu Customs,Apparel & Accessories > Clothing > Outerwear > Coats & Jackets > Windbreakers,Wind Breaker,Coats,false,Title,Default Title,,,,,,,,,0.0,shopify,deny,manual,0.00,,true,true,,,,,"",https://cdn.shopify.com/s/files/1/0894/7436/7766/files/xhs_winder_breaker_006.png?v=1752473175,1,"",false,,,,,,,,,,,,lb,,,true,,,true,,,draft
wind-breaker-bc-0710,Wind Breaker- BC-0710,"",Besu Customs,Apparel & Accessories > Clothing > Outerwear > Coats & Jackets > Windbreakers,Wind Breaker,Coats,false,Title,Default Title,,,,,,,,,0.0,shopify,deny,manual,0.00,,true,true,,,,,"",https://cdn.shopify.com/s/files/1/0894/7436/7766/files/xhs_winder_breaker_005.jpg?v=1752473053,1,"",false,,,,,,,,,,,,lb,,,true,,,true,,,draft
wind-breaker-bc-0709,Wind Breaker- BC-0709,"",Besu Customs,Apparel & Accessories > Clothing > Outerwear > Coats & Jackets > Windbreakers,Wind Breaker,Coats,false,Title,Default Title,,,,,,,,,0.0,shopify,deny,manual,0.00,,true,true,,,,,"",https://cdn.shopify.com/s/files/1/0894/7436/7766/files/xhs_winder_breaker_004.jpg?v=1752472863,1,"",false,,,,,,,,,,,,lb,,,true,,,true,,,draft
wind-breaker-bc-0708,Wind Breaker- BC-0708,"",Besu Customs,Apparel & Accessories > Clothing > Outerwear > Coats & Jackets > Windbreakers,Wind Breaker,Coats,false,Title,Default Title,,,,,,,,,0.0,shopify,deny,manual,0.00,,true,true,,,,,"",https://cdn.shopify.com/s/files/1/0894/7436/7766/files/xhs_winder_breaker_003.jpg?v=1752472605,1,"",false,,,,,,,,,,,,lb,,,true,,,true,,,draft
wind-breaker-bc-0707,Wind Breaker- BC-0707,"",Besu Customs,Apparel & Accessories > Clothing > Outerwear > Coats & Jackets > Windbreakers,Wind Breaker,Coats,false,Title,Default Title,,,,,,,,,0.0,shopify,deny,manual,0.00,,true,true,,,,,"",https://cdn.shopify.com/s/files/1/0894/7436/7766/files/xhs_winder_breaker_002.jpg?v=1752472147,1,"",false,,,,,,,,,,,,lb,,,true,,,true,,,draft
wind-breaker-bc-0706,Wind Breaker- BC-0706,"",Besu Customs,Apparel & Accessories > Clothing > Outerwear > Coats & Jackets > Windbreakers,Wind Breaker,Coats,false,Title,Default Title,,,,,,,,,0.0,shopify,deny,manual,0.00,,true,true,,,,,"",https://cdn.shopify.com/s/files/1/0894/7436/7766/files/xhs_winder_breaker_001.jpg?v=1752471727,1,"",false,,,,,,,,,,,,lb,,,true,,,true,,,draft
wet-suit-bc-0705,Wet Suit- BC-0705,"",Besu Customs,Sporting Goods > Outdoor Recreation > Boating & Water Sports > Boating & Water Sport Apparel > Wetsuits > Full Wetsuits,Wet Suit,Dive,false,Title,Default Title,,,,,,,,,0.0,shopify,deny,manual,0.00,,true,true,,,,,"",https://cdn.shopify.com/s/files/1/0894/7436/7766/files/xhs_wet_suit_00122.jpg?v=1752471250,1,"",false,,,,,,,,,,,,lb,,,true,,,true,,,draft
wet-suit-bc-703,Wet Suit- BC-0703,"",Besu Customs,Sporting Goods > Outdoor Recreation > Boating & Water Sports > Boating & Water Sport Apparel > Wetsuits > Shorty Wetsuits,Wet Suit,Dive,false,Title,Default Title,,,,,,,,,0.0,shopify,deny,manual,0.00,,true,true,,,,,"",https://cdn.shopify.com/s/files/1/0894/7436/7766/files/xhs_wet_suit_00121.jpg?v=1752471145,1,"",false,,,,,,,,,,,,lb,,,true,,,true,,,draft
wet-suit-bc-0703,Wet Suit- BC-0703,"",Besu Customs,Sporting Goods > Outdoor Recreation > Boating & Water Sports > Boating & Water Sport Apparel > Wetsuits > Shorty Wetsuits,Wet Suit,Dive,false,Title,Default Title,,,,,,,,,0.0,shopify,deny,manual,0.00,,true,true,,,,,"",https://cdn.shopify.com/s/files/1/0894/7436/7766/files/xhs_wet_suit_00120.jpg?v=1752470979,1,"",false,,,,,,,,,,,,lb,,,true,,,true,,,draft
wet-suit-bc-0702,Wet Suit- BC-0702,"",Besu Customs,Sporting Goods > Outdoor Recreation > Boating & Water Sports > Boating & Water Sport Apparel > Wetsuits > Shorty Wetsuits,Wet Suit,Dive,false,Title,Default Title,,,,,,,,,0.0,shopify,deny,manual,0.00,,true,true,,,,,"",https://cdn.shopify.com/s/files/1/0894/7436/7766/files/xhs_wet_suit_00119.jpg?v=1752470849,1,"",false,,,,,,,,,,,,lb,,,true,,,true,,,draft
wet-suit-bc-0700,Wet Suit- BC-0700,"",Besu Customs,Sporting Goods > Outdoor Recreation > Boating & Water Sports > Boating & Water Sport Apparel > Wetsuits > Shorty Wetsuits,Wet Suit,Dive,false,Title,Default Title,,,,,,,,,0.0,shopify,deny,manual,0.00,,true,true,,,,,"",https://cdn.shopify.com/s/files/1/0894/7436/7766/files/xhs_wet_suit_00117.jpg?v=1752470679,1,"",false,,,,,,,,,,,,lb,,,true,,,true,,,draft
wet-suit-bc-0699,Wet Suit- BC-0699,"",Besu Customs,Sporting Goods > Outdoor Recreation > Boating & Water Sports > Boating & Water Sport Apparel > Wetsuits > Shorty Wetsuits,Wet Suit,Dive,false,Title,Default Title,,,,,,,,,0.0,shopify,deny,manual,0.00,,true,true,,,,,"",https://cdn.shopify.com/s/files/1/0894/7436/7766/files/xhs_wet_suit_00116.jpg?v=1752470541,1,"",false,,,,,,,,,,,,lb,,,true,,,true,,,draft
wet-suit-bc-0698,Wet Suit- BC-0698,"",Besu Customs,Sporting Goods > Outdoor Recreation > Boating & Water Sports > Boating & Water Sport Apparel > Wetsuits > Shorty Wetsuits,Wet Suit,Dive,false,Title,Default Title,,,,,,,,,0.0,shopify,deny,manual,0.00,,true,true,,,,,"",https://cdn.shopify.com/s/files/1/0894/7436/7766/files/xhs_wet_suit_00115.jpg?v=1752470381,1,"",false,,,,,,,,,,,,lb,,,true,,,true,,,draft
wet-suit-product-code-bc-0697,Wet Suit- BC-0697,"",Besu Customs,Sporting Goods > Outdoor Recreation > Boating & Water Sports > Boating & Water Sport Apparel > Wetsuits > Full Wetsuits,Wet Suit,Dive,false,Title,Default Title,,,,,,,,,0.0,shopify,deny,manual,0.00,,true,true,,,,,"",https://cdn.shopify.com/s/files/1/0894/7436/7766/files/xhs_wet_suit_00114.jpg?v=1752465546,1,"",false,,,,,,,,,,,,lb,,,true,,,true,,,draft
wet-suit-bc-0696,Wet Suit- BC-0696,"",Besu Customs,Sporting Goods > Outdoor Recreation > Boating & Water Sports > Boating & Water Sport Apparel > Wetsuits > Shorty Wetsuits,Wet Suit,Dive,false,Title,Default Title,,,,,,,,,0.0,shopify,deny,manual,0.00,,true,true,,,,,"",https://cdn.shopify.com/s/files/1/0894/7436/7766/files/xhs_wet_suit_00113.jpg?v=1752460539,1,"",false,,,,,,,,,,,,lb,,,true,,,true,,,draft
wet-suit-bc-0695,Wet Suit- BC-0695,"",Besu Customs,Sporting Goods > Outdoor Recreation > Boating & Water Sports > Boating & Water Sport Apparel > Wetsuits > Shorty Wetsuits,Wet Suit,Dive,false,Title,Default Title,,,,,,,,,0.0,shopify,deny,manual,0.00,,true,true,,,,,"",https://cdn.shopify.com/s/files/1/0894/7436/7766/files/xhs_wet_suit_00112.jpg?v=1752459558,1,"",false,,,,,,,,,,,,lb,,,true,,,true,,,draft
wet-suit-bc-0694,Wet Suit- BC-0694,"",Besu Customs,Sporting Goods > Outdoor Recreation > Boating & Water Sports > Boating & Water Sport Apparel > Wetsuits > Shorty Wetsuits,Wet Suit,Dive,false,Title,Default Title,,,,,,,,,0.0,shopify,deny,manual,0.00,,true,true,,,,,"",https://cdn.shopify.com/s/files/1/0894/7436/7766/files/xhs_wet_suit_00111.jpg?v=1752459323,1,"",false,,,,,,,,,,,,lb,,,true,,,true,,,draft
wet-suit-bc-0693,Wet Suit- BC-0693,"",Besu Customs,Sporting Goods > Outdoor Recreation > Boating & Water Sports > Boating & Water Sport Apparel > Wetsuits > Shorty Wetsuits,Wet Suit,Dive,false,Title,Default Title,,,,,,,,,0.0,shopify,deny,manual,0.00,,true,true,,,,,"",https://cdn.shopify.com/s/files/1/0894/7436/7766/files/xhs_wet_suit_00110.jpg?v=1752459028,1,"",false,,,,,,,,,,,,lb,,,true,,,true,,,draft
wet-suit-bc-0692,Wet Suit- BC-0692,"",Besu Customs,Sporting Goods > Outdoor Recreation > Boating & Water Sports > Boating & Water Sport Apparel > Wetsuits > Full Wetsuits,Wet Suit,Dive,false,Title,Default Title,,,,,,,,,0.0,shopify,deny,manual,0.00,,true,true,,,,,"",https://cdn.shopify.com/s/files/1/0894/7436/7766/files/xhs_wet_suit_0019.jpg?v=1752458219,1,"",false,,,,,,,,,,,,lb,,,true,,,true,,,draft
wet-suit-bc-0691,Wet Suit- BC-0691,"",Besu Customs,Sporting Goods > Outdoor Recreation > Boating & Water Sports > Boating & Water Sport Apparel > Wetsuits > Shorty Wetsuits,Wet Suit,Dive,false,Title,Default Title,,,,,,,,,0.0,shopify,deny,manual,0.00,,true,true,,,,,"",https://cdn.shopify.com/s/files/1/0894/7436/7766/files/xhs_wet_suit_0018.jpg?v=1752457973,1,"",false,,,,,,,,,,,,lb,,,true,,,true,,,draft
wet-suit-bc-0690,Wet Suit- BC-0690,"",Besu Customs,Sporting Goods > Outdoor Recreation > Boating & Water Sports > Boating & Water Sport Apparel > Wetsuits > Full Wetsuits,Wet Suit,Dive,false,Title,Default Title,,,,,,,,,0.0,shopify,deny,manual,0.00,,true,true,,,,,"",https://cdn.shopify.com/s/files/1/0894/7436/7766/files/xhs_wet_suit_0017.jpg?v=1752457558,1,"",false,,,,,,,,,,,,lb,,,true,,,true,,,draft
wet-suit-bc-0689,Wet Suit- BC-0689,"",Besu Customs,Sporting Goods > Outdoor Recreation > Boating & Water Sports > Boating & Water Sport Apparel > Wetsuits > Shorty Wetsuits,Wet Suit,Dive,false,Title,Default Title,,,,,,,,,0.0,shopify,deny,manual,0.00,,true,true,,,,,"",https://cdn.shopify.com/s/files/1/0894/7436/7766/files/xhs_wet_suit_0016.jpg?v=1752457352,1,"",false,,,,,,,,,,,,lb,,,true,,,true,,,draft
wet-suit-bc-0688,Wet Suit- BC-0688,"",Besu Customs,Sporting Goods > Outdoor Recreation > Boating & Water Sports > Boating & Water Sport Apparel > Wetsuits > Full Wetsuits,Wet Suit,Dive,false,Title,Default Title,,,,,,,,,0.0,shopify,deny,manual,0.00,,true,true,,,,,"",https://cdn.shopify.com/s/files/1/0894/7436/7766/files/xhs_wet_suit_0015.jpg?v=1752456997,1,"",false,,,,,,,,,,,,lb,,,true,,,true,,,draft
wet-suit-bc-0687,Wet Suit- BC-0687,"",Besu Customs,Sporting Goods > Outdoor Recreation > Boating & Water Sports > Boating & Water Sport Apparel > Wetsuits > Shorty Wetsuits,Wet Suit,Dive,false,Title,Default Title,,,,,,,,,0.0,shopify,deny,manual,0.00,,true,true,,,,,"",https://cdn.shopify.com/s/files/1/0894/7436/7766/files/xhs_wet_suit_0014.jpg?v=1752173290,1,"",false,,,,,,,,,,,,lb,,,true,,,true,,,draft
wet-suit-bc-0686,Wet Suit- BC-0686,"",Besu Customs,Sporting Goods > Outdoor Recreation > Boating & Water Sports > Boating & Water Sport Apparel > Wetsuits > Shorty Wetsuits,Wet Suit,Dive,false,Title,Default Title,,,,,,,,,0.0,shopify,deny,manual,0.00,,true,true,,,,,"",https://cdn.shopify.com/s/files/1/0894/7436/7766/files/xhs_wet_suit_0013.jpg?v=1752172735,1,"",false,,,,,,,,,,,,lb,,,true,,,true,,,draft
wet-suit-bc-0685,Wet Suit- BC-0685,"",Besu Customs,Sporting Goods > Outdoor Recreation > Boating & Water Sports > Boating & Water Sport Apparel > Wetsuits > Shorty Wetsuits,Wet Suit,Dive,false,Title,Default Title,,,,,,,,,0.0,shopify,deny,manual,0.00,,true,true,,,,,"",https://cdn.shopify.com/s/files/1/0894/7436/7766/files/xhs_wet_suit_0012.jpg?v=1752120148,1,"",false,,,,,,,,,,,,lb,,,true,,,true,,,draft
microfiber-tops-bc-0363,Wet Suit- BC-0684,"",Besu Customs,Apparel & Accessories > Clothing > Activewear > Activewear Tops > T-Shirts,Wet Suit,Dive,false,Title,Default Title,,,,,,,,,0.0,shopify,deny,manual,0.00,,true,true,,,,,"",https://cdn.shopify.com/s/files/1/0894/7436/7766/files/xhs_wet_suit_0011.jpg?v=1752119444,1,"",false,,,,,,,,,,,,lb,,,true,,,true,,,draft
microfiber-tops-bc-0364,Microfiber Tops- BC-0364,"",Besu Customs,Apparel & Accessories > Clothing > Activewear > Activewear Tops,Microfiber Tops,MMA Gear,false,Title,Default Title,,,,,,,,,0.0,shopify,deny,manual,0.00,,true,true,,,,,"",https://cdn.shopify.com/s/files/1/0894/7436/7766/files/xhs_mma_rash_guard_004.jpg?v=1752082037,1,"",false,,,,,,,,,,,,lb,,,true,,,true,,,draft
microfiber-tops-bc-0365,Microfiber Tops- BC-0365,"",Besu Customs,Apparel & Accessories > Clothing > Activewear > Activewear Tops,Microfiber Tops,MMA Gear,false,Title,Default Title,,,,,,,,,0.0,shopify,deny,manual,0.00,,true,true,,,,,"",https://cdn.shopify.com/s/files/1/0894/7436/7766/files/xhs_gw_rushg_0017_500333b4-e6ab-4dba-914d-a9d9e5becb77.jpg?v=1752081035,1,"",false,,,,,,,,,,,,lb,,,true,,,true,,,draft
microfiber-tops-bc-0216,Microfiber Tops- BC-0216,"",Besu Customs,Apparel & Accessories > Clothing > Activewear > Activewear Tops,Microfiber Tops,MMA Gear,false,Title,Default Title,,,,,,,,,0.0,shopify,deny,manual,0.00,,true,true,,,,,"",https://cdn.shopify.com/s/files/1/0894/7436/7766/files/xhs_gw_rushg_001.jpg?v=1752080028,1,"",false,,,,,,,,,,,,lb,,,true,,,true,,,draft
microfiber-tops-bc-0217,Microfiber Tops- BC-0217,"",Besu Customs,Apparel & Accessories > Clothing > Activewear > Activewear Tops,Microfiber Tops,MMA Gear,false,Title,Default Title,,,,,,,,,0.0,shopify,deny,manual,0.00,,true,true,,,,,"",https://cdn.shopify.com/s/files/1/0894/7436/7766/files/xhs_gw_rushg_002.jpg?v=1752079774,1,"",false,,,,,,,,,,,,lb,,,true,,,true,,,draft
microfiber-tops-bc-0218,Microfiber Tops- BC-0218,"",Besu Customs,Apparel & Accessories > Clothing > Activewear > Activewear Tops,Microfiber Tops,MMA Gear,false,Title,Default Title,,,,,,,,,0.0,shopify,deny,manual,0.00,,true,true,,,,,"",https://cdn.shopify.com/s/files/1/0894/7436/7766/files/xhs_gw_rushg_003.jpg?v=1752079636,1,"",false,,,,,,,,,,,,lb,,,true,,,true,,,draft
microfiber-tops-bc-0219,Microfiber Tops- BC-0219,"",Besu Customs,Apparel & Accessories > Clothing > Activewear > Activewear Tops,Microfiber Tops,MMA Gear,false,Title,Default Title,,,,,,,,,0.0,shopify,deny,manual,0.00,,true,true,,,,,"",https://cdn.shopify.com/s/files/1/0894/7436/7766/files/xhs_gw_rushg_004.jpg?v=1752079449,1,"",false,,,,,,,,,,,,lb,,,true,,,true,,,draft
microfiber-tops-bc-0220,Microfiber Tops- BC-0220,"",Besu Customs,Apparel & Accessories > Clothing > Activewear > Activewear Tops,Microfiber Tops,MMA Gear,false,Title,Default Title,,,,,,,,,0.0,shopify,deny,manual,0.00,,true,true,,,,,"",https://cdn.shopify.com/s/files/1/0894/7436/7766/files/xhs_gw_rushg_005-600x819.jpg?v=1752077840,1,"",false,,,,,,,,,,,,lb,,,true,,,true,,,draft
microfiber-tops-bc-0221,Microfiber Tops- BC-0221,"",Besu Customs,Sporting Goods > Athletics > Boxing & Martial Arts > Boxing & Martial Arts Protective Gear > Boxing & Martial Arts Body Protectors,Microfiber Tops,MMA Gear,false,Title,Default Title,,,,,,,,,0.0,shopify,deny,manual,0.00,,true,true,,,,,"",https://cdn.shopify.com/s/files/1/0894/7436/7766/files/xhs_gw_rushg_006.jpg?v=1752035780,1,"",false,,,,,,,,,,,,lb,,,true,,,true,,,draft
microfiber-tops-bc-0222,Microfiber Tops- BC-0222,"",Besu Customs,Apparel & Accessories > Clothing > Clothing Tops > Blouses,Microfiber Tops,MMA Gear,false,Title,Default Title,,,,,,,,,0.0,shopify,deny,manual,0.00,,true,true,,,,,"",https://cdn.shopify.com/s/files/1/0894/7436/7766/files/xhs_gw_rushg_007.jpg?v=1752035493,1,"",false,,,,,,,,,,,,lb,,,true,,,true,,,draft
microfiber-tops-bc-0223,Microfiber Tops- BC-0223,"",Besu Customs,Apparel & Accessories > Clothing > Activewear > Activewear Tops > T-Shirts,Microfiber Tops,MMA Gear,false,Title,Default Title,,,,,,,,,0.0,shopify,deny,manual,0.00,,true,true,,,,,"",https://cdn.shopify.com/s/files/1/0894/7436/7766/files/xhs_gw_rushg_008.jpg?v=1752035281,1,"",false,,,,,,,,,,,,lb,,,true,,,true,,,draft
microfiber-tops-bc-0224,Microfiber Tops- BC-0224,"",Besu Customs,Apparel & Accessories > Clothing > Activewear > Activewear Tops > Tank Tops,Microfiber Tops,MMA Gear,false,Title,Default Title,,,,,,,,,0.0,shopify,deny,manual,0.00,,true,true,,,,,"",https://cdn.shopify.com/s/files/1/0894/7436/7766/files/xhs_gw_rushg_009.jpg?v=1752034723,1,"",false,,,,,,,,,,,,lb,,,true,,,true,,,draft
microfiber-tops-bc-0225,Microfiber Tops- BC-0225,"",Besu Customs,Apparel & Accessories > Clothing > Clothing Tops,Microfiber Tops,MMA Gear,false,Title,Default Title,,,,,,,,,0.0,shopify,deny,manual,0.00,,true,true,,,,,"",https://cdn.shopify.com/s/files/1/0894/7436/7766/files/xhs_gw_rushg_0010.jpg?v=1752034581,1,"",false,,,,,,,,,,,,lb,,,true,,,true,,,draft
microfiber-tops-bc-0226,Microfiber Tops- BC-0226,"",Besu Customs,Apparel & Accessories > Clothing > Activewear > Activewear Tops,Microfiber Tops,MMA Gear,false,Title,Default Title,,,,,,,,,0.0,shopify,deny,manual,0.00,,true,true,,,,,"",https://cdn.shopify.com/s/files/1/0894/7436/7766/files/xhs_gw_rushg_0011.jpg?v=1752034037,1,"",false,,,,,,,,,,,,lb,,,true,,,true,,,draft
microfiber-tops-bc-0227,Microfiber Tops- BC-0227,"",Besu Customs,Apparel & Accessories > Clothing > Activewear > Activewear Tops > Crop Tops,Microfiber Tops,MMA Gear,false,Title,Default Title,,,,,,,,,0.0,shopify,deny,manual,0.00,,true,true,,,,,"",https://cdn.shopify.com/s/files/1/0894/7436/7766/files/xhs_gw_rushg_0012.jpg?v=1752033856,1,"",false,,,,,,,,,,,,lb,,,true,,,true,,,draft
microfiber-tops-bc-0228,Microfiber Tops- BC-0228,"",Besu Customs,Apparel & Accessories > Clothing > Activewear > Activewear Tops > Tank Tops,Microfiber Tops,MMA Gear,false,Title,Default Title,,,,,,,,,0.0,shopify,deny,manual,0.00,,true,true,,,,,"",https://cdn.shopify.com/s/files/1/0894/7436/7766/files/xhs_gw_rushg_0013.jpg?v=1752033597,1,"",false,,,,,,,,,,,,lb,,,true,,,true,,,draft
microfiber-tops-bc-0229,Microfiber Tops- BC-0229,"",Besu Customs,Apparel & Accessories > Clothing > Activewear > Activewear Tops,Microfiber Tops,MMA Gear,false,Title,Default Title,,,,,,,,,0.0,shopify,deny,manual,0.00,,true,true,,,,,"",https://cdn.shopify.com/s/files/1/0894/7436/7766/files/xhs_gw_rushg_0014.jpg?v=1752033390,1,"",false,,,,,,,,,,,,lb,,,true,,,true,,,draft
microfiber-tops-bc-0230,Microfiber Tops- BC-0230,"",Besu Customs,Apparel & Accessories > Clothing > Activewear > Activewear Tops > T-Shirts,Microfiber Tops,MMA Gear,false,Title,Default Title,,,,,,,,,0.0,shopify,deny,manual,0.00,,true,true,,,,,"",https://cdn.shopify.com/s/files/1/0894/7436/7766/files/xhs_gw_rushg_0015.jpg?v=1752033188,1,"",false,,,,,,,,,,,,lb,,,true,,,true,,,draft
microfiber-tops-bc-0231,Microfiber Tops- BC-0231,"",Besu Customs,Apparel & Accessories > Clothing > Activewear > Activewear Tops,Microfiber Tops,MMA Gear,false,Title,Default Title,,,,,,,,,0.0,shopify,deny,manual,0.00,,true,true,,,,,"",https://cdn.shopify.com/s/files/1/0894/7436/7766/files/xhs_gw_rushg_0016.jpg?v=1752032773,1,"",false,,,,,,,,,,,,lb,,,true,,,true,,,draft
microfiber-tops-bc-0232,Microfiber Tops- BC-0232,"",Besu Customs,Apparel & Accessories > Clothing > Activewear > Activewear Tops,Microfiber Tops,MMA Gear,false,Title,Default Title,,,,,,,,,0.0,shopify,deny,manual,0.00,,true,true,,,,,"",https://cdn.shopify.com/s/files/1/0894/7436/7766/files/xhs_gw_rushg_0017.jpg?v=1752032469,1,"",false,,,,,,,,,,,,lb,,,true,,,true,,,draft
microfiber-tops-bc-0233,Microfiber Tops- BC-0233,"",Besu Customs,Apparel & Accessories > Clothing > Activewear > Activewear Tops,Microfiber Tops,MMA Gear,false,Title,Default Title,,,,,,,,,0.0,shopify,deny,manual,0.00,,true,true,,,,,"",https://cdn.shopify.com/s/files/1/0894/7436/7766/files/xhs_gw_rushg_0018.jpg?v=1752032191,1,"",false,,,,,,,,,,,,lb,,,true,,,true,,,draft
microfiber-tops-bc-0234,Microfiber Tops- BC-0234,"",Besu Customs,Apparel & Accessories > Clothing > Activewear > Activewear Tops > T-Shirts,Microfiber Tops,MMA Gear,false,Title,Default Title,,,,,,,,,0.0,shopify,deny,manual,0.00,,true,true,,,,,"",https://cdn.shopify.com/s/files/1/0894/7436/7766/files/xhs_gw_rushg_0019.jpg?v=1752032010,1,"",false,,,,,,,,,,,,lb,,,true,,,true,,,draft
microfiber-tops-bc-0235,Microfiber Tops- BC-0235,"",Besu Customs,Apparel & Accessories > Clothing > Clothing Tops,Microfiber Tops,MMA Gear,false,Title,Default Title,,,,,,,,,0.0,shopify,deny,manual,0.00,,true,true,,,,,"",https://cdn.shopify.com/s/files/1/0894/7436/7766/files/xhs_gw_rushg_0020.jpg?v=1752019706,1,"",false,,,,,,,,,,,,lb,,,true,,,true,,,draft
microfiber-tops-bc-0236,Microfiber Tops- BC-0236,"",Besu Customs,Apparel & Accessories > Clothing > Activewear > Activewear Tops,Microfiber Tops,MMA Gear,false,Title,Default Title,,,,,,,,,0.0,shopify,deny,manual,0.00,,true,true,,,,,"",https://cdn.shopify.com/s/files/1/0894/7436/7766/files/xhs_gw_rushg_0021.jpg?v=1752019411,1,"",false,,,,,,,,,,,,lb,,,true,,,true,,,draft
teacher-hoddie,Teacher Hoddie,<p>Black Hoodie (long sleeve) with Hood for TEACHERS at Shenandoah Middle School</p>,Besu Customs,Apparel & Accessories > Clothing > Activewear > Activewear Sweatshirts & Hoodies > Hoodies,tshirt,Shenandoah Middle,true,Size,adult-small,product.metafields.shopify.size,,,,,,,,0.0,shopify,continue,manual,35.00,,true,true,,,,,,https://cdn.shopify.com/s/files/1/0894/7436/7766/files/ShenandoahTEACHER-Hoodie-Black.jpg?v=1752018593,1,"",false,,,,,black,hooded,adult-small; adult-medium; adult-large; adult-extra-large; adult-2-xl,,unisex,,,lb,,,true,,,true,,,active
teacher-hoddie,,,,,,,,,adult-medium,,,,,,,,,0.0,shopify,continue,manual,35.00,,true,true,,,,,,,,,,,,,,,,,,,,,lb,,,,,,,,,
teacher-hoddie,,,,,,,,,adult-large,,,,,,,,,0.0,shopify,continue,manual,35.00,,true,true,,,,,,,,,,,,,,,,,,,,,lb,,,,,,,,,
teacher-hoddie,,,,,,,,,adult-extra-large,,,,,,,,,0.0,shopify,continue,manual,35.00,,true,true,,,,,,,,,,,,,,,,,,,,,lb,,,,,,,,,
teacher-hoddie,,,,,,,,,adult-2-xl,,,,,,,,,0.0,shopify,continue,manual,35.00,,true,true,,,,,,,,,,,,,,,,,,,,,lb,,,,,,,,,
teacher-polo-shirt,Teacher Polo Shirt,<p>Polo TShirt for TEACHERS at Shenandoah Middle School</p>,Besu Customs,Apparel & Accessories > Clothing > Activewear > Activewear Sweatshirts & Hoodies > Hoodies,tshirt,Shenandoah Middle,true,Size,adult-small,product.metafields.shopify.size,Color,black,product.metafields.shopify.color-pattern,,,,,0.0,shopify,continue,manual,35.00,,true,true,,,,,,https://cdn.shopify.com/s/files/1/0894/7436/7766/files/ShenandoahTEACHER-PoloTShirt-Purple.jpg?v=1752018059,1,"",false,,,,,black; gray; purple,,adult-small; adult-medium; adult-large; adult-extra-large; adult-2-xl,,unisex,,https://cdn.shopify.com/s/files/1/0894/7436/7766/files/ShenandoahTEACHER-PoloTShirt-Black.jpg?v=1752018060,lb,,,true,,,true,,,active
teacher-polo-shirt,,,,,,,,,adult-small,,,gray,,,,,,0.0,shopify,continue,manual,35.00,,true,true,,,,,"",https://cdn.shopify.com/s/files/1/0894/7436/7766/files/ShenandoahTEACHER-PoloTShirt-Black.jpg?v=1752018060,2,"",,,,,,,,,,,,https://cdn.shopify.com/s/files/1/0894/7436/7766/files/ShenandoahTEACHER-PoloTShirt-Gray.jpg?v=1752018059,lb,,,,,,,,,
teacher-polo-shirt,,,,,,,,,adult-small,,,purple,,,,,,0.0,shopify,continue,manual,35.00,,true,true,,,,,"",https://cdn.shopify.com/s/files/1/0894/7436/7766/files/ShenandoahTEACHER-PoloTShirt-Gray.jpg?v=1752018059,3,"",,,,,,,,,,,,https://cdn.shopify.com/s/files/1/0894/7436/7766/files/ShenandoahTEACHER-PoloTShirt-Purple.jpg?v=1752018059,lb,,,,,,,,,
teacher-polo-shirt,,,,,,,,,adult-medium,,,black,,,,,,0.0,shopify,continue,manual,35.00,,true,true,,,,,,,,,,,,,,,,,,,,https://cdn.shopify.com/s/files/1/0894/7436/7766/files/ShenandoahTEACHER-PoloTShirt-Black.jpg?v=1752018060,lb,,,,,,,,,
teacher-polo-shirt,,,,,,,,,adult-medium,,,gray,,,,,,0.0,shopify,continue,manual,35.00,,true,true,,,,,"",,,,,,,,,,,,,,,https://cdn.shopify.com/s/files/1/0894/7436/7766/files/ShenandoahTEACHER-PoloTShirt-Gray.jpg?v=1752018059,lb,,,,,,,,,
teacher-polo-shirt,,,,,,,,,adult-medium,,,purple,,,,,,0.0,shopify,continue,manual,35.00,,true,true,,,,,"",,,,,,,,,,,,,,,https://cdn.shopify.com/s/files/1/0894/7436/7766/files/ShenandoahTEACHER-PoloTShirt-Purple.jpg?v=1752018059,lb,,,,,,,,,
teacher-polo-shirt,,,,,,,,,adult-large,,,black,,,,,,0.0,shopify,continue,manual,35.00,,true,true,,,,,,,,,,,,,,,,,,,,https://cdn.shopify.com/s/files/1/0894/7436/7766/files/ShenandoahTEACHER-PoloTShirt-Black.jpg?v=1752018060,lb,,,,,,,,,
teacher-polo-shirt,,,,,,,,,adult-large,,,gray,,,,,,0.0,shopify,continue,manual,35.00,,true,true,,,,,"",,,,,,,,,,,,,,,https://cdn.shopify.com/s/files/1/0894/7436/7766/files/ShenandoahTEACHER-PoloTShirt-Gray.jpg?v=1752018059,lb,,,,,,,,,
teacher-polo-shirt,,,,,,,,,adult-large,,,purple,,,,,,0.0,shopify,continue,manual,35.00,,true,true,,,,,"",,,,,,,,,,,,,,,https://cdn.shopify.com/s/files/1/0894/7436/7766/files/ShenandoahTEACHER-PoloTShirt-Purple.jpg?v=1752018059,lb,,,,,,,,,
teacher-polo-shirt,,,,,,,,,adult-extra-large,,,black,,,,,,0.0,shopify,continue,manual,35.00,,true,true,,,,,,,,,,,,,,,,,,,,https://cdn.shopify.com/s/files/1/0894/7436/7766/files/ShenandoahTEACHER-PoloTShirt-Black.jpg?v=1752018060,lb,,,,,,,,,
teacher-polo-shirt,,,,,,,,,adult-extra-large,,,gray,,,,,,0.0,shopify,continue,manual,35.00,,true,true,,,,,"",,,,,,,,,,,,,,,https://cdn.shopify.com/s/files/1/0894/7436/7766/files/ShenandoahTEACHER-PoloTShirt-Gray.jpg?v=1752018059,lb,,,,,,,,,
teacher-polo-shirt,,,,,,,,,adult-extra-large,,,purple,,,,,,0.0,shopify,continue,manual,35.00,,true,true,,,,,"",,,,,,,,,,,,,,,https://cdn.shopify.com/s/files/1/0894/7436/7766/files/ShenandoahTEACHER-PoloTShirt-Purple.jpg?v=1752018059,lb,,,,,,,,,
teacher-polo-shirt,,,,,,,,,adult-2-xl,,,black,,,,,,0.0,shopify,continue,manual,35.00,,true,true,,,,,,,,,,,,,,,,,,,,https://cdn.shopify.com/s/files/1/0894/7436/7766/files/ShenandoahTEACHER-PoloTShirt-Black.jpg?v=1752018060,lb,,,,,,,,,
teacher-polo-shirt,,,,,,,,,adult-2-xl,,,gray,,,,,,0.0,shopify,continue,manual,35.00,,true,true,,,,,"",,,,,,,,,,,,,,,https://cdn.shopify.com/s/files/1/0894/7436/7766/files/ShenandoahTEACHER-PoloTShirt-Gray.jpg?v=1752018059,lb,,,,,,,,,
teacher-polo-shirt,,,,,,,,,adult-2-xl,,,purple,,,,,,0.0,shopify,continue,manual,35.00,,true,true,,,,,"",,,,,,,,,,,,,,,https://cdn.shopify.com/s/files/1/0894/7436/7766/files/ShenandoahTEACHER-PoloTShirt-Purple.jpg?v=1752018059,lb,,,,,,,,,
long-sleeve-tshirt,Long Sleeve TShirt,<p>Long Sleeve TShirt for TEACHERS at Shenandoah Middle School</p>,Besu Customs,Apparel & Accessories > Clothing > Activewear > Activewear Sweatshirts & Hoodies > Hoodies,sweater,Shenandoah Middle,true,Size,adult-small,product.metafields.shopify.size,Color,gray,product.metafields.shopify.color-pattern,,,,,0.0,shopify,continue,manual,35.00,,true,true,,,,,,https://cdn.shopify.com/s/files/1/0894/7436/7766/files/ShenandoahTEACHER-LongSleeveTShirt-Grey.jpg?v=1752017418,1,"",false,,,,,gray; purple; gradient; black,,adult-small; adult-medium; adult-large; adult-extra-large; adult-2-xl,long,unisex,,https://cdn.shopify.com/s/files/1/0894/7436/7766/files/ShenandoahTEACHER-LongSleeveTShirt-Grey.jpg?v=1752017418,lb,,,true,,,true,,,active
long-sleeve-tshirt,,,,,,,,,adult-small,,,purple,,,,,,0.0,shopify,continue,manual,35.00,,true,true,,,,,"",https://cdn.shopify.com/s/files/1/0894/7436/7766/files/ShenandoahTEACHER-LongSleeveTShirt-Purple.jpg?v=1752017422,2,"",,,,,,,,,,,,https://cdn.shopify.com/s/files/1/0894/7436/7766/files/ShenandoahTEACHER-LongSleeveTShirt-Purple.jpg?v=1752017422,lb,,,,,,,,,
long-sleeve-tshirt,,,,,,,,,adult-small,,,gradient,,,,,,0.0,shopify,continue,manual,35.00,,true,true,,,,,"",https://cdn.shopify.com/s/files/1/0894/7436/7766/files/ShenandoahTEACHER-LongSleeveTShirt-Grey-Purple-Gradient.jpg?v=1752017425,3,"",,,,,,,,,,,,https://cdn.shopify.com/s/files/1/0894/7436/7766/files/ShenandoahTEACHER-LongSleeveTShirt-Grey-Purple-Gradient.jpg?v=1752017425,lb,,,,,,,,,
long-sleeve-tshirt,,,,,,,,,adult-small,,,black,,,,,,0.0,shopify,continue,manual,35.00,,true,true,,,,,"",https://cdn.shopify.com/s/files/1/0894/7436/7766/files/ShenandoahTEACHER-LongSleeveTShirt-Black.jpg?v=1752018753,4,"",,,,,,,,,,,,https://cdn.shopify.com/s/files/1/0894/7436/7766/files/ShenandoahTEACHER-LongSleeveTShirt-Black.jpg?v=1752018753,lb,,,,,,,,,
long-sleeve-tshirt,,,,,,,,,adult-medium,,,gray,,,,,,0.0,shopify,continue,manual,35.00,,true,true,,,,,"",,,,,,,,,,,,,,,https://cdn.shopify.com/s/files/1/0894/7436/7766/files/ShenandoahTEACHER-LongSleeveTShirt-Grey.jpg?v=1752017418,lb,,,,,,,,,
long-sleeve-tshirt,,,,,,,,,adult-medium,,,purple,,,,,,0.0,shopify,continue,manual,35.00,,true,true,,,,,"",,,,,,,,,,,,,,,https://cdn.shopify.com/s/files/1/0894/7436/7766/files/ShenandoahTEACHER-LongSleeveTShirt-Purple.jpg?v=1752017422,lb,,,,,,,,,
long-sleeve-tshirt,,,,,,,,,adult-medium,,,gradient,,,,,,0.0,shopify,continue,manual,35.00,,true,true,,,,,"",,,,,,,,,,,,,,,https://cdn.shopify.com/s/files/1/0894/7436/7766/files/ShenandoahTEACHER-LongSleeveTShirt-Grey-Purple-Gradient.jpg?v=1752017425,lb,,,,,,,,,
long-sleeve-tshirt,,,,,,,,,adult-medium,,,black,,,,,,0.0,shopify,continue,manual,35.00,,true,true,,,,,"",,,,,,,,,,,,,,,https://cdn.shopify.com/s/files/1/0894/7436/7766/files/ShenandoahTEACHER-LongSleeveTShirt-Black.jpg?v=1752018753,lb,,,,,,,,,
long-sleeve-tshirt,,,,,,,,,adult-large,,,gray,,,,,,0.0,shopify,continue,manual,35.00,,true,true,,,,,"",,,,,,,,,,,,,,,https://cdn.shopify.com/s/files/1/0894/7436/7766/files/ShenandoahTEACHER-LongSleeveTShirt-Grey.jpg?v=1752017418,lb,,,,,,,,,
long-sleeve-tshirt,,,,,,,,,adult-large,,,purple,,,,,,0.0,shopify,continue,manual,35.00,,true,true,,,,,"",,,,,,,,,,,,,,,https://cdn.shopify.com/s/files/1/0894/7436/7766/files/ShenandoahTEACHER-LongSleeveTShirt-Purple.jpg?v=1752017422,lb,,,,,,,,,
long-sleeve-tshirt,,,,,,,,,adult-large,,,gradient,,,,,,0.0,shopify,continue,manual,35.00,,true,true,,,,,"",,,,,,,,,,,,,,,https://cdn.shopify.com/s/files/1/0894/7436/7766/files/ShenandoahTEACHER-LongSleeveTShirt-Grey-Purple-Gradient.jpg?v=1752017425,lb,,,,,,,,,
long-sleeve-tshirt,,,,,,,,,adult-large,,,black,,,,,,0.0,shopify,continue,manual,35.00,,true,true,,,,,"",,,,,,,,,,,,,,,https://cdn.shopify.com/s/files/1/0894/7436/7766/files/ShenandoahTEACHER-LongSleeveTShirt-Black.jpg?v=1752018753,lb,,,,,,,,,
long-sleeve-tshirt,,,,,,,,,adult-extra-large,,,gray,,,,,,0.0,shopify,continue,manual,35.00,,true,true,,,,,"",,,,,,,,,,,,,,,https://cdn.shopify.com/s/files/1/0894/7436/7766/files/ShenandoahTEACHER-LongSleeveTShirt-Grey.jpg?v=1752017418,lb,,,,,,,,,
long-sleeve-tshirt,,,,,,,,,adult-extra-large,,,purple,,,,,,0.0,shopify,continue,manual,35.00,,true,true,,,,,"",,,,,,,,,,,,,,,https://cdn.shopify.com/s/files/1/0894/7436/7766/files/ShenandoahTEACHER-LongSleeveTShirt-Purple.jpg?v=1752017422,lb,,,,,,,,,
long-sleeve-tshirt,,,,,,,,,adult-extra-large,,,gradient,,,,,,0.0,shopify,continue,manual,35.00,,true,true,,,,,"",,,,,,,,,,,,,,,https://cdn.shopify.com/s/files/1/0894/7436/7766/files/ShenandoahTEACHER-LongSleeveTShirt-Grey-Purple-Gradient.jpg?v=1752017425,lb,,,,,,,,,
long-sleeve-tshirt,,,,,,,,,adult-extra-large,,,black,,,,,,0.0,shopify,continue,manual,35.00,,true,true,,,,,"",,,,,,,,,,,,,,,https://cdn.shopify.com/s/files/1/0894/7436/7766/files/ShenandoahTEACHER-LongSleeveTShirt-Black.jpg?v=1752018753,lb,,,,,,,,,
long-sleeve-tshirt,,,,,,,,,adult-2-xl,,,gray,,,,,,0.0,shopify,continue,manual,35.00,,true,true,,,,,"",,,,,,,,,,,,,,,https://cdn.shopify.com/s/files/1/0894/7436/7766/files/ShenandoahTEACHER-LongSleeveTShirt-Grey.jpg?v=1752017418,lb,,,,,,,,,
long-sleeve-tshirt,,,,,,,,,adult-2-xl,,,purple,,,,,,0.0,shopify,continue,manual,35.00,,true,true,,,,,"",,,,,,,,,,,,,,,https://cdn.shopify.com/s/files/1/0894/7436/7766/files/ShenandoahTEACHER-LongSleeveTShirt-Purple.jpg?v=1752017422,lb,,,,,,,,,
long-sleeve-tshirt,,,,,,,,,adult-2-xl,,,gradient,,,,,,0.0,shopify,continue,manual,35.00,,true,true,,,,,"",,,,,,,,,,,,,,,https://cdn.shopify.com/s/files/1/0894/7436/7766/files/ShenandoahTEACHER-LongSleeveTShirt-Grey-Purple-Gradient.jpg?v=1752017425,lb,,,,,,,,,
long-sleeve-tshirt,,,,,,,,,adult-2-xl,,,black,,,,,,0.0,shopify,continue,manual,35.00,,true,true,,,,,"",,,,,,,,,,,,,,,https://cdn.shopify.com/s/files/1/0894/7436/7766/files/ShenandoahTEACHER-LongSleeveTShirt-Black.jpg?v=1752018753,lb,,,,,,,,,
teacher-hoddied-shirt-black,Teacher Hoddied Shirt (Black),<p>Black Shirt (short sleeve) with Hood for TEACHERS at Shenandoah Middle School</p>,Besu Customs,Apparel & Accessories > Clothing > Activewear > Activewear Sweatshirts & Hoodies > Hoodies,tshirt,Shenandoah Middle,true,Size,adult-small,product.metafields.shopify.size,,,,,,,,0.0,shopify,continue,manual,35.00,,true,true,,,,,"",https://cdn.shopify.com/s/files/1/0894/7436/7766/files/ShenandoahTEACHER-HoodiedTShirt-Black.jpg?v=1752017053,1,"",false,,,,,black,hooded,adult-small; adult-medium; adult-large; adult-extra-large; adult-2-xl,,unisex,,,lb,,,true,,,true,,,active
teacher-hoddied-shirt-black,,,,,,,,,adult-medium,,,,,,,,,0.0,shopify,continue,manual,35.00,,true,true,,,,,"",,,,,,,,,,,,,,,,lb,,,,,,,,,
teacher-hoddied-shirt-black,,,,,,,,,adult-large,,,,,,,,,0.0,shopify,continue,manual,35.00,,true,true,,,,,"",,,,,,,,,,,,,,,,lb,,,,,,,,,
teacher-hoddied-shirt-black,,,,,,,,,adult-extra-large,,,,,,,,,0.0,shopify,continue,manual,35.00,,true,true,,,,,"",,,,,,,,,,,,,,,,lb,,,,,,,,,
teacher-hoddied-shirt-black,,,,,,,,,adult-2-xl,,,,,,,,,0.0,shopify,continue,manual,35.00,,true,true,,,,,"",,,,,,,,,,,,,,,,lb,,,,,,,,,
microfiber-tops-bc-0237,Microfiber Tops- BC-0237,"",Besu Customs,Apparel & Accessories > Clothing > Clothing Tops,Microfiber Tops,MMA Gear,false,Title,Default Title,,,,,,,,,0.0,shopify,deny,manual,0.00,,true,true,,,,,"",https://cdn.shopify.com/s/files/1/0894/7436/7766/files/xhs_gw_rushg_0022.jpg?v=1751996956,1,"",false,,,,,,,,,,,,lb,,,true,,,true,,,draft
sports-bra-bc-0472,Sports Bra- BC-0472,"",Besu Customs,Apparel & Accessories > Clothing > Activewear > Sports Bras,Sports Bra,GYM WEAR,false,Title,Default Title,,,,,,,,,0.0,shopify,deny,manual,0.00,,true,true,,,,,"",https://cdn.shopify.com/s/files/1/0894/7436/7766/files/xhs_sports_bra_0018.jpg?v=1751996580,1,"",false,,,,,,,,,,,,lb,,,true,,,true,,,draft
sports-bra-bc-0471,Sports Bra- BC-0471,"",Besu Customs,Apparel & Accessories > Clothing > Activewear > Sports Bras,Sports Bra,GYM WEAR,false,Title,Default Title,,,,,,,,,0.0,shopify,deny,manual,0.00,,true,true,,,,,"",https://cdn.shopify.com/s/files/1/0894/7436/7766/files/xhs_sports_bra_0017.jpg?v=1751996449,1,"",false,,,,,,,,,,,,lb,,,true,,,true,,,draft
sports-bra-bc-0470,Sports Bra- BC-0470,"",Besu Customs,Apparel & Accessories > Clothing > Activewear > Sports Bras,Sports Bra,GYM WEAR,false,Title,Default Title,,,,,,,,,0.0,shopify,deny,manual,0.00,,true,true,,,,,"",https://cdn.shopify.com/s/files/1/0894/7436/7766/files/xhs_sports_bra_0016.jpg?v=1751996113,1,"",false,,,,,,,,,,,,lb,,,true,,,true,,,draft
sports-bra-bc-0469,Sports Bra- BC-0469,"",Besu Customs,Apparel & Accessories > Clothing > Activewear > Sports Bras,Sports Bra,GYM WEAR,false,Title,Default Title,,,,,,,,,0.0,shopify,deny,manual,0.00,,true,true,,,,,"",https://cdn.shopify.com/s/files/1/0894/7436/7766/files/xhs_sports_bra_0015.jpg?v=1751995871,1,"",false,,,,,,,,,,,,lb,,,true,,,true,,,draft
sports-bra-bc-0468,Sports Bra- BC-0468,"",Besu Customs,Apparel & Accessories > Clothing > Activewear > Sports Bras,Sports Bra,GYM WEAR,false,Title,Default Title,,,,,,,,,0.0,shopify,deny,manual,0.00,,true,true,,,,,"",https://cdn.shopify.com/s/files/1/0894/7436/7766/files/xhs_sports_bra_0014.jpg?v=1751993970,1,"",false,,,,,,,,,,,,lb,,,true,,,true,,,draft
sports-bra-bc-0467,Sports Bra- BC-0467,"",Besu Customs,Apparel & Accessories > Clothing > Activewear > Sports Bras,Sports Bra,GYM WEAR,false,Title,Default Title,,,,,,,,,0.0,shopify,deny,manual,0.00,,true,true,,,,,"",https://cdn.shopify.com/s/files/1/0894/7436/7766/files/xhs_sports_bra_0013.jpg?v=1751992053,1,"",false,,,,,,,,,,,,lb,,,true,,,true,,,draft
sports-bra-bc-0466,Sports Bra- BC-0466,"",Besu Customs,Apparel & Accessories > Clothing > Activewear > Sports Bras,Sports Bra,GYM WEAR,false,Title,Default Title,,,,,,,,,0.0,shopify,deny,manual,0.00,,true,true,,,,,"",https://cdn.shopify.com/s/files/1/0894/7436/7766/files/xhs_sports_bra_0011_bfedd0fb-6250-4444-a003-f32e70ae0739.jpg?v=1751991346,1,"",false,,,,,,,,,,,,lb,,,true,,,true,,,draft
sports-bra-bc-0465,Sports Bra- BC-0465,"",Besu Customs,Apparel & Accessories > Clothing > Activewear > Sports Bras,Sports Bra,GYM WEAR,false,Title,Default Title,,,,,,,,,0.0,shopify,deny,manual,0.00,,true,true,,,,,"",https://cdn.shopify.com/s/files/1/0894/7436/7766/files/xhs_sports_bra_0011.jpg?v=1751991236,1,"",false,,,,,,,,,,,,lb,,,true,,,true,,,draft
sports-bra-bc-0464,Sports Bra- BC-0464,"",Besu Customs,Apparel & Accessories > Clothing > Activewear > Sports Bras,Sports Bra,GYM WEAR,false,Title,Default Title,,,,,,,,,0.0,shopify,deny,manual,0.00,,true,true,,,,,"",https://cdn.shopify.com/s/files/1/0894/7436/7766/files/xhs_sports_bra_0010.jpg?v=1751990813,1,"",false,,,,,,,,,,,,lb,,,true,,,true,,,draft
sports-bra-bc-0463,Sports Bra- BC-0463,"",Besu Customs,Apparel & Accessories > Clothing > Activewear > Sports Bras,Sports Bra,GYM WEAR,false,Title,Default Title,,,,,,,,,0.0,shopify,deny,manual,0.00,,true,true,,,,,"",https://cdn.shopify.com/s/files/1/0894/7436/7766/files/xhs_sports_bra_009.jpg?v=1751990512,1,"",false,,,,,,,,,,,,lb,,,true,,,true,,,draft
sports-bra-bc-0462,Sports Bra- BC-0462,"",Besu Customs,Apparel & Accessories > Clothing > Activewear > Sports Bras,Sports Bra,GYM WEAR,false,Title,Default Title,,,,,,,,,0.0,shopify,deny,manual,0.00,,true,true,,,,,"",https://cdn.shopify.com/s/files/1/0894/7436/7766/files/xhs_sports_bra_008.jpg?v=1751911811,1,"",false,,,,,,,,,,,,lb,,,true,,,true,,,draft
sports-bra-bc-0461,Sports Bra- BC-0461,"",Besu Customs,Apparel & Accessories > Clothing > Activewear > Sports Bras,Sports Bra,GYM WEAR,false,Title,Default Title,,,,,,,,,0.0,shopify,deny,manual,0.00,,true,true,,,,,"",https://cdn.shopify.com/s/files/1/0894/7436/7766/files/xhs_sports_bra_007.jpg?v=1751909921,1,"",false,,,,,,,,,,,,lb,,,true,,,true,,,draft
sports-bra-bc-0460,Sports Bra- BC-0460,"",Besu Customs,Apparel & Accessories > Clothing > Activewear > Sports Bras,Sports Bra,GYM WEAR,false,Title,Default Title,,,,,,,,,0.0,shopify,deny,manual,0.00,,true,true,,,,,"",https://cdn.shopify.com/s/files/1/0894/7436/7766/files/xhs_sports_bra_006.jpg?v=1751909629,1,"",false,,,,,,,,,,,,lb,,,true,,,true,,,draft
sports-bra-bc-0459,Sports Bra- BC-0459,"",Besu Customs,Uncategorized,Sports Bra,GYM WEAR,false,Title,Default Title,,,,,,,,,0.0,shopify,deny,manual,0.00,,true,true,,,,,"",https://cdn.shopify.com/s/files/1/0894/7436/7766/files/xhs_sports_bra_005.jpg?v=1751909285,1,"",false,,,,,,,,,,,,lb,,,true,,,true,,,draft
sports-bra-bc-0458,Sports Bra- BC-0458,"",Besu Customs,Apparel & Accessories > Clothing > Activewear > Sports Bras,Sports Bra,GYM WEAR,false,Title,Default Title,,,,,,,,,0.0,shopify,deny,manual,0.00,,true,true,,,,,"",https://cdn.shopify.com/s/files/1/0894/7436/7766/files/xhs_sports_bra_004.jpg?v=1751906213,1,"",false,,,,,,,,,,,,lb,,,true,,,true,,,draft
sports-bra-bc-0457,Sports Bra- BC-0457,"",Besu Customs,Apparel & Accessories > Clothing > Activewear > Sports Bras,Sports Bra,GYM WEAR,false,Title,Default Title,,,,,,,,,0.0,shopify,deny,manual,0.00,,true,true,,,,,"",https://cdn.shopify.com/s/files/1/0894/7436/7766/files/xhs_sports_bra_003.jpg?v=1751858383,1,"",false,,,,,,,,,,,,lb,,,true,,,true,,,draft
sports-bra-bc-0456,Sports Bra- BC-0456,"",Besu Customs,Apparel & Accessories > Clothing > Activewear > Sports Bras,Sports Bra,GYM WEAR,false,Title,Default Title,,,,,,,,,0.0,shopify,deny,manual,0.00,,true,true,,,,,"",https://cdn.shopify.com/s/files/1/0894/7436/7766/files/xhs_sports_bra_002.jpg?v=1751857528,1,"",false,,,,,,,,,,,,lb,,,true,,,true,,,draft
sports-bra-bc-0455,Sports Bra- BC-0455,"",Besu Customs,Apparel & Accessories > Clothing > Activewear > Sports Bras,Sports Bra,GYM WEAR,false,Title,Default Title,,,,,,,,,0.0,shopify,deny,manual,0.00,,true,true,,,,,"",https://cdn.shopify.com/s/files/1/0894/7436/7766/files/xhs_sports_bra_001.jpg?v=1751857205,1,"",false,,,,,,,,,,,,lb,,,true,,,true,,,draft
stringer-vest-bc-0484,Stringer Vest- BC-0484,"",Besu Customs,Apparel & Accessories > Clothing > Activewear > Activewear Vests & Jackets > Vests,Stringer Vest,General Purpose Athletic Equipment,false,Title,Default Title,,,,,,,,,0.0,shopify,deny,manual,0.00,,true,true,,,,,"",https://cdn.shopify.com/s/files/1/0894/7436/7766/files/xhs_stringer_vest_0012.jpg?v=1751856505,1,"",false,,,,,,,,,,,,lb,,,true,,,true,,,draft
stringer-vest-bc-0483,Stringer Vest- BC-0483,"",Besu Customs,Apparel & Accessories > Clothing > Activewear > Activewear Vests & Jackets > Vests,Stringer Vest,General Purpose Athletic Equipment,false,Title,Default Title,,,,,,,,,0.0,shopify,deny,manual,0.00,,true,true,,,,,"",https://cdn.shopify.com/s/files/1/0894/7436/7766/files/xhs_stringer_vest_0011.jpg?v=1751856165,1,"",false,,,,,,,,,,,,lb,,,true,,,true,,,draft
stringer-vest-bc-0482,Stringer Vest- BC-0482,"",Besu Customs,Sporting Goods > Outdoor Recreation > Golf > Golf Bags,Stringer Vest,General Purpose Athletic Equipment,false,Title,Default Title,,,,,,,,,0.0,shopify,deny,manual,0.00,,true,true,,,,,"",https://cdn.shopify.com/s/files/1/0894/7436/7766/files/xhs_stringer_vest_0010.jpg?v=1751855362,1,"",false,,,,,,,,,,,,lb,,,true,,,true,,,draft
stringer-vest-bc-0481,Stringer Vest- BC-0481,"",Besu Customs,Apparel & Accessories > Clothing > Activewear > Activewear Vests & Jackets > Vests,Stringer Vest,General Purpose Athletic Equipment,false,Title,Default Title,,,,,,,,,0.0,shopify,deny,manual,0.00,,true,true,,,,,"",https://cdn.shopify.com/s/files/1/0894/7436/7766/files/xhs_stringer_vest_009.jpg?v=1751854887,1,"",false,,,,,,,,,,,,lb,,,true,,,true,,,draft
stringer-vest-bc-0480,Stringer Vest- BC-0480,"",Besu Customs,Sporting Goods > Athletics > General Purpose Athletic Equipment,Stringer Vest,General Purpose Athletic Equipment,false,Title,Default Title,,,,,,,,,0.0,shopify,deny,manual,0.00,,true,true,,,,,"",https://cdn.shopify.com/s/files/1/0894/7436/7766/files/xhs_stringer_vest_008.jpg?v=1751854161,1,"",false,,,,,,,,,,,,lb,,,true,,,true,,,draft
stringer-vest-bc-0479,Stringer Vest- BC-0479,"",Besu Customs,Apparel & Accessories > Clothing > Activewear > Activewear Vests & Jackets > Vests,Stringer Vest,General Purpose Athletic Equipment,false,Title,Default Title,,,,,,,,,0.0,shopify,deny,manual,0.00,,true,true,,,,,"",https://cdn.shopify.com/s/files/1/0894/7436/7766/files/xhs_stringer_vest_007.jpg?v=1751853647,1,"",false,,,,,,,,,,,,lb,,,true,,,true,,,draft
stringer-vest-bc-0478,Stringer Vest- BC-0478,"",Besu Customs,Apparel & Accessories > Clothing > Activewear > Activewear Vests & Jackets > Vests,Stringer Vest,General Purpose Athletic Equipment,false,Title,Default Title,,,,,,,,,0.0,shopify,deny,manual,0.00,,true,true,,,,,"",https://cdn.shopify.com/s/files/1/0894/7436/7766/files/xhs_stringer_vest_006.jpg?v=1751852517,1,"",false,,,,,,,,,,,,lb,,,true,,,true,,,draft
shenandoah-middle-school-hoodie-blac,Shenandoah Middle School Hoodie Black,<p>Shenandoah Middle School Hoodie Black</p>,Besu Customs,Apparel & Accessories > Clothing > Activewear > Activewear Sweatshirts & Hoodies > Hoodies,Hoodie,Shenandoah Middle,true,Size,adult-2-xl,product.metafields.shopify.size,,,,,,,,0.0,shopify,continue,manual,35.00,,true,true,,,,,,https://cdn.shopify.com/s/files/1/0894/7436/7766/files/Shenandoah-Hoodie-Black.jpg?v=1751007445,1,"",false,,,,,black,hooded,adult-2-xl; adult-extra-large; adult-large; adult-medium; adult-small; adult-extra-small; youth-extra-large; youth-large,,unisex,,,lb,,,true,,,true,,,active
shenandoah-middle-school-hoodie-blac,,,,,,,,,adult-extra-large,,,,,,,,,0.0,shopify,continue,manual,35.00,,true,true,,,,,,,,,,,,,,,,,,,,,lb,,,,,,,,,
shenandoah-middle-school-hoodie-blac,,,,,,,,,adult-large,,,,,,,,,0.0,shopify,continue,manual,35.00,,true,true,,,,,,,,,,,,,,,,,,,,,lb,,,,,,,,,
shenandoah-middle-school-hoodie-blac,,,,,,,,,adult-medium,,,,,,,,,0.0,shopify,continue,manual,35.00,,true,true,,,,,,,,,,,,,,,,,,,,,lb,,,,,,,,,
shenandoah-middle-school-hoodie-blac,,,,,,,,,adult-small,,,,,,,,,0.0,shopify,continue,manual,35.00,,true,true,,,,,,,,,,,,,,,,,,,,,lb,,,,,,,,,
shenandoah-middle-school-hoodie-blac,,,,,,,,,adult-extra-small,,,,,,,,,0.0,shopify,continue,manual,35.00,,true,true,,,,,,,,,,,,,,,,,,,,,lb,,,,,,,,,
shenandoah-middle-school-hoodie-blac,,,,,,,,,youth-extra-large,,,,,,,,,0.0,shopify,continue,manual,35.00,,true,true,,,,,,,,,,,,,,,,,,,,,lb,,,,,,,,,
shenandoah-middle-school-hoodie-blac,,,,,,,,,youth-large,,,,,,,,,0.0,shopify,continue,manual,35.00,,true,true,,,,,,,,,,,,,,,,,,,,,lb,,,,,,,,,
shenandoah-middle-school-hoodie,Shenandoah Middle School Hoodie Gray,<p>Shenandoah Middle School Hoodie Gray</p>,Besu Customs,Apparel & Accessories > Clothing > Activewear > Activewear Sweatshirts & Hoodies > Hoodies,Hoodie,Shenandoah Middle,true,Size,adult-2-xl,product.metafields.shopify.size,,,,,,,"",0.0,shopify,continue,manual,35.00,,true,true,,,,,"",https://cdn.shopify.com/s/files/1/0894/7436/7766/files/Shenandoah-Hoodie-Grey.jpg?v=1751007223,1,"",false,,,,,gray,hooded,adult-2-xl; adult-extra-large; adult-large; adult-medium; adult-small; adult-extra-small; youth-extra-large; youth-large,,unisex,,,lb,,,true,,,true,,,active
shenandoah-middle-school-hoodie,,,,,,,,,adult-extra-large,,,,,,,,"",0.0,shopify,continue,manual,35.00,,true,true,,,,,"",,,,,,,,,,,,,,,,lb,,,,,,,,,
shenandoah-middle-school-hoodie,,,,,,,,,adult-large,,,,,,,,"",0.0,shopify,continue,manual,35.00,,true,true,,,,,"",,,,,,,,,,,,,,,,lb,,,,,,,,,
shenandoah-middle-school-hoodie,,,,,,,,,adult-medium,,,,,,,,"",0.0,shopify,continue,manual,35.00,,true,true,,,,,"",,,,,,,,,,,,,,,,lb,,,,,,,,,
shenandoah-middle-school-hoodie,,,,,,,,,adult-small,,,,,,,,"",0.0,shopify,continue,manual,35.00,,true,true,,,,,"",,,,,,,,,,,,,,,,lb,,,,,,,,,
shenandoah-middle-school-hoodie,,,,,,,,,adult-extra-small,,,,,,,,"",0.0,shopify,continue,manual,35.00,,true,true,,,,,"",,,,,,,,,,,,,,,,lb,,,,,,,,,
shenandoah-middle-school-hoodie,,,,,,,,,youth-extra-large,,,,,,,,"",0.0,shopify,continue,manual,35.00,,true,true,,,,,"",,,,,,,,,,,,,,,,lb,,,,,,,,,
shenandoah-middle-school-hoodie,,,,,,,,,youth-large,,,,,,,,"",0.0,shopify,continue,manual,35.00,,true,true,,,,,"",,,,,,,,,,,,,,,,lb,,,,,,,,,
stringer-vest-bc-0477,Stringer Vest- BC-0477,"",Besu Customs,Apparel & Accessories > Clothing > Activewear > Activewear Vests & Jackets > Vests,Stringer Vest,General Purpose Athletic Equipment,false,Title,Default Title,,,,,,,,"",0.0,shopify,deny,manual,0.00,,true,true,,,,,"",https://cdn.shopify.com/s/files/1/0894/7436/7766/files/xhs_stringer_vest_005.jpg?v=1749839536,1,"",false,,,,,,,,,,,,lb,,,true,,,true,,,draft
stringer-vest-bc-0476,Stringer Vest- BC-0476,"",Besu Customs,Sporting Goods > Athletics > General Purpose Athletic Equipment,Stringer Vest,General Purpose Athletic Equipment,false,Title,Default Title,,,,,,,,"",0.0,shopify,deny,manual,0.00,,true,true,,,,,"",https://cdn.shopify.com/s/files/1/0894/7436/7766/files/xhs_stringer_vest_004.jpg?v=1749838646,1,"",false,,,,,,,,,,,,lb,,,true,,,true,,,draft
stringer-vest-bc-0475,Stringer Vest- BC-0475,"",Besu Customs,Apparel & Accessories > Clothing > Activewear > Activewear Vests & Jackets > Vests,Stringer Vest,General Purpose Athletic Equipment,false,Title,Default Title,,,,,,,,"",0.0,shopify,deny,manual,0.00,,true,true,,,,,"",https://cdn.shopify.com/s/files/1/0894/7436/7766/files/xhs_stringer_vest_003.jpg?v=1749838008,1,"",false,,,,,,,,,,,,lb,,,true,,,true,,,draft
stringer-vest-bc-0474,Stringer Vest- BC-0474,"",Besu Customs,Sporting Goods > Athletics > General Purpose Athletic Equipment,Stringer Vest,General Purpose Athletic Equipment,false,Title,Default Title,,,,,,,,"",0.0,shopify,deny,manual,0.00,,true,true,,,,,"",https://cdn.shopify.com/s/files/1/0894/7436/7766/files/xhs_stringer_vest_002.jpg?v=1749835433,1,"",false,,,,,,,,,,,,lb,,,true,,,true,,,draft
stringer-vest-bc-473,Stringer Vest- BC-0473,"",Besu Customs,Sporting Goods > Athletics > General Purpose Athletic Equipment,Stringer Vest,General Purpose Athletic Equipment,false,Title,Default Title,,,,,,,,"",0.0,shopify,deny,manual,0.00,,true,true,,,,,"",https://cdn.shopify.com/s/files/1/0894/7436/7766/files/xhs_stringer_vest_001_b70f43b9-4803-4a9f-8103-5b258a33227f.jpg?v=1749834614,1,"",false,,,,,,,,,,,,lb,,,true,,,true,,,draft
tank-top-men-women-bc-0580,Tank Top Men / Women- BC-0580,"",Besu Customs,Apparel & Accessories > Clothing > Activewear > Activewear Tops > Tank Tops,Tank top Men,Fitness / Gym Wear,false,Title,Default Title,,,,,,,,"",0.0,shopify,deny,manual,0.00,,true,true,,,,,"",https://cdn.shopify.com/s/files/1/0894/7436/7766/files/xhs_tank_top_0040.jpg?v=1749833640,1,"",false,,,,,,,,,,,,lb,,,true,,,true,,,draft
tank-top-men-women-bc-0579,Tank Top Men / Women- BC-0579,"",Besu Customs,Apparel & Accessories > Clothing > Activewear > Activewear Tops > Tank Tops,Tank top Women,Fitness / Gym Wear,false,Title,Default Title,,,,,,,,"",0.0,shopify,deny,manual,0.00,,true,true,,,,,"",https://cdn.shopify.com/s/files/1/0894/7436/7766/files/xhs_tank_top_0039.jpg?v=1749833245,1,"",false,,,,,,,,,,,,lb,,,true,,,true,,,draft
tank-top-men-women-bc-0578,Tank Top Men / Women- BC-0578,"",Besu Customs,Apparel & Accessories > Clothing > Clothing Tops > Tank Tops,Tank top Women,Fitness / Gym Wear,false,Title,Default Title,,,,,,,,"",0.0,shopify,deny,manual,0.00,,true,true,,,,,"",https://cdn.shopify.com/s/files/1/0894/7436/7766/files/xhs_tank_top_0038.jpg?v=1749833027,1,"",false,,,,,,,,,,,,lb,,,true,,,true,,,draft
tank-top-men-women-bc-0577,Tank Top Men / Women- BC-0577,"",Besu Customs,Apparel & Accessories > Clothing > Activewear > Activewear Tops > Tank Tops,Tank top Women,Fitness / Gym Wear,false,Title,Default Title,,,,,,,,"",0.0,shopify,deny,manual,0.00,,true,true,,,,,"",https://cdn.shopify.com/s/files/1/0894/7436/7766/files/xhs_tank_top_0037.jpg?v=1749832825,1,"",false,,,,,,,,,,,,lb,,,true,,,true,,,draft
tank-top-men-women-bc-0576,Tank Top Men / Women- BC-0576,"",Besu Customs,Apparel & Accessories > Clothing > Activewear > Activewear Tops > Tank Tops,Tank top Women,Fitness / Gym Wear,false,Title,Default Title,,,,,,,,"",0.0,shopify,deny,manual,0.00,,true,true,,,,,"",https://cdn.shopify.com/s/files/1/0894/7436/7766/files/xhs_tank_top_0036.jpg?v=1749832514,1,"",false,,,,,,,,,,,,lb,,,true,,,true,,,draft
tank-top-men-women-bc-0575,Tank Top Men / Women- BC-0575,"",Besu Customs,Apparel & Accessories > Clothing > Activewear > Activewear Tops > Tank Tops,Tank top Women,Fitness / Gym Wear,false,Title,Default Title,,,,,,,,"",0.0,shopify,deny,manual,0.00,,true,true,,,,,"",https://cdn.shopify.com/s/files/1/0894/7436/7766/files/xhs_tank_top_0035.jpg?v=1749832319,1,"",false,,,,,,,,,,,,lb,,,true,,,true,,,draft
tank-top-men-women-bc-0574,Tank Top Men / Women- BC-0574,"",Besu Customs,Apparel & Accessories > Clothing > Activewear > Activewear Tops > Tank Tops,Tank top Women,Fitness / Gym Wear,false,Title,Default Title,,,,,,,,"",0.0,shopify,deny,manual,0.00,,true,true,,,,,"",https://cdn.shopify.com/s/files/1/0894/7436/7766/files/xhs_tank_top_0034.jpg?v=1749832086,1,"",false,,,,,,,,,,,,lb,,,true,,,true,,,draft
tank-top-men-women-bc-0573,Tank Top Men / Women- BC-0573,"",Besu Customs,Apparel & Accessories > Clothing > Clothing Tops > Tank Tops,Tank top Women,Fitness / Gym Wear,false,Title,Default Title,,,,,,,,"",0.0,shopify,deny,manual,0.00,,true,true,,,,,"",https://cdn.shopify.com/s/files/1/0894/7436/7766/files/xhs_tank_top_0033.jpg?v=1749831891,1,"",false,,,,,,,,,,,,lb,,,true,,,true,,,draft
tank-top-men-women-bc-0572,Tank Top Men / Women- BC-0572,"",Besu Customs,Apparel & Accessories > Clothing > Activewear > Activewear Tops > Tank Tops,Tank top Women,Fitness / Gym Wear,false,Title,Default Title,,,,,,,,"",0.0,shopify,deny,manual,0.00,,true,true,,,,,"",https://cdn.shopify.com/s/files/1/0894/7436/7766/files/xhs_tank_top_0028_171877f8-5dfc-4146-8fb8-f8539209fb24.jpg?v=1749831555,1,"",false,,,,,,,,,,,,lb,,,true,,,true,,,draft
tank-top-men-women-bc-0571,Tank Top Men / Women- BC-0571,"",Besu Customs,Apparel & Accessories > Clothing > Activewear > Activewear Tops > Tank Tops,Tank top Women,Fitness / Gym Wear,false,Title,Default Title,,,,,,,,"",0.0,shopify,deny,manual,0.00,,true,true,,,,,"",https://cdn.shopify.com/s/files/1/0894/7436/7766/files/xhs_tank_top_0031.jpg?v=1749831280,1,"",false,,,,,,,,,,,,lb,,,true,,,true,,,draft
tank-top-men-women-bc-0570,Tank Top Men / Women- BC-0570,"",Besu Customs,Apparel & Accessories > Clothing > Activewear > Activewear Tops > Tank Tops,Tank top Women,Fitness / Gym Wear,false,Title,Default Title,,,,,,,,"",0.0,shopify,deny,manual,0.00,,true,true,,,,,"",https://cdn.shopify.com/s/files/1/0894/7436/7766/files/xhs_tank_top_0030.jpg?v=1749831057,1,"",false,,,,,,,,,,,,lb,,,true,,,true,,,draft
tank-top-men-women-bc-0569,Tank Top Men / Women- BC-0569,"",Besu Customs,Apparel & Accessories > Clothing > Activewear > Activewear Tops > Tank Tops,Tank top Women,Fitness / Gym Wear,false,Title,Default Title,,,,,,,,"",0.0,shopify,deny,manual,0.00,,true,true,,,,,"",https://cdn.shopify.com/s/files/1/0894/7436/7766/files/xhs_tank_top_0029.jpg?v=1749830890,1,"",false,,,,,,,,,,,,lb,,,true,,,true,,,draft
tank-top-men-women-bc-0568,Tank Top Men / Women- BC-0568,"",Besu Customs,Apparel & Accessories > Clothing > Activewear > Activewear Tops > Tank Tops,Tank top Women,Fitness / Gym Wear,false,Title,Default Title,,,,,,,,"",0.0,shopify,deny,manual,0.00,,true,true,,,,,"",https://cdn.shopify.com/s/files/1/0894/7436/7766/files/xhs_tank_top_0028.jpg?v=1749830682,1,"",false,,,,,,,,,,,,lb,,,true,,,true,,,draft
tank-top-men-women-bc-0567,Tank Top Men / Women- BC-0567,"",Besu Customs,Apparel & Accessories > Clothing > Activewear > Activewear Tops > Tank Tops,Tank top Women,Fitness / Gym Wear,false,Title,Default Title,,,,,,,,"",0.0,shopify,deny,manual,0.00,,true,true,,,,,"",https://cdn.shopify.com/s/files/1/0894/7436/7766/files/xhs_tank_top_0027.jpg?v=1749830440,1,"",false,,,,,,,,,,,,lb,,,true,,,true,,,draft
tank-top-men-women-bc-0566,Tank Top Men / Women- BC-0566,"",Besu Customs,Apparel & Accessories > Clothing > Activewear > Activewear Tops > Tank Tops,Tank top Men,Fitness / Gym Wear,false,Title,Default Title,,,,,,,,"",0.0,shopify,deny,manual,0.00,,true,true,,,,,"",https://cdn.shopify.com/s/files/1/0894/7436/7766/files/xhs_tank_top_0026.jpg?v=1749830167,1,"",false,,,,,,,,,,,,lb,,,true,,,true,,,draft
tank-top-men-women-bc-0565,Tank Top Men / Women- BC-0565,"",Besu Customs,Apparel & Accessories > Clothing > Activewear > Activewear Tops > Tank Tops,Tank top Women,Fitness / Gym Wear,false,Title,Default Title,,,,,,,,"",0.0,shopify,deny,manual,0.00,,true,true,,,,,"",https://cdn.shopify.com/s/files/1/0894/7436/7766/files/xhs_tank_top_0025.jpg?v=1749743751,1,"",false,,,,,,,,,,,,lb,,,true,,,true,,,draft
tank-top-men-women-bc-0564,Tank Top Men / Women- BC-0564,"",Besu Customs,Apparel & Accessories > Clothing > Activewear > Activewear Tops > Tank Tops,Tank top Men,Fitness / Gym Wear,false,Title,Default Title,,,,,,,,"",0.0,shopify,deny,manual,0.00,,true,true,,,,,"",https://cdn.shopify.com/s/files/1/0894/7436/7766/files/xhs_tank_top_0024.jpg?v=1749743348,1,"",false,,,,,,,,,,,,lb,,,true,,,true,,,draft
tank-top-men-women-bc-0563,Tank Top Men / Women- BC-0563,"",Besu Customs,Apparel & Accessories > Clothing > Activewear > Activewear Tops > Tank Tops,Tank top Women,Fitness / Gym Wear,false,Title,Default Title,,,,,,,,"",0.0,shopify,deny,manual,0.00,,true,true,,,,,"",https://cdn.shopify.com/s/files/1/0894/7436/7766/files/xhs_tank_top_0023.jpg?v=1749176084,1,"",false,,,,,,,,,,,,lb,,,true,,,true,,,draft
tank-top-men-women-bc-0562,Tank Top Men / Women- BC-0562,"",Besu Customs,Apparel & Accessories > Clothing > Activewear > Activewear Tops > Tank Tops,Tank top Women,Fitness / Gym Wear,false,Title,Default Title,,,,,,,,"",0.0,shopify,deny,manual,0.00,,true,true,,,,,"",https://cdn.shopify.com/s/files/1/0894/7436/7766/files/xhs_tank_top_0022.jpg?v=1749175937,1,"",false,,,,,,,,,,,,lb,,,true,,,true,,,draft
tank-top-men-women-bc-0561,Tank Top Men / Women- BC-0561,"",Besu Customs,Apparel & Accessories > Clothing > Activewear > Activewear Tops > Tank Tops,Tank top Men,Fitness / Gym Wear,false,Title,Default Title,,,,,,,,"",0.0,shopify,deny,manual,0.00,,true,true,,,,,"",https://cdn.shopify.com/s/files/1/0894/7436/7766/files/xhs_tank_top_0021.jpg?v=1749175684,1,"",false,,,,,,,,,,,,lb,,,true,,,true,,,draft
tank-top-men-women-bc-0560,Tank Top Men / Women- BC-0560,"",Besu Customs,Apparel & Accessories > Clothing > Activewear > Activewear Tops > Tank Tops,Tank top Men,Fitness / Gym Wear,false,Title,Default Title,,,,,,,,"",0.0,shopify,deny,manual,0.00,,true,true,,,,,"",https://cdn.shopify.com/s/files/1/0894/7436/7766/files/xhs_tank_top_0020.png?v=1749175470,1,"",false,,,,,,,,,,,,lb,,,true,,,true,,,draft
tank-top-men-women-bc-0559,Tank Top Men / Women- BC-0559,"",Besu Customs,Apparel & Accessories > Clothing > Activewear > Activewear Tops > Tank Tops,Tank top Women,Fitness / Gym Wear,false,Title,Default Title,,,,,,,,"",0.0,shopify,deny,manual,0.00,,true,true,,,,,"",https://cdn.shopify.com/s/files/1/0894/7436/7766/files/xhs_tank_top_0019.jpg?v=1749175066,1,"",false,,,,,,,,,,,,lb,,,true,,,true,,,draft
tank-top-men-women-bc-0558,Tank Top Men / Women- BC-0558,"",Besu Customs,Apparel & Accessories > Clothing > Activewear > Activewear Tops > Tank Tops,Tank top Women,Fitness / Gym Wear,false,Title,Default Title,,,,,,,,"",0.0,shopify,deny,manual,0.00,,true,true,,,,,"",https://cdn.shopify.com/s/files/1/0894/7436/7766/files/xhs_tank_top_0018.jpg?v=1749165275,1,"",false,,,,,,,,,,,,lb,,,true,,,true,,,draft
tank-top-men-women-bc-0557,Tank Top Men / Women- BC-0557,"",Besu Customs,Apparel & Accessories > Clothing > Activewear > Activewear Tops > Tank Tops,Tank top Women,Fitness / Gym Wear,false,Title,Default Title,,,,,,,,"",0.0,shopify,deny,manual,0.00,,true,true,,,,,"",https://cdn.shopify.com/s/files/1/0894/7436/7766/files/xhs_tank_top_0017.jpg?v=1749142960,1,"",false,,,,,,,,,,,,lb,,,true,,,true,,,draft
tank-top-men-women-bc-0555,Tank Top Men / Women- BC-0555,"",Besu Customs,Apparel & Accessories > Clothing > Activewear > Activewear Tops > Tank Tops,Tank top Women,Fitness / Gym Wear,false,Title,Default Title,,,,,,,,"",0.0,shopify,deny,manual,0.00,,true,true,,,,,"",https://cdn.shopify.com/s/files/1/0894/7436/7766/files/xhs_tank_top_0015.jpg?v=1749142799,1,"",false,,,,,,,,,,,,lb,,,true,,,true,,,draft
tank-top-men-women-bc-0554,Tank Top Men / Women- BC-0554,"",Besu Customs,Apparel & Accessories > Clothing > Clothing Tops > Tank Tops,Tank top Men,Fitness / Gym Wear,false,Title,Default Title,,,,,,,,"",0.0,shopify,deny,manual,0.00,,true,true,,,,,"",https://cdn.shopify.com/s/files/1/0894/7436/7766/files/xhs_tank_top_0014.jpg?v=1749142370,1,"",false,,,,,,,,,,,,lb,,,true,,,true,,,draft
tank-top-men-women-bc-0552,Tank Top Men / Women- BC-0552,"",Besu Customs,Apparel & Accessories > Clothing > Clothing Tops > Tank Tops,Tank top Men,Fitness / Gym Wear,false,Title,Default Title,,,,,,,,"",0.0,shopify,deny,manual,0.00,,true,true,,,,,"",https://cdn.shopify.com/s/files/1/0894/7436/7766/files/xhs_tank_top_0012.jpg?v=1749141712,1,"",false,,,,,,,,,,,,lb,,,true,,,true,,,draft
tank-top-men-women-bc-0551,Tank Top Men / Women- BC-0551,"",Besu Customs,Apparel & Accessories > Clothing > Activewear > Activewear Tops > Tank Tops,Tank top Women,Fitness / Gym Wear,false,Title,Default Title,,,,,,,,"",0.0,shopify,deny,manual,0.00,,true,true,,,,,"",https://cdn.shopify.com/s/files/1/0894/7436/7766/files/xhs_tank_top_0011.jpg?v=1749082465,1,"",false,,,,,,,,,,,,lb,,,true,,,true,,,draft
tank-top-men-women-bc-0549,Tank Top Men / Women- BC-0549,"",Besu Customs,Apparel & Accessories > Clothing > Activewear > Activewear Tops > Tank Tops,Tank top Men,Fitness / Gym Wear,false,Title,Default Title,,,,,,,,"",0.0,shopify,deny,manual,0.00,,true,true,,,,,"",https://cdn.shopify.com/s/files/1/0894/7436/7766/files/xhs_tank_top_009.jpg?v=1749082272,1,"",false,,,,,,,,,,,,lb,,,true,,,true,,,draft
tank-top-men-women-bc-0548,Tank Top Men / Women- BC-0548,"",Besu Customs,Apparel & Accessories > Clothing > Activewear > Activewear Tops > Tank Tops,Tank top Men,Fitness / Gym Wear,false,Title,Default Title,,,,,,,,"",0.0,shopify,deny,manual,0.00,,true,true,,,,,"",https://cdn.shopify.com/s/files/1/0894/7436/7766/files/xhs_tank_top_008.jpg?v=1749081973,1,"",false,,,,,,,,,,,,lb,,,true,,,true,,,draft
tank-top-men-women-bc-0547,Tank Top Men / Women- BC-0547,"",Besu Customs,Apparel & Accessories > Clothing > Activewear > Activewear Tops > Tank Tops,Tank top Women,Fitness / Gym Wear,false,Title,Default Title,,,,,,,,"",0.0,shopify,deny,manual,0.00,,true,true,,,,,"",https://cdn.shopify.com/s/files/1/0894/7436/7766/files/xhs_tank_top_007.png?v=1749081425,1,"",false,,,,,,,,,,,,lb,,,true,,,true,,,draft
tank-top-men-women-bc-0545,Tank Top Men / Women- BC-0545,"",Besu Customs,Apparel & Accessories > Clothing > Activewear > Activewear Tops > Tank Tops,Tank top Women,Fitness / Gym Wear,false,Title,Default Title,,,,,,,,"",0.0,shopify,deny,manual,0.00,,true,true,,,,,"",https://cdn.shopify.com/s/files/1/0894/7436/7766/files/xhs_tank_top_005.png?v=1749081087,1,"",false,,,,,,,,,,,,lb,,,true,,,true,,,draft
tank-top-men-women-bc-544,Tank Top Men / Women- BC-0544,"",Besu Customs,Apparel & Accessories > Clothing > Clothing Tops > Tank Tops,Tank top Women,Fitness / Gym Wear,false,Title,Default Title,,,,,,,,"",0.0,shopify,deny,manual,0.00,,true,true,,,,,"",https://cdn.shopify.com/s/files/1/0894/7436/7766/files/xhs_tank_top_004_db2000a1-f351-4882-9dc1-6c16ff827a38.jpg?v=1749080801,1,"",false,,,,,,,,,,,,lb,,,true,,,true,,,draft
tank-top-men-women-bc-543,Tank Top Men / Women- BC-0543,"",Besu Customs,Apparel & Accessories > Clothing > Activewear > Activewear Tops > Tank Tops,Tank top Men,Fitness / Gym Wear,false,Title,Default Title,,,,,,,,"",0.0,shopify,deny,manual,0.00,,true,true,,,,,"",https://cdn.shopify.com/s/files/1/0894/7436/7766/files/xhs_tank_top_003_fa4416e4-d89a-4125-a4b3-91a17e2ef06b.png?v=1749079482,1,"",false,,,,,,,,,,,,lb,,,true,,,true,,,draft
tank-top-men-women-bc-542,Tank Top Men / Women- BC-0542,"",Besu Customs,Apparel & Accessories > Clothing > Activewear > Activewear Tops > Tank Tops,Tank top Women,Fitness / Gym Wear,false,Title,Default Title,,,,,,,,"",0.0,shopify,deny,manual,0.00,,true,true,,,,,"",https://cdn.shopify.com/s/files/1/0894/7436/7766/files/xhs_tank_top_002_7fc1c8d7-b07a-4cbb-84c4-580e345748df.jpg?v=1749079327,1,"",false,,,,,,,,,,,,lb,,,true,,,true,,,draft
volleyball-uniform-bc-0664,Volleyball Uniform- BC-0664,"",Besu Customs,Apparel & Accessories > Clothing > Uniforms & Workwear > Sports Uniforms,Volleyball shirt,Volleyball Uniform,false,Title,Default Title,,,,,,,,"",0.0,shopify,deny,manual,0.00,,true,true,,,,,"",https://cdn.shopify.com/s/files/1/0894/7436/7766/files/xhs_vollyb_sign_0017.jpg?v=1749079012,1,"",false,,,,,,,,,,,,lb,,,true,,,true,,,draft
volleyball-uniform-bc-0663,Volleyball Uniform- BC-0663,"",Besu Customs,Apparel & Accessories > Clothing > Uniforms & Workwear > Sports Uniforms,Volleyball shirt,Volleyball Uniform,false,Title,Default Title,,,,,,,,"",0.0,shopify,deny,manual,0.00,,true,true,,,,,"",https://cdn.shopify.com/s/files/1/0894/7436/7766/files/xhs_vollyb_sign_0016.jpg?v=1749078715,1,"",false,,,,,,,,,,,,lb,,,true,,,true,,,draft
volleyball-uniform-bc-0662,Volleyball Uniform- BC-0662,"",Besu Customs,Apparel & Accessories > Clothing > Uniforms & Workwear > Sports Uniforms,Volleyball shirt,Volleyball Uniform,false,Title,Default Title,,,,,,,,"",0.0,shopify,deny,manual,0.00,,true,true,,,,,"",https://cdn.shopify.com/s/files/1/0894/7436/7766/files/xhs_vollyb_sign_0015.jpg?v=1749078546,1,"",false,,,,,,,,,,,,lb,,,true,,,true,,,draft
volleyball-uniform-bc-0661,Volleyball Uniform- BC-0661,"",Besu Customs,Apparel & Accessories > Clothing > Uniforms & Workwear > Sports Uniforms,Volleyball shirt,Volleyball Uniform,false,Title,Default Title,,,,,,,,"",0.0,shopify,deny,manual,0.00,,true,true,,,,,"",https://cdn.shopify.com/s/files/1/0894/7436/7766/files/xhs_vollyb_sign_0014.jpg?v=1748964274,1,"",false,,,,,,,,,,,,lb,,,true,,,true,,,draft
volleyball-uniform-bc-0660,Volleyball Uniform- BC-0660,"",Besu Customs,Apparel & Accessories > Clothing > Uniforms & Workwear > Sports Uniforms,Volleyball shirt,Volleyball Uniform,false,Title,Default Title,,,,,,,,"",0.0,shopify,deny,manual,0.00,,true,true,,,,,"",https://cdn.shopify.com/s/files/1/0894/7436/7766/files/xhs_vollyb_sign_0013.jpg?v=1748901734,1,"",false,,,,,,,,,,,,lb,,,true,,,true,,,draft
volleyball-uniform-bc-0659,Volleyball Uniform- BC-0659,"",Besu Customs,Apparel & Accessories > Clothing > Uniforms & Workwear > Sports Uniforms,Volleyball shirt,Volleyball Uniform,false,Title,Default Title,,,,,,,,"",0.0,shopify,deny,manual,0.00,,true,true,,,,,"",https://cdn.shopify.com/s/files/1/0894/7436/7766/files/xhs_vollyb_sign_0012.jpg?v=1748900721,1,"",false,,,,,,,,,,,,lb,,,true,,,true,,,draft
volleyball-uniform-bc-0658,Volleyball Uniform- BC-0658,"",Besu Customs,Apparel & Accessories > Clothing > Uniforms & Workwear > Sports Uniforms,Volleyball shirt,Volleyball Uniform,false,Title,Default Title,,,,,,,,"",0.0,shopify,deny,manual,0.00,,true,true,,,,,"",https://cdn.shopify.com/s/files/1/0894/7436/7766/files/xhs_vollyb_sign_0011.jpg?v=1748900396,1,"",false,,,,,,,,,,,,lb,,,true,,,true,,,draft
volleyball-uniform-bc-0657,Volleyball Uniform- BC-0657,"",Besu Customs,Apparel & Accessories > Clothing > Uniforms & Workwear > Sports Uniforms,Volleyball shirt,Volleyball Uniform,false,Title,Default Title,,,,,,,,"",0.0,shopify,deny,manual,0.00,,true,true,,,,,"",https://cdn.shopify.com/s/files/1/0894/7436/7766/files/xhs_vollyb_sign_0010.jpg?v=1748899998,1,"",false,,,,,,,,,,,,lb,,,true,,,true,,,draft
volleyball-uniform-bc-0656,Volleyball Uniform- BC-0656,"",Besu Customs,Apparel & Accessories > Clothing > Uniforms & Workwear > Sports Uniforms,Volleyball pants,Volleyball Uniform,false,Title,Default Title,,,,,,,,"",0.0,shopify,deny,manual,0.00,,true,true,,,,,"",https://cdn.shopify.com/s/files/1/0894/7436/7766/files/xhs_vollyb_sign_009.jpg?v=1748899722,1,"",false,,,,,,,,,,,,lb,,,true,,,true,,,draft
volleyball-uniform-bc-0655,Volleyball Uniform- BC-0655,"",Besu Customs,Apparel & Accessories > Clothing > Uniforms & Workwear > Sports Uniforms,Volleyball pants,Volleyball Uniform,false,Title,Default Title,,,,,,,,"",0.0,shopify,deny,manual,0.00,,true,true,,,,,"",https://cdn.shopify.com/s/files/1/0894/7436/7766/files/xhs_vollyb_sign_008.jpg?v=1748569140,1,"",false,,,,,,,,,,,,lb,,,true,,,true,,,draft
volleyball-uniform-bc-0654,Volleyball Uniform- BC-0654,"",Besu Customs,Apparel & Accessories > Clothing > Uniforms & Workwear > Sports Uniforms,Volleyball pants,Volleyball Uniform,false,Title,Default Title,,,,,,,,"",0.0,shopify,deny,manual,0.00,,true,true,,,,,"",https://cdn.shopify.com/s/files/1/0894/7436/7766/files/xhs_vollyb_sign_007.jpg?v=1748568546,1,"",false,,,,,,,,,,,,lb,,,true,,,true,,,draft
volleyball-uniform-bc-0653,Volleyball Uniform- BC-0653,"",Besu Customs,Apparel & Accessories > Clothing > Uniforms & Workwear > Sports Uniforms,Volleyball pants,Volleyball Uniform,false,Title,Default Title,,,,,,,,"",0.0,shopify,deny,manual,0.00,,true,true,,,,,"",https://cdn.shopify.com/s/files/1/0894/7436/7766/files/xhs_vollyb_sign_006.jpg?v=1748568367,1,"",false,,,,,,,,,,,,lb,,,true,,,true,,,draft
volleyball-uniform-bc-0652,Volleyball Uniform- BC-0652,"",Besu Customs,Apparel & Accessories > Clothing > Uniforms & Workwear > Sports Uniforms,Volleyball pants,Volleyball Uniform,false,Title,Default Title,,,,,,,,"",0.0,shopify,deny,manual,0.00,,true,true,,,,,"",https://cdn.shopify.com/s/files/1/0894/7436/7766/files/xhs_vollyb_sign_005.jpg?v=1748568105,1,"",false,,,,,,,,,,,,lb,,,true,,,true,,,draft
volleyball-uniform-bc-0651,Volleyball Uniform- BC-0651,"",Besu Customs,Apparel & Accessories > Clothing > Uniforms & Workwear > Sports Uniforms,Volleyball pants,Volleyball Uniform,false,Title,Default Title,,,,,,,,"",0.0,shopify,deny,manual,0.00,,true,true,,,,,"",https://cdn.shopify.com/s/files/1/0894/7436/7766/files/xhs_vollyb_sign_004.jpg?v=1748567929,1,"",false,,,,,,,,,,,,lb,,,true,,,true,,,draft
volleyball-uniform-bc-0650,Volleyball Uniform- BC-0650,"",Besu Customs,Apparel & Accessories > Clothing > Uniforms & Workwear > Sports Uniforms,Volleyball pants,Volleyball Uniform,false,Title,Default Title,,,,,,,,"",0.0,shopify,deny,manual,0.00,,true,true,,,,,"",https://cdn.shopify.com/s/files/1/0894/7436/7766/files/xhs_vollyb_sign_003.jpg?v=1748566373,1,"",false,,,,,,,,,,,,lb,,,true,,,true,,,draft
volleyball-uniform-bc-0649,Volleyball Uniform-  BC-0649,"",Besu Customs,Apparel & Accessories > Clothing > Uniforms & Workwear > Sports Uniforms,Volleyball pants,Volleyball Uniform,false,Title,Default Title,,,,,,,,"",0.0,shopify,deny,manual,0.00,,true,true,,,,,"",https://cdn.shopify.com/s/files/1/0894/7436/7766/files/xhs_vollyb_sign_002.jpg?v=1748566236,1,"",false,,,,,,,,,,,,lb,,,true,,,true,,,draft
volleyball-uniform-bc-0648,Volleyball Uniform- BC-0648,"",Besu Customs,Apparel & Accessories > Clothing > Uniforms & Workwear > Sports Uniforms,Volleyball pants,Volleyball Uniforms,false,Title,Default Title,,,,,,,,"",0.0,shopify,deny,manual,0.00,,true,true,,,,,"",https://cdn.shopify.com/s/files/1/0894/7436/7766/files/xhs_vollyb_sign_001.jpg?v=1748565900,1,"",false,,,,,,,,,,,,lb,,,true,,,true,,,draft
tennis-uniform-bc-0757,Tennis Uniform- BC-0757,"",Besu Customs,Apparel & Accessories > Clothing > Uniforms & Workwear > Sports Uniforms,Tennis skirt,Tennis Uniform,false,Title,Default Title,,,,,,,,"",0.0,shopify,deny,manual,0.00,,true,true,,,,,"",https://cdn.shopify.com/s/files/1/0894/7436/7766/files/xhs_tennis_uni_0029.jpg?v=1748562614,1,"",false,,,,,,,,,,,,lb,,,true,,,true,,,draft
tennis-uniform-bc-0756,Tennis Uniform- BC-0756,"",Besu Customs,Uncategorized,Tennis skirt,Tennis Uniform,false,Title,Default Title,,,,,,,,"",0.0,shopify,deny,manual,0.00,,true,true,,,,,"",https://cdn.shopify.com/s/files/1/0894/7436/7766/files/xhs_tennis_uni_0028.jpg?v=1748558650,1,"",false,,,,,,,,,,,,lb,,,true,,,true,,,draft
tennis-uniform-bc-0755,Tennis Uniform- BC-0755,"",Besu Customs,Apparel & Accessories > Clothing > Uniforms & Workwear > Sports Uniforms,Tennis shirt,Tennis Uniform,false,Title,Default Title,,,,,,,,"",0.0,shopify,deny,manual,0.00,,true,true,,,,,"",https://cdn.shopify.com/s/files/1/0894/7436/7766/files/xhs_tennis_uni_0027.jpg?v=1748557358,1,"",false,,,,,,,,,,,,lb,,,true,,,true,,,draft
tennis-uniform-bc-0754,Tennis Uniform- BC-0754,"",Besu Customs,Apparel & Accessories > Clothing > Activewear > Activewear Pants > Shorts,tennis shorts,Tennis Uniform,false,Title,Default Title,,,,,,,,"",0.0,shopify,deny,manual,0.00,,true,true,,,,,"",https://cdn.shopify.com/s/files/1/0894/7436/7766/files/xhs_tennis_uni_0026.jpg?v=1748556908,1,"",false,,,,,,,,,,,,lb,,,true,,,true,,,draft
tennis-uniform-bc-0753,Tennis Uniform- BC-0753,"",Besu Customs,Apparel & Accessories > Clothing > Uniforms & Workwear > Sports Uniforms,Tennis shirt,Tennis Uniform,false,Title,Default Title,,,,,,,,"",0.0,shopify,deny,manual,0.00,,true,true,,,,,"",https://cdn.shopify.com/s/files/1/0894/7436/7766/files/xhs_tennis_uni_0025.jpg?v=1748556555,1,"",false,,,,,,,,,,,,lb,,,true,,,true,,,draft
tennis-uniform-bc-0752,Tennis Uniform- BC-0752,"",Besu Customs,Apparel & Accessories > Clothing > Uniforms & Workwear > Sports Uniforms,Tennis blouses,Tennis Uniform,false,Title,Default Title,,,,,,,,"",0.0,shopify,deny,manual,0.00,,true,true,,,,,"",https://cdn.shopify.com/s/files/1/0894/7436/7766/files/xhs_tennis_uni_0024.jpg?v=1748556200,1,"",false,,,,,,,,,,,,lb,,,true,,,true,,,draft
tennis-uniform-bc-0751,Tennis Uniform- BC-0751,"",Besu Customs,Apparel & Accessories > Clothing > Uniforms & Workwear > Sports Uniforms,Tennis shirt,Tennis Uniform,false,Title,Default Title,,,,,,,,"",0.0,shopify,deny,manual,0.00,,true,true,,,,,"",https://cdn.shopify.com/s/files/1/0894/7436/7766/files/xhs_tennis_uni_0023.jpg?v=1748555834,1,"",false,,,,,,,,,,,,lb,,,true,,,true,,,draft
tennis-uniform-bc-0750,Tennis Uniform- BC-0750,"",Besu Customs,Apparel & Accessories > Clothing > Uniforms & Workwear > Sports Uniforms,Tennis uniform,Tennis Uniform,false,Title,Default Title,,,,,,,,"",0.0,shopify,deny,manual,0.00,,true,true,,,,,"",https://cdn.shopify.com/s/files/1/0894/7436/7766/files/xhs_tennis_uni_0022.jpg?v=1748555664,1,"",false,,,,,,,,,,,,lb,,,true,,,true,,,draft
tennis-uniform-product-code-bc-0749,Tennis Uniform- BC-0749,"",Besu Customs,Apparel & Accessories > Clothing > Activewear > Activewear Pants > Training Pants,Tennis pants,Tennis Uniform,false,Title,Default Title,,,,,,,,"",0.0,shopify,deny,manual,0.00,,true,true,,,,,"",https://cdn.shopify.com/s/files/1/0894/7436/7766/files/xhs_tennis_uni_0021.jpg?v=1748296473,1,"",false,,,,,,,,,,,,lb,,,true,,,true,,,draft
tennis-uniform-bc-0748,Tennis Uniform- BC-0748,"",Besu Customs,Apparel & Accessories > Clothing > Uniforms & Workwear > Sports Uniforms,Tennis shirt,Tennis Uniform,false,Title,Default Title,,,,,,,,"",0.0,shopify,deny,manual,0.00,,true,true,,,,,"",https://cdn.shopify.com/s/files/1/0894/7436/7766/files/xhs_tennis_uni_0020.jpg?v=1748295875,1,"",false,,,,,,,,,,,,lb,,,true,,,true,,,draft
tennis-uniform-bc-0747,Tennis Uniform- BC-0747,"",Besu Customs,Apparel & Accessories > Clothing > Skirts,Tennis skirt,Tennis Uniform,false,Title,Default Title,,,,,,,,"",0.0,shopify,deny,manual,0.00,,true,true,,,,,"",https://cdn.shopify.com/s/files/1/0894/7436/7766/files/xhs_tennis_uni_0019.jpg?v=1748295504,1,"",false,,,,,,,,,,,,lb,,,true,,,true,,,draft
tennis-uniform-bc-0746,Tennis Uniform- BC-0746,"",Besu Customs,Apparel & Accessories > Clothing > Uniforms & Workwear > Sports Uniforms,Tennis shirt,Tennis Uniform,false,Title,Default Title,,,,,,,,"",0.0,shopify,deny,manual,0.00,,true,true,,,,,"",https://cdn.shopify.com/s/files/1/0894/7436/7766/files/xhs_tennis_uni_0018.jpg?v=1748293877,1,"",false,,,,,,,,,,,,lb,,,true,,,true,,,draft
tennis-uniform-bc-0745,Tennis Uniform- BC-0745,"",Besu Customs,Apparel & Accessories > Clothing > Uniforms & Workwear > Sports Uniforms,Tennis blouses,Tennis Uniform,false,Title,Default Title,,,,,,,,"",0.0,shopify,deny,manual,0.00,,true,true,,,,,"",https://cdn.shopify.com/s/files/1/0894/7436/7766/files/xhs_tennis_uni_0017.jpg?v=1748293243,1,"",false,,,,,,,,,,,,lb,,,true,,,true,,,draft
tennis-uniform-bc-0744,Tennis Uniform- BC-0744,"",Besu Customs,Apparel & Accessories > Clothing > Uniforms & Workwear > Sports Uniforms,Tennis dress,Tennis Uniform,false,Title,Default Title,,,,,,,,"",0.0,shopify,deny,manual,0.00,,true,true,,,,,"",https://cdn.shopify.com/s/files/1/0894/7436/7766/files/xhs_tennis_uni_0016.jpg?v=1748292837,1,"",false,,,,,,,,,,,,lb,,,true,,,true,,,draft
tennis-uniform-bc-0743,Tennis Uniform- BC-0743,"",Besu Customs,Apparel & Accessories > Clothing > Uniforms & Workwear > Sports Uniforms,Tennis shirt,Tennis Uniform,false,Title,Default Title,,,,,,,,"",0.0,shopify,deny,manual,0.00,,true,true,,,,,"",https://cdn.shopify.com/s/files/1/0894/7436/7766/files/xhs_tennis_uni_0015.jpg?v=1748292191,1,"",false,,,,,,,,,,,,lb,,,true,,,true,,,draft
tennis-uniform-bc-0742,Tennis Uniform- BC-0742,"",Besu Customs,Apparel & Accessories > Clothing > Activewear > Activewear Pants > Shorts,tennis shorts,Tennis Uniform,false,Title,Default Title,,,,,,,,"",0.0,shopify,deny,manual,0.00,,true,true,,,,,"",https://cdn.shopify.com/s/files/1/0894/7436/7766/files/xhs_tennis_uni_0014.jpg?v=1748291798,1,"",false,,,,,,,,,,,,lb,,,true,,,true,,,draft
tennis-uniform-bc-0741,Tennis Uniform- BC-0741,"",Besu Customs,Apparel & Accessories > Clothing > Skorts,Tennis skirt,Tennis Uniform,false,Title,Default Title,,,,,,,,"",0.0,shopify,deny,manual,0.00,,true,true,,,,,"",https://cdn.shopify.com/s/files/1/0894/7436/7766/files/xhs_tennis_uni_0013.jpg?v=1748204637,1,"",false,,,,,,,,,,,,lb,,,true,,,true,,,draft
tennis-uniform-bc-0740,Tennis Uniform- BC-0740,"",Besu Customs,Apparel & Accessories > Clothing > Uniforms & Workwear > Sports Uniforms,Tennis shirt,Tennis Uniform,false,Title,Default Title,,,,,,,,"",0.0,shopify,deny,manual,0.00,,true,true,,,,,"",https://cdn.shopify.com/s/files/1/0894/7436/7766/files/xhs_tennis_uni_0012.jpg?v=1748204423,1,"",false,,,,,,,,,,,,lb,,,true,,,true,,,draft
tennis-uniform-bc-0739,Tennis Uniform- BC-0739,"",Besu Customs,Apparel & Accessories > Clothing > Activewear > Activewear Pants > Shorts,tennis shorts,Tennis Uniform,false,Title,Default Title,,,,,,,,"",0.0,shopify,deny,manual,0.00,,true,true,,,,,"",https://cdn.shopify.com/s/files/1/0894/7436/7766/files/xhs_tennis_uni_0011.jpg?v=1748120575,1,"",false,,,,,,,,,,,,lb,,,true,,,true,,,draft
tennis-uniform-bc-0738,Tennis Uniform- BC-0738,"",Besu Customs,Apparel & Accessories > Clothing > Uniforms & Workwear > Sports Uniforms,Tennis shirt,Tennis Uniform,false,Title,Default Title,,,,,,,,"",0.0,shopify,deny,manual,0.00,,true,true,,,,,"",https://cdn.shopify.com/s/files/1/0894/7436/7766/files/xhs_tennis_uni_0010.jpg?v=1748120120,1,"",false,,,,,,,,,,,,lb,,,true,,,true,,,draft
tennis-uniform-bc-0737,Tennis Uniform- BC-0737,"",Besu Customs,Apparel & Accessories > Clothing > Uniforms & Workwear > Sports Uniforms,Tennis t-shirt,Tennis Uniform,false,Title,Default Title,,,,,,,,"",0.0,shopify,deny,manual,0.00,,true,true,,,,,"",https://cdn.shopify.com/s/files/1/0894/7436/7766/files/xhs_tennis_uni_009.jpg?v=1748119522,1,"",false,,,,,,,,,,,,lb,,,true,,,true,,,draft
tennis-uniform-bc-0736,Tennis Uniform- BC-0736,"",Besu Customs,Apparel & Accessories > Clothing > Uniforms & Workwear > Sports Uniforms,Tennis t-shirt,Tennis Uniform,false,Title,Default Title,,,,,,,,"",0.0,shopify,deny,manual,0.00,,true,true,,,,,"",https://cdn.shopify.com/s/files/1/0894/7436/7766/files/xhs_tennis_uni_008.jpg?v=1748119173,1,"",false,,,,,,,,,,,,lb,,,true,,,true,,,draft
tennis-uniform-bc-0735,Tennis Uniform- BC-0735,"",Besu Customs,Apparel & Accessories > Clothing > Uniforms & Workwear > Sports Uniforms,Tennis skirt,Tennis Uniform,false,Title,Default Title,,,,,,,,"",0.0,shopify,deny,manual,0.00,,true,true,,,,,"",https://cdn.shopify.com/s/files/1/0894/7436/7766/files/xhs_tennis_uni_007.jpg?v=1748118946,1,"",false,,,,,,,,,,,,lb,,,true,,,true,,,draft
tennis-uniform-bc-0734,Tennis Uniform- BC-0734,"",Besu Customs,Apparel & Accessories > Clothing > Uniforms & Workwear > Sports Uniforms,Tennis t-shirt,Tennis Uniform,false,Title,Default Title,,,,,,,,"",0.0,shopify,deny,manual,0.00,,true,true,,,,,"",https://cdn.shopify.com/s/files/1/0894/7436/7766/files/xhs_tennis_uni_006.jpg?v=1748118072,1,"",false,,,,,,,,,,,,lb,,,true,,,true,,,draft
tennis-uniform-bc-0733,Tennis Uniform- BC-0733,"",Besu Customs,Apparel & Accessories > Clothing > Activewear > Activewear Tops > Tank Tops,Tennis blouses,Tennis Uniform,false,Title,Default Title,,,,,,,,"",0.0,shopify,deny,manual,0.00,,true,true,,,,,"",https://cdn.shopify.com/s/files/1/0894/7436/7766/files/xhs_tennis_uni_005.jpg?v=1748116433,1,"",false,,,,,,,,,,,,lb,,,true,,,true,,,draft
tennis-uniform-bc-0732,Tennis Uniform- BC-0732,"",Besu Customs,Uncategorized,Tennis pants,Tennis Uniform,false,Title,Default Title,,,,,,,,"",0.0,shopify,deny,manual,0.00,,true,true,,,,,"",https://cdn.shopify.com/s/files/1/0894/7436/7766/files/xhs_tennis_uni_004.jpg?v=1748116172,1,"",false,,,,,,,,,,,,lb,,,true,,,true,,,draft
tennis-uniform-bc-0731,Tennis Uniform- BC-0731,"",Besu Customs,Apparel & Accessories > Clothing > Activewear > Activewear Pants > Shorts,tennis shorts,Tennis Uniform,false,Title,Default Title,,,,,,,,"",0.0,shopify,deny,manual,0.00,,true,true,,,,,"",https://cdn.shopify.com/s/files/1/0894/7436/7766/files/xhs_tennis_uni_003.jpg?v=1748114486,1,"",false,,,,,,,,,,,,lb,,,true,,,true,,,draft
tennis-uniform-bc-0730,Tennis Uniform- BC-0730,"",Besu Customs,Apparel & Accessories > Clothing > Uniforms & Workwear > Sports Uniforms,Tennis t-shirt,Tennis Uniform,false,Title,Default Title,,,,,,,,"",0.0,shopify,deny,manual,0.00,,true,true,,,,,"",https://cdn.shopify.com/s/files/1/0894/7436/7766/files/xhs_tennis_uni_002.jpg?v=1748062343,1,"",false,,,,,,,,,,,,lb,,,true,,,true,,,draft
tennis-uniform-bc-0729,Tennis Uniform- BC-0729,"",Besu Customs,Apparel & Accessories > Clothing > Uniforms & Workwear > Sports Uniforms,Tennis skirt,Tennis Uniform,false,Title,Default Title,,,,,,,,"",0.0,shopify,deny,manual,0.00,,true,true,,,,,"",https://cdn.shopify.com/s/files/1/0894/7436/7766/files/xhs_tennis_uni_001.jpg?v=1748062110,1,"",false,,,,,,,,,,,,lb,,,true,,,true,,,draft
soccer-uniforms-bc-1200,Soccer Uniforms- BC-1200,"",Besu Customs,Apparel & Accessories > Clothing > Uniforms & Workwear > Sports Uniforms,sports uniforms,Soccer Uniforms,false,Title,Default Title,,,,,,,,"",0.0,shopify,deny,manual,0.00,,true,true,,,,,"",https://cdn.shopify.com/s/files/1/0894/7436/7766/files/10-4.jpg?v=1748061514,1,"",false,,,,,,,,,,,,lb,,,true,,,true,,,draft
soccer-uniforms-bc-1201,Soccer Uniforms- BC-1201,"",Besu Customs,Apparel & Accessories > Clothing > Uniforms & Workwear > Sports Uniforms,sports uniforms,Soccer Uniforms,false,Title,Default Title,,,,,,,,"",0.0,shopify,deny,manual,0.00,,true,true,,,,,"",https://cdn.shopify.com/s/files/1/0894/7436/7766/files/9-4.jpg?v=1748061386,1,"",false,,,,,,,,,,,,lb,,,true,,,true,,,draft
soccer-uniforms-bc-1091,Soccer Uniforms- BC-1091,"",Besu Customs,Apparel & Accessories > Clothing > Uniforms & Workwear > Sports Uniforms,sports uniforms,Soccer Uniforms,false,Title,Default Title,,,,,,,,"",0.0,shopify,deny,manual,0.00,,true,true,,,,,"",https://cdn.shopify.com/s/files/1/0894/7436/7766/files/8-4.jpg?v=1748061253,1,"",false,,,,,,,,,,,,lb,,,true,,,true,,,draft
soccer-uniforms-bc-1092,Soccer Uniforms- BC-1092,"",Besu Customs,Apparel & Accessories > Clothing > Uniforms & Workwear > Sports Uniforms,sports uniforms,Soccer Uniforms,false,Title,Default Title,,,,,,,,"",0.0,shopify,deny,manual,0.00,,true,true,,,,,"",https://cdn.shopify.com/s/files/1/0894/7436/7766/files/7-4.jpg?v=1748061067,1,"",false,,,,,,,,,,,,lb,,,true,,,true,,,draft
soccer-uniforms-bc-1093,Soccer Uniforms- BC-1093,"",Besu Customs,Apparel & Accessories > Clothing > Uniforms & Workwear > Sports Uniforms,sports uniforms,Soccer Uniforms,false,Title,Default Title,,,,,,,,"",0.0,shopify,deny,manual,0.00,,true,true,,,,,"",https://cdn.shopify.com/s/files/1/0894/7436/7766/files/6-3.jpg?v=1748060801,1,"",false,,,,,,,,,,,,lb,,,true,,,true,,,draft
soccer-uniforms-bc-1099,Soccer Uniforms- BC-1099,"",Besu Customs,Apparel & Accessories > Clothing > Uniforms & Workwear > Sports Uniforms,sports uniforms,Soccer Uniforms,false,Title,Default Title,,,,,,,,"",0.0,shopify,deny,manual,0.00,,true,true,,,,,"",https://cdn.shopify.com/s/files/1/0894/7436/7766/files/5-5.jpg?v=1748060552,1,"",false,,,,,,,,,,,,lb,,,true,,,true,,,draft
soccer-uniforms-bc-1098,Soccer Uniforms- BC-1098,"",Besu Customs,Apparel & Accessories > Clothing > Uniforms & Workwear > Sports Uniforms,sports uniforms,Soccer Uniforms,false,Title,Default Title,,,,,,,,"",0.0,shopify,deny,manual,0.00,,true,true,,,,,"",https://cdn.shopify.com/s/files/1/0894/7436/7766/files/4-4.jpg?v=1748060313,1,"",false,,,,,,,,,,,,lb,,,true,,,true,,,draft
soccer-uniforms-bc-1097,Soccer Uniforms- BC-1097,"",Besu Customs,Uncategorized,sports uniforms,Soccer Uniforms,false,Title,Default Title,,,,,,,,"",0.0,shopify,deny,manual,0.00,,true,true,,,,,"",https://cdn.shopify.com/s/files/1/0894/7436/7766/files/3-5.jpg?v=1747764005,1,"",false,,,,,,,,,,,,lb,,,true,,,true,,,draft
soccer-uniforms-bc-1096,Soccer Uniforms- BC-1096,"",Besu Customs,Uncategorized,sports uniforms,Soccer Uniforms,false,Title,Default Title,,,,,,,,"",0.0,shopify,deny,manual,0.00,,true,true,,,,,"",https://cdn.shopify.com/s/files/1/0894/7436/7766/files/2-6.jpg?v=1747763743,1,"",false,,,,,,,,,,,,lb,,,true,,,true,,,draft
soccer-uniforms-bc-1095,Soccer Uniforms- BC-1095,"",Besu Customs,Uncategorized,sports uniforms,Soccer Uniforms,false,Title,Default Title,,,,,,,,"",0.0,shopify,deny,manual,0.00,,true,true,,,,,"",https://cdn.shopify.com/s/files/1/0894/7436/7766/files/1-7.jpg?v=1747763360,1,"",false,,,,,,,,,,,,lb,,,true,,,true,,,draft
soccer-uniform-bc-0442,Soccer Uniform- BC-0442,"",Besu Customs,Uncategorized,tshirt soccer,Soccer Uniforms,false,Title,Default Title,,,,,,,,"",0.0,shopify,deny,manual,0.00,,true,true,,,,,"",https://cdn.shopify.com/s/files/1/0894/7436/7766/files/xhs_soccer_uni_0018.jpg?v=1747763016,1,"",false,,,,,,,,,,,,lb,,,true,,,true,,,draft
soccer-uniform-bc-0441,Soccer Uniform- BC-0441,"",Besu Customs,Uncategorized,tshirt soccer,Soccer Uniforms,false,Title,Default Title,,,,,,,,"",0.0,shopify,deny,manual,0.00,,true,true,,,,,"",https://cdn.shopify.com/s/files/1/0894/7436/7766/files/xhs_soccer_uni_0017.jpg?v=1747762787,1,"",false,,,,,,,,,,,,lb,,,true,,,true,,,draft
soccer-uniform-bc-0440,Soccer Uniform- BC-0440,"",Besu Customs,Uncategorized,tshirt soccer,Soccer Uniforms,false,Title,Default Title,,,,,,,,"",0.0,shopify,deny,manual,0.00,,true,true,,,,,"",https://cdn.shopify.com/s/files/1/0894/7436/7766/files/xhs_soccer_uni_0016.jpg?v=1747762494,1,"",false,,,,,,,,,,,,lb,,,true,,,true,,,draft
soccer-uniform-bc-0439,Soccer Uniform- BC-0439,"",Besu Customs,Uncategorized,tshirt soccer,Soccer Uniforms,false,Title,Default Title,,,,,,,,"",0.0,shopify,deny,manual,0.00,,true,true,,,,,"",https://cdn.shopify.com/s/files/1/0894/7436/7766/files/xhs_soccer_uni_0015.jpg?v=1747762301,1,"",false,,,,,,,,,,,,lb,,,true,,,true,,,draft
soccer-uniform-bc-0438,Soccer Uniform- BC-0438,"",Besu Customs,Apparel & Accessories > Clothing > Uniforms > Sports Uniforms,tshirt soccer,Soccer Uniforms,false,Title,Default Title,,,,,,,,"",0.0,shopify,deny,manual,0.00,,true,true,,,,,"",https://cdn.shopify.com/s/files/1/0894/7436/7766/files/xhs_soccer_uni_0014.jpg?v=1747753468,1,"",false,,,,,,,,,,,,lb,,,true,,,true,,,draft
soccer-uniform-bc-0437,Soccer Uniform- BC-0437,"",Besu Customs,Apparel & Accessories > Clothing > Uniforms > Sports Uniforms,tshirt soccer,Soccer Uniforms,false,Title,Default Title,,,,,,,,"",0.0,shopify,deny,manual,0.00,,true,true,,,,,"",https://cdn.shopify.com/s/files/1/0894/7436/7766/files/xhs_soccer_uni_0013.jpg?v=1747753072,1,"",false,,,,,,,,,,,,lb,,,true,,,true,,,draft
soccer-uniform-bc-0436,Soccer Uniform- BC-0436,"",Besu Customs,Apparel & Accessories > Clothing > Uniforms > Sports Uniforms,tshirt soccer,Soccer Uniforms,false,Title,Default Title,,,,,,,,"",0.0,shopify,deny,manual,0.00,,true,true,,,,,"",https://cdn.shopify.com/s/files/1/0894/7436/7766/files/xhs_soccer_uni_0012.jpg?v=1747689608,1,"",false,,,,,,,,,,,,lb,,,true,,,true,,,draft
soccer-uniform-bc-0435,Soccer Uniform- BC-0435,"",Besu Customs,Apparel & Accessories > Clothing > Uniforms > Sports Uniforms,tshirt soccer,Soccer Uniforms,false,Title,Default Title,,,,,,,,"",0.0,shopify,deny,manual,0.00,,true,true,,,,,"",https://cdn.shopify.com/s/files/1/0894/7436/7766/files/xhs_soccer_uni_0011.jpg?v=1747689376,1,"",false,,,,,,,,,,,,lb,,,true,,,true,,,draft
soccer-uniform-bc-0434,Soccer Uniform- BC-0434,"",Besu Customs,Apparel & Accessories > Clothing > Uniforms > Sports Uniforms,tshirt soccer,Soccer Uniforms,false,Title,Default Title,,,,,,,,"",0.0,shopify,deny,manual,0.00,,true,true,,,,,"",https://cdn.shopify.com/s/files/1/0894/7436/7766/files/xhs_soccer_uni_0010.jpg?v=1747688985,1,"",false,,,,,,,,,,,,lb,,,true,,,true,,,draft
soccer-uniform-bc-0433,Soccer Uniform- BC-0433,"",Besu Customs,Apparel & Accessories > Clothing > Uniforms > Sports Uniforms,Soccer Shorts,Soccer Uniforms,false,Title,Default Title,,,,,,,,"",0.0,shopify,deny,manual,0.00,,true,true,,,,,"",https://cdn.shopify.com/s/files/1/0894/7436/7766/files/xhs_soccer_uni_009.jpg?v=1747688724,1,"",false,,,,,,,,,,,,lb,,,true,,,true,,,draft
soccer-uniform-bc-0432,Soccer Uniform- BC-0432,"",Besu Customs,Apparel & Accessories > Clothing > Uniforms > Sports Uniforms,Soccer Shorts,Soccer Uniforms,false,Title,Default Title,,,,,,,,"",0.0,shopify,deny,manual,0.00,,true,true,,,,,"",https://cdn.shopify.com/s/files/1/0894/7436/7766/files/xhs_soccer_uni_008.jpg?v=1747688533,1,"",false,,,,,,,,,,,,lb,,,true,,,true,,,draft
soccer-uniform-c-0431,Soccer Uniform- C-0431,"",Besu Customs,Apparel & Accessories > Clothing > Uniforms > Sports Uniforms,Soccer Shorts,Soccer Uniforms,false,Title,Default Title,,,,,,,,"",0.0,shopify,deny,manual,0.00,,true,true,,,,,"",https://cdn.shopify.com/s/files/1/0894/7436/7766/files/xhs_soccer_uni_007.jpg?v=1747688296,1,"",false,,,,,,,,,,,,lb,,,true,,,true,,,draft
soccer-uniform-bc-0430,Soccer Uniform- BC-0430,"",Besu Customs,Apparel & Accessories > Clothing > Uniforms > Sports Uniforms,Soccer Shorts,Soccer Uniforms,false,Title,Default Title,,,,,,,,"",0.0,shopify,deny,manual,0.00,,true,true,,,,,"",https://cdn.shopify.com/s/files/1/0894/7436/7766/files/xhs_soccer_uni_006.jpg?v=1747682653,1,"",false,,,,,,,,,,,,lb,,,true,,,true,,,draft
soccer-uniform-bc-0429,Soccer Uniform- BC-0429,"",Besu Customs,Apparel & Accessories > Clothing > Uniforms > Sports Uniforms,Soccer Shorts,Soccer Uniforms,false,Title,Default Title,,,,,,,,"",0.0,shopify,deny,manual,0.00,,true,true,,,,,"",https://cdn.shopify.com/s/files/1/0894/7436/7766/files/xhs_soccer_uni_005.jpg?v=1747673765,1,"",false,,,,,,,,,,,,lb,,,true,,,true,,,draft
soccer-uniform-bc-0428,Soccer Uniform- BC-0428,"",Besu Customs,Apparel & Accessories > Clothing > Uniforms > Sports Uniforms,Soccer Shorts,Soccer Uniforms,false,Title,Default Title,,,,,,,,"",0.0,shopify,deny,manual,0.00,,true,true,,,,,"",https://cdn.shopify.com/s/files/1/0894/7436/7766/files/xhs_soccer_uni_004.jpg?v=1747672920,1,"",false,,,,,,,,,,,,lb,,,true,,,true,,,draft
soccer-uniform-bc-0427,Soccer Uniform- BC-0427,"",Besu Customs,Apparel & Accessories > Clothing > Uniforms > Sports Uniforms,Soccer Shorts,Soccer Uniforms,false,Title,Default Title,,,,,,,,"",0.0,shopify,deny,manual,0.00,,true,true,,,,,"",https://cdn.shopify.com/s/files/1/0894/7436/7766/files/xhs_soccer_uni_003.jpg?v=1747672614,1,"",false,,,,,,,,,,,,lb,,,true,,,true,,,draft
soccer-uniform-bc-0426,Soccer Uniform - BC-0426,"",Besu Customs,Apparel & Accessories > Clothing > Uniforms > Sports Uniforms,Soccer Shorts,Soccer Uniforms,false,Title,Default Title,,,,,,,,"",0.0,shopify,deny,manual,0.00,,true,true,,,,,"",https://cdn.shopify.com/s/files/1/0894/7436/7766/files/xhs_soccer_uni_002.jpg?v=1747671938,1,"",false,,,,,,,,,,,,lb,,,true,,,true,,,draft
soccer-uniform-bc-0425,Soccer Uniform- BC-0425,"",Besu Customs,Apparel & Accessories > Clothing > Uniforms > Sports Uniforms,Soccer Shorts,Soccer Uniforms,false,Title,Default Title,,,,,,,,"",0.0,shopify,deny,manual,0.00,,true,true,,,,,"",https://cdn.shopify.com/s/files/1/0894/7436/7766/files/xhs_soccer_uni_001.jpg?v=1747671327,1,"",false,,,,,,,,,,,,lb,,,true,,,true,,,draft
basketball-uniforms-bc-1018,Basketball Uniforms- BC-1018,"",Besu Customs,Apparel & Accessories > Clothing > Uniforms > Sports Uniforms,sports uniforms,Basketball Uniforms,false,Title,Default Title,,,,,,,,"",0.0,shopify,deny,manual,65.00,,true,true,,,,,"",https://cdn.shopify.com/s/files/1/0894/7436/7766/files/11-1.jpg?v=1747669678,1,"",false,,,,,,,,,,,,lb,,,true,,,true,,,draft
basketball-uniforms-bc-1019,Basketball Uniforms- BC-1019,"",Besu Customs,Apparel & Accessories > Clothing > Uniforms > Sports Uniforms,sports uniforms,Basketball Uniforms,false,Title,Default Title,,,,,,,,"",0.0,shopify,deny,manual,65.00,,true,true,,,,,"",https://cdn.shopify.com/s/files/1/0894/7436/7766/files/10-1.jpg?v=1747669290,1,"",false,,,,,,,,,,,,lb,,,true,,,true,,,draft
basketball-uniforms-bc-1020,Basketball Uniforms- BC-1020,"",Besu Customs,Apparel & Accessories > Clothing > Uniforms > Sports Uniforms,sports uniforms,Baseball Uniforms,false,Title,Default Title,,,,,,,,"",0.0,shopify,deny,manual,65.00,,true,true,,,,,"",https://cdn.shopify.com/s/files/1/0894/7436/7766/files/9-1.jpg?v=1747669168,1,"",false,,,,,,,,,,,,lb,,,true,,,true,,,draft
basketball-uniforms-bc-1021,Basketball Uniforms- BC-1021,"",Besu Customs,Apparel & Accessories > Clothing > Uniforms > Sports Uniforms,sports uniforms,Basketball Uniforms,false,Title,Default Title,,,,,,,,"",0.0,shopify,deny,manual,65.00,,true,true,,,,,"",https://cdn.shopify.com/s/files/1/0894/7436/7766/files/8-1.jpg?v=1747669001,1,"",false,,,,,,,,,,,,lb,,,true,,,true,,,draft
basketball-uniforms-bc-1022,Basketball Uniforms- BC-1022,"",Besu Customs,Apparel & Accessories > Clothing > Uniforms > Sports Uniforms,sports uniforms,Basketball Uniforms,false,Title,Default Title,,,,,,,,"",0.0,shopify,deny,manual,65.00,,true,true,,,,,"",https://cdn.shopify.com/s/files/1/0894/7436/7766/files/7-1.jpg?v=1747668858,1,"",false,,,,,,,,,,,,lb,,,true,,,true,,,draft
basketball-uniforms-bc-1023,Basketball Uniforms- BC-1023,"",Besu Customs,Apparel & Accessories > Clothing > Uniforms > Sports Uniforms,sports uniforms,Basketball Uniforms,false,Title,Default Title,,,,,,,,"",0.0,shopify,deny,manual,65.00,,true,true,,,,,"",https://cdn.shopify.com/s/files/1/0894/7436/7766/files/6-1.jpg?v=1747668732,1,"",false,,,,,,,,,,,,lb,,,true,,,true,,,draft
basketball-uniforms-bc-1024,Basketball Uniforms- BC-1024,"",Besu Customs,Apparel & Accessories > Clothing > Uniforms > Sports Uniforms,sports uniforms,Basketball Uniforms,false,Title,Default Title,,,,,,,,"",0.0,shopify,deny,manual,65.00,,true,true,,,,,"",https://cdn.shopify.com/s/files/1/0894/7436/7766/files/5-1.jpg?v=1747668520,1,"",false,,,,,,,,,,,,lb,,,true,,,true,,,draft
basketball-uniforms-bc-1025,Basketball Uniforms-  BC-1025,"",Besu Customs,Apparel & Accessories > Clothing > Uniforms > Sports Uniforms,sports uniforms,Basketball Uniforms,false,Title,Default Title,,,,,,,,"",0.0,shopify,deny,manual,65.00,,true,true,,,,,"",https://cdn.shopify.com/s/files/1/0894/7436/7766/files/4-1.jpg?v=1747668339,1,"",false,,,,,,,,,,,,lb,,,true,,,true,,,draft
basketball-uniforms-bc-1026,Basketball Uniforms-  BC-1026,"",Besu Customs,Apparel & Accessories > Clothing > Uniforms > Sports Uniforms,sports uniforms,Basketball Uniforms,false,Title,Default Title,,,,,,,,"",0.0,shopify,deny,manual,65.00,,true,true,,,,,"",https://cdn.shopify.com/s/files/1/0894/7436/7766/files/3-1.jpg?v=1747630185,1,"",false,,,,,,,,,,,,lb,,,true,,,true,,,draft
basketball-uniforms-bc-1027,Basketball Uniforms- BC-1027,"",Besu Customs,Apparel & Accessories > Clothing > Uniforms > Sports Uniforms,sports uniforms,Basketball Uniforms,false,Title,Default Title,,,,,,,,"",0.0,shopify,deny,manual,65.00,,true,true,,,,,"",https://cdn.shopify.com/s/files/1/0894/7436/7766/files/2-1.jpg?v=1747629853,1,"",false,,,,,,,,,,,,lb,,,true,,,true,,,draft
basketball-uniforms-bc-1028,Basketball Uniforms- BC-1028,"",Besu Customs,Apparel & Accessories > Clothing > Uniforms > Sports Uniforms,sports uniforms,Basketball Uniforms,false,Title,Default Title,,,,,,,,"",0.0,shopify,deny,manual,65.00,,true,true,,,,,"",https://cdn.shopify.com/s/files/1/0894/7436/7766/files/1-2.jpg?v=1747629532,1,"",false,,,,,,,,,,,,lb,,,true,,,true,,,draft
uniforme-de-baloncesto-bc-0049,Basketball Uniform- BC-0049,"",Besu Customs,Apparel & Accessories > Clothing > Uniforms > Sports Uniforms,sports uniforms,Basketball Uniforms,false,Title,Default Title,,,,,,,,"",0.0,shopify,deny,manual,65.00,,true,true,,,,,"",https://cdn.shopify.com/s/files/1/0894/7436/7766/files/xhs_basketb_uni_008.jpg?v=1747456466,1,"",false,,,,,,,,,,,,lb,,,true,,,true,,,draft
uniforme-de-baloncesto-bc-0048,Basketball Uniform- BC-0048,"",Besu Customs,Apparel & Accessories > Clothing > Uniforms > Sports Uniforms,sports uniforms,Basketball Uniforms,false,Title,Default Title,,,,,,,,"",0.0,shopify,deny,manual,65.00,,true,true,,,,,"",https://cdn.shopify.com/s/files/1/0894/7436/7766/files/xhs_basketb_uni_007.jpg?v=1747456362,1,"",false,,,,,,,,,,,,lb,,,true,,,true,,,draft
uniforme-de-baloncesto-bc-0047,Basketball Uniform- BC-0047,"",Besu Customs,Apparel & Accessories > Clothing > Uniforms > Sports Uniforms,sports uniforms,Basketball Uniforms,false,Title,Default Title,,,,,,,,"",0.0,shopify,deny,manual,65.00,,true,true,,,,,"",https://cdn.shopify.com/s/files/1/0894/7436/7766/files/xhs_basketb_uni_006.jpg?v=1747454040,1,"",false,,,,,,,,,,,,lb,,,true,,,true,,,draft
uniforme-de-baloncesto-bc-0046,Basketball Uniform- BC-0046,"",Besu Customs,Apparel & Accessories > Clothing > Uniforms > Sports Uniforms,sports uniforms,Basketball Uniforms,false,Title,Default Title,,,,,,,,"",0.0,shopify,deny,manual,65.00,,true,true,,,,,"",https://cdn.shopify.com/s/files/1/0894/7436/7766/files/xhs_basketb_uni_005.jpg?v=1747453169,1,"",false,,,,,,,,,,,,lb,,,true,,,true,,,draft
uniforme-de-baloncesto-bc-0045,Basketball Uniform- BC-0045,"",Besu Customs,Apparel & Accessories > Clothing > Uniforms > Sports Uniforms,sports uniforms,Basketball Uniforms,false,Title,Default Title,,,,,,,,"",0.0,shopify,deny,manual,65.00,,true,true,,,,,"",https://cdn.shopify.com/s/files/1/0894/7436/7766/files/xhs_basketb_uni_004.jpg?v=1747452307,1,"",false,,,,,,,,,,,,lb,,,true,,,true,,,draft
uniforme-de-baloncesto-bc-0044,Basketball Uniform- BC-0044,"",Besu Customs,Apparel & Accessories > Clothing > Uniforms > Sports Uniforms,sports uniforms,Basketball Uniforms,false,Title,Default Title,,,,,,,,"",0.0,shopify,deny,manual,65.00,,true,true,,,,,"",https://cdn.shopify.com/s/files/1/0894/7436/7766/files/xhs_basketb_uni_003.jpg?v=1747452056,1,"",false,,,,,,,,,,,,lb,,,true,,,true,,,draft
uniforme-de-baloncesto-bc-0043,Basketball Uniform- BC-0043,"",Besu Customs,Apparel & Accessories > Clothing > Uniforms > Sports Uniforms,sports uniforms,Basketball Uniforms,false,Title,Default Title,,,,,,,,"",0.0,shopify,deny,manual,65.00,,true,true,,,,,"",https://cdn.shopify.com/s/files/1/0894/7436/7766/files/xhs_basketb_uni_002.jpg?v=1747451664,1,"",false,,,,,,,,,,,,lb,,,true,,,true,,,draft
uniforme-de-baloncesto-bc-0042,Basketball Uniform- BC-0042,"",Besu Customs,Apparel & Accessories > Clothing > Uniforms > Sports Uniforms,sports uniforms,Basketball Uniforms,false,Title,Default Title,,,,,,,,"",0.0,shopify,deny,manual,65.00,,true,true,,,,,"",https://cdn.shopify.com/s/files/1/0894/7436/7766/files/xhs_basketb_uni_001.jpg?v=1747451212,1,"",false,,,,,,,,,,,,lb,,,true,,,true,,,draft
basketball-uniforms-bc-1015,Basketball Uniforms- BC-1015,"",Besu Customs,Apparel & Accessories > Clothing > Uniforms > Sports Uniforms,sports uniforms,Basketball Uniforms,false,Title,Default Title,,,,,,,,"",0.0,shopify,deny,manual,65.00,,true,true,,,,,"",https://cdn.shopify.com/s/files/1/0894/7436/7766/files/14-1.jpg?v=1747449193,1,"",false,,,,,,,,,,,,lb,,,true,,,true,,,draft
futbol-bc-1006,Football- BC-1006,"",Besu Customs,Apparel & Accessories > Clothing > Uniforms > Sports Uniforms,sports uniforms,Football,false,Title,Default Title,,,,,,,,"",0.0,shopify,deny,manual,0.00,,true,true,,,,,"",https://cdn.shopify.com/s/files/1/0894/7436/7766/files/7-1-1.jpg?v=1747448441,1,"",false,,,,,,,,,,,,lb,,,true,,,true,,,draft
futbol-bc-1001,Football- BC-1001,"",Besu Customs,Apparel & Accessories > Clothing > Uniforms > Sports Uniforms,sports uniforms,Football,false,Title,Default Title,,,,,,,,"",0.0,shopify,deny,manual,0.00,,true,true,,,,,"",https://cdn.shopify.com/s/files/1/0894/7436/7766/files/2-2-1_b53415f7-d50d-4eee-b83d-84cad54f59a1.jpg?v=1747448587,1,"",false,,,,,,,,,,,,lb,,,true,,,true,,,draft
futbol-bc-1000,Football- BC-1000,"",Besu Customs,Apparel & Accessories > Clothing > Uniforms > Sports Uniforms,sports uniforms,Football,false,Title,Default Title,,,,,,,,"",0.0,shopify,deny,manual,0.00,,true,true,,,,,"",https://cdn.shopify.com/s/files/1/0894/7436/7766/files/1-1-1.jpg?v=1747447476,1,"",false,,,,,,,,,,,,lb,,,true,,,true,,,draft
futbol-bc-1002,Football- BC-1002,"",Besu Customs,Sporting Goods > Athletics > Soccer,sports uniforms,Football,false,Title,Default Title,,,,,,,,"",0.0,shopify,deny,manual,0.00,,true,true,,,,,"",https://cdn.shopify.com/s/files/1/0894/7436/7766/files/3-6.jpg?v=1747447333,1,"",false,,,,,,,,,,,,lb,,,true,,,true,,,draft
futbol-bc-1003,Football- BC-1003,"",Besu Customs,Apparel & Accessories > Clothing > Uniforms > Sports Uniforms,sports uniforms,Football,false,Title,Default Title,,,,,,,,"",0.0,shopify,deny,manual,0.00,,true,true,,,,,"",https://cdn.shopify.com/s/files/1/0894/7436/7766/files/4-5.jpg?v=1747447149,1,"",false,,,,,,,,,,,,lb,,,true,,,true,,,draft
futbol-bc-1004,Football- BC-1004,"",Besu Customs,Apparel & Accessories > Clothing > Uniforms > Sports Uniforms,sports uniforms,Football,false,Title,Default Title,,,,,,,,"",0.0,shopify,deny,manual,0.00,,true,true,,,,,"",https://cdn.shopify.com/s/files/1/0894/7436/7766/files/6-4.jpg?v=1747447002,1,"",false,,,,,,,,,,,,lb,,,true,,,true,,,draft
futbol-bc-1005,Football- BC-1005,"",Besu Customs,Sporting Goods > Athletics > Soccer,sports uniforms,Football,false,Title,Default Title,,,,,,,,"",0.0,shopify,deny,manual,0.00,,true,true,,,,,"",https://cdn.shopify.com/s/files/1/0894/7436/7766/files/5-6.jpg?v=1747446813,1,"",false,,,,,,,,,,,,lb,,,true,,,true,,,draft
futbol-bc-1007,Football- BC-1007,"",Besu Customs,Sporting Goods > Athletics > Soccer,sports uniforms,Football,false,Title,Default Title,,,,,,,,"",0.0,shopify,deny,manual,0.00,,true,true,,,,,"",https://cdn.shopify.com/s/files/1/0894/7436/7766/files/9-5.jpg?v=1747446632,1,"",false,,,,,,,,,,,,lb,,,true,,,true,,,draft
futbol-bc-1008,Football- BC-1008,"",Besu Customs,Apparel & Accessories > Clothing > Uniforms > Sports Uniforms,sports uniforms,Football,false,Title,Default Title,,,,,,,,"",0.0,shopify,deny,manual,0.00,,true,true,,,,,"",https://cdn.shopify.com/s/files/1/0894/7436/7766/files/8-5.jpg?v=1747446400,1,"",false,,,,,,,,,,,,lb,,,true,,,true,,,draft
football-bc-1009,Football- BC-1009,"",Besu Customs,Apparel & Accessories > Clothing > Uniforms > Sports Uniforms,sports uniforms,Football uniforms,false,Title,Default Title,,,,,,,,"",0.0,shopify,deny,manual,0.00,,true,true,,,,,"",https://cdn.shopify.com/s/files/1/0894/7436/7766/files/10-5.jpg?v=1747329664,1,"",false,,,,,,,,,,,,lb,,,true,,,true,,,draft
futbol-bc-1010,Football- BC-1010,"",Besu Customs,Apparel & Accessories > Clothing > Uniforms > Sports Uniforms,sports uniforms,Football,false,Title,Default Title,,,,,,,,"",0.0,shopify,deny,manual,0.00,,true,true,,,,,"",https://cdn.shopify.com/s/files/1/0894/7436/7766/files/11-1-1-300x300.jpg?v=1747329193,1,"",false,,,,,,,,,,,,lb,,,true,,,true,,,draft
futbol-bc-1011,Football- BC-1011,"",Besu Customs,Apparel & Accessories > Clothing > Uniforms > Sports Uniforms,sports uniforms,Football,false,Title,Default Title,,,,,,,,"",0.0,shopify,deny,manual,0.00,,true,true,,,,,"",https://cdn.shopify.com/s/files/1/0894/7436/7766/files/12-4.jpg?v=1747328829,1,"",false,,,,,,,,,,,,lb,,,true,,,true,,,draft
futbol-bc-1012,Football- BC-1012,"",Besu Customs,Apparel & Accessories > Clothing > Uniforms > Sports Uniforms,sports uniforms,Football,false,Title,Default Title,,,,,,,,"",0.0,shopify,deny,manual,0.00,,true,true,,,,,"",https://cdn.shopify.com/s/files/1/0894/7436/7766/files/13-4.jpg?v=1747326458,1,"",false,,,,,,,,,,,,lb,,,true,,,true,,,draft
futbol-bc-1013,Football- BC-1013,"",Besu Customs,Sporting Goods > Athletics > Soccer,sports uniforms,Football,false,Title,Default Title,,,,,,,,"",0.0,shopify,deny,manual,0.00,,true,true,,,,,"",https://cdn.shopify.com/s/files/1/0894/7436/7766/files/14-4.jpg?v=1747326132,1,"",false,,,,,,,,,,,,lb,,,true,,,true,,,draft
futbol-bc-1014,Football- BC-1014,"",Besu Customs,Apparel & Accessories > Clothing > Uniforms > Sports Uniforms,sports uniforms,Football,false,Title,Default Title,,,,,,,,"",0.0,shopify,deny,manual,0.00,,true,true,,,,,"",https://cdn.shopify.com/s/files/1/0894/7436/7766/files/15-3.jpg?v=1747268259,1,"",false,,,,,,,,,,,,lb,,,true,,,true,,,draft
futbol-bc-0009,Football- BC-0009,"",Besu Customs,Apparel & Accessories > Clothing > Uniforms > Sports Uniforms,sports uniforms,Football,false,Title,Default Title,,,,,,,,"",0.0,shopify,deny,manual,0.00,,true,true,,,,,"",https://cdn.shopify.com/s/files/1/0894/7436/7766/files/xhs_am_fbuni_009.jpg?v=1747267967,1,"",false,,,,,,,,,,,,lb,,,true,,,true,,,draft
futbol-bc-0008,Football- BC-0008,"",Besu Customs,Apparel & Accessories > Clothing > Uniforms > Sports Uniforms,sports uniforms,Football,false,Title,Default Title,,,,,,,,"",0.0,shopify,deny,manual,0.00,,true,true,,,,,"",https://cdn.shopify.com/s/files/1/0894/7436/7766/files/xhs_am_fbuni_008.jpg?v=1747267529,1,"",false,,,,,,,,,,,,lb,,,true,,,true,,,draft
futbol-bc-0007,Football- BC-0007,"",Besu Customs,Apparel & Accessories > Clothing > Uniforms > Sports Uniforms,sports uniforms,Football,false,Title,Default Title,,,,,,,,"",0.0,shopify,deny,manual,0.00,,true,true,,,,,"",https://cdn.shopify.com/s/files/1/0894/7436/7766/files/xhs_am_fbuni_007.jpg?v=1747267185,1,"",false,,,,,,,,,,,,lb,,,true,,,true,,,draft
futbol-bc-0006,Football- BC-0006,"",Besu Customs,Apparel & Accessories > Clothing > Uniforms > Sports Uniforms,sports uniforms,Football,false,Title,Default Title,,,,,,,,"",0.0,shopify,deny,manual,0.00,,true,true,,,,,"",https://cdn.shopify.com/s/files/1/0894/7436/7766/files/xhs_am_fbuni_006.jpg?v=1747246742,1,"",false,,,,,,,,,,,,lb,,,true,,,true,,,draft
futbol-bc-0001,Football- BC-0001,"",Besu Customs,Apparel & Accessories > Clothing > Uniforms > Sports Uniforms,sports uniforms,Football,false,Title,Default Title,,,,,,,,"",0.0,shopify,deny,manual,0.00,,true,true,,,,,"",https://cdn.shopify.com/s/files/1/0894/7436/7766/files/xhs_am_fbuni_001.jpg?v=1747244756,1,"",false,,,,,,,,,,,,lb,,,true,,,true,,,draft
uniformes-de-baloncesto-bc-1016,Basketball Uniforms- BC-1016,"",Besu Customs,Apparel & Accessories > Clothing > Uniforms > Sports Uniforms,sports uniforms,Basketball Uniforms,false,Title,Default Title,,,,,,,,"",0.0,shopify,deny,manual,0.00,,true,true,,,,,"",https://cdn.shopify.com/s/files/1/0894/7436/7766/files/13-1.jpg?v=1747243046,1,"",false,,,,,,,,,,,,lb,,,true,,,true,,,draft
uniformes-de-baloncesto-bc-1017,Basketball Uniforms- BC-1017,"",Besu Customs,Apparel & Accessories > Clothing > Uniforms > Sports Uniforms,sports uniforms,Basketball Uniforms,false,Title,Default Title,,,,,,,,"",0.0,shopify,deny,manual,0.00,,true,true,,,,,"",https://cdn.shopify.com/s/files/1/0894/7436/7766/files/12-1.jpg?v=1747242835,1,"",false,,,,,,,,,,,,lb,,,true,,,true,,,draft
uniforme-de-beisbol-bc-0027,Baseball Uniforms- BC-0027,"",Besu Customs,Apparel & Accessories > Clothing > Uniforms > Sports Uniforms,tshirt,"",false,Title,Default Title,,,,,,,,"",0.0,shopify,deny,manual,0.00,,true,true,,,,,"",https://cdn.shopify.com/s/files/1/0894/7436/7766/files/xhs_baseb_uni_0018.jpg?v=1747189746,1,"",false,,,,,,,,,,,,lb,,,true,,,true,,,draft
uniforme-de-beisbol-bc-0018,Baseball Uniforms- BC-0018,"",Besu Customs,Apparel & Accessories > Clothing > Uniforms > Sports Uniforms,Baseball Pants,Baseball Uniforms,false,Title,Default Title,,,,,,,,"",0.0,shopify,deny,manual,0.00,,true,true,,,,,"",https://cdn.shopify.com/s/files/1/0894/7436/7766/files/xhs_baseb_uni_009.jpg?v=1747187249,1,"",false,,,,,,,,,,,,lb,,,true,,,true,,,draft
uniforme-de-beisbol-bc-0017,Baseball Uniforms- BC-0017,"",Besu Customs,Apparel & Accessories > Clothing > Uniforms > Sports Uniforms,Baseball Pants,Baseball Uniforms,false,Title,Default Title,,,,,,,,"",0.0,shopify,deny,manual,0.00,,true,true,,,,,"",https://cdn.shopify.com/s/files/1/0894/7436/7766/files/xhs_baseb_uni_008.jpg?v=1747187036,1,"",false,,,,,,,,,,,,lb,,,true,,,true,,,draft
uniforme-de-beisbol-bc-0016,Baseball Uniforms- BC-0016,"",Besu Customs,Apparel & Accessories > Clothing > Uniforms > Sports Uniforms,Baseball Pants,Baseball Uniforms,false,Title,Default Title,,,,,,,,"",0.0,shopify,deny,manual,0.00,,true,true,,,,,"",https://cdn.shopify.com/s/files/1/0894/7436/7766/files/xhs_baseb_uni_007.jpg?v=1747186526,1,"",false,,,,,,,,,,,,lb,,,true,,,true,,,draft
uniforme-de-beisbol-bc-0014,Baseball Uniforms- BC-0014,"",Besu Customs,Apparel & Accessories > Clothing > Uniforms > Sports Uniforms,Baseball Pants,Baseball Uniforms,false,Title,Default Title,,,,,,,,"",0.0,shopify,deny,manual,0.00,,true,true,,,,,"",https://cdn.shopify.com/s/files/1/0894/7436/7766/files/xhs_baseb_uni_005.jpg?v=1747186373,1,"",false,,,,,,,,,,,,lb,,,true,,,true,,,draft
uniforme-de-beisbol-bc-0013,Baseball Uniforms- BC-0013,"",Besu Customs,Apparel & Accessories > Clothing > Uniforms > Sports Uniforms,Baseball Pants,Baseball Uniforms,false,Title,Default Title,,,,,,,,"",0.0,shopify,deny,manual,0.00,,true,true,,,,,"",https://cdn.shopify.com/s/files/1/0894/7436/7766/files/xhs_baseb_uni_004.jpg?v=1747186205,1,"",false,,,,,,,,,,,,lb,,,true,,,true,,,draft
uniforme-de-beisbol-bc-0012,Baseball Uniforms- BC-0012,"",Besu Customs,Apparel & Accessories > Clothing > Uniforms > Sports Uniforms,Baseball Pants,Baseball Uniforms,false,Title,Default Title,,,,,,,,"",0.0,shopify,deny,manual,0.00,,true,true,,,,,"",https://cdn.shopify.com/s/files/1/0894/7436/7766/files/xhs_baseb_uni_003.jpg?v=1747172429,1,"",false,,,,,,,,,,,,lb,,,true,,,true,,,draft
uniforme-de-beisbol-bc-0011,Baseball Uniforms- BC-0011,"",Besu Customs,Apparel & Accessories > Clothing > Uniforms > Sports Uniforms,Baseball Pants,Baseball Uniforms,false,Title,Default Title,,,,,,,,"",0.0,shopify,deny,manual,0.00,,true,true,,,,,"",https://cdn.shopify.com/s/files/1/0894/7436/7766/files/xhs_baseb_uni_002_22e89e94-c1a6-458e-be57-efa4499d8686.jpg?v=1747172191,1,"",false,,,,,,,,,,,,lb,,,true,,,true,,,draft
uniforme-de-beisbol-bc-0010,Baseball Uniforms- BC-0010,"",Besu Customs,Apparel & Accessories > Clothing > Uniforms > Sports Uniforms,Baseball Pants,Baseball Uniforms,false,Title,Default Title,,,,,,,,"",0.0,shopify,deny,manual,0.00,,true,true,,,,,"",https://cdn.shopify.com/s/files/1/0894/7436/7766/files/xhs_baseb_uni_001.jpg?v=1747171424,1,"",false,,,,,,,,,,,,lb,,,true,,,true,,,draft
ropa-de-patinaje-bc-0424,Skating Wears- BC-0424,"",Besu Customs,"Apparel & Accessories > Clothing > Activewear > Dance Dresses, Skirts & Costumes","Dance Dresses, Skirts",Skating Wear,false,Title,Default Title,,,,,,,,"",0.0,shopify,deny,manual,0.00,,true,true,,,,,"",https://cdn.shopify.com/s/files/1/0894/7436/7766/files/xhs_skating_wear_006.jpg?v=1747170972,1,"",false,,,,,,,,,,,,lb,,,true,,,true,,,draft
ropa-de-patinaje-bc-0422,Skating Wears- BC-0422,"",Besu Customs,Apparel & Accessories > Clothing > Skirts,Skirts,"",false,Title,Default Title,,,,,,,,"",0.0,shopify,deny,manual,0.00,,true,true,,,,,"",https://cdn.shopify.com/s/files/1/0894/7436/7766/files/xhs_skating_wear_004.jpg?v=1747168694,1,"",false,,,,,,,,,,,,lb,,,true,,,true,,,draft
ropa-de-patinaje-bc-0421,Skating Wears- BC-0421,"",Besu Customs,Sporting Goods > Athletics > Figure Skating & Hockey > Hockey Protective Gear > Hockey Pants,Hockey Pants,Ropa de patinaje,false,Title,Default Title,,,,,,,,"",0.0,shopify,deny,manual,0.00,,true,true,,,,,"",https://cdn.shopify.com/s/files/1/0894/7436/7766/files/xhs_skating_wear_003.jpg?v=1747166813,1,"",false,,,,,,,,,,,,lb,,,true,,,true,,,draft
ropa-de-patinaje-bc-0420,Skating Wears- BC-0420,"",Besu Customs,Apparel & Accessories > Clothing > Activewear > Activewear Pants > Tights,leggings,ropa de patinaje,false,Title,Default Title,,,,,,,,"",0.0,shopify,deny,manual,0.00,,true,true,,,,,"",https://cdn.shopify.com/s/files/1/0894/7436/7766/files/xhs_skating_wear_002.jpg?v=1747165453,1,"",false,,,,,,,,,,,,lb,,,true,,,true,,,draft
ropa-de-patinaje-bc-0419,Skating Wears- BC- 0419,"",Besu Customs,Apparel & Accessories > Clothing > Activewear > Activewear Vests & Jackets > Jackets,Jackets,Skating Wear,false,Title,Default Title,,,,,,,,"",0.0,shopify,deny,manual,0.00,,true,true,,,,,"",https://cdn.shopify.com/s/files/1/0894/7436/7766/files/xhs_skating_wear_001.jpg?v=1747165155,1,"",false,,,,,,,,,,,,lb,,,true,,,true,,,draft
leggings-bc-0211,Leggings- BC- 0211,"",Besu Customs,Apparel & Accessories > Clothing > Activewear > Activewear Pants > Tights,leggings,Fitness / Gym Wear,false,Title,Default Title,,,,,,,,"",0.0,shopify,deny,manual,0.00,,true,true,,,,,"",https://cdn.shopify.com/s/files/1/0894/7436/7766/files/xhs_gw_legging_008_fd1fa88c-68cd-476d-aca2-9c47206cc36d.jpg?v=1747078167,1,"",false,,,,,,,,,,,,lb,,,true,,,true,,,draft
leggings-bc-0212,Leggings- BC- 0212,"",Besu Customs,Apparel & Accessories > Clothing > Activewear > Activewear Pants > Tights,leggings,Fitness / Gym Wear,false,Title,Default Title,,,,,,,,"",0.0,shopify,deny,manual,0.00,,true,true,,,,,"",https://cdn.shopify.com/s/files/1/0894/7436/7766/files/xhs_gw_legging_009.jpg?v=1747077111,1,"",false,,,,,,,,,,,,lb,,,true,,,true,,,draft
leggings-bc-0213,Leggings- BC- 0213,"",Besu Customs,Apparel & Accessories > Clothing > Activewear > Activewear Pants > Leggings,leggings,"FITNESS, GYM WEAR",false,Title,Default Title,,,,,,,,"",0.0,shopify,deny,manual,0.00,,true,true,,,,,"",https://cdn.shopify.com/s/files/1/0894/7436/7766/files/xhs_gw_legging_0010_1.jpg?v=1747075598,1,"",false,,,,,,,,,,,,lb,,,true,,,true,,,draft
leggings-bc-0210,Leggings- BC- 0214,"",Besu Customs,Apparel & Accessories > Clothing > Activewear > Activewear Pants > Tights,leggings,Fitness / Gym Wear,false,Title,Default Title,,,,,,,,"",0.0,shopify,deny,manual,0.00,,true,true,,,,,"",https://cdn.shopify.com/s/files/1/0894/7436/7766/files/xhs_gw_legging_007.jpg?v=1747074611,1,"",false,,,,,,,,,,,,lb,,,true,,,true,,,draft
leggings-0215,Leggings- BC- 0215,"",Besu Customs,Apparel & Accessories > Clothing > Activewear > Activewear Pants > Tights,leggings,Fitness / Gym Wear,false,Title,Default Title,,,,,,,,"",0.0,shopify,deny,manual,0.00,,true,true,,,,,"",https://cdn.shopify.com/s/files/1/0894/7436/7766/files/xhs_gw_legging_0012.jpg?v=1747072724,1,"",false,,,,,,,,,,,,lb,,,true,,,true,,,draft
stringer-vest-bc-0473,Stringer Vest - BC-0473,"",Besu Customs,Apparel & Accessories > Clothing > Clothing Tops > Tank Tops,tshirt,Stringer Vests,false,Title,Default Title,,,,,,,,"",0.0,shopify,deny,manual,0.00,,true,true,,,,,"",https://cdn.shopify.com/s/files/1/0894/7436/7766/files/xhs_stringer_vest_001.jpg?v=1747030285,1,"",false,,,,,,,,,,,,lb,,,true,,,true,,,draft
tank-top-men-women-bc-0544,Tank Top Men / Women - BC-0544,"",Besu Customs,Apparel & Accessories > Clothing > Clothing Tops > Tank Tops,tshirt,"Fitness / Gym Wear, Tank Top Mens / Womens",false,Title,Default Title,,,,,,,,"",0.0,shopify,deny,manual,0.00,,true,true,,,,,"",https://cdn.shopify.com/s/files/1/0894/7436/7766/files/xhs_tank_top_004.jpg?v=1747029821,1,"",false,,,,,,,,,,,,lb,,,true,,,true,,,draft
tank-top-men-women-bc-0543,Tank Top Men / Women - BC-0543,"",Besu Customs,Apparel & Accessories > Clothing > Clothing Tops > Tank Tops,tshirt,"Fitness / Gym Wear, Tank Top Mens / Womens",false,Title,Default Title,,,,,,,,"",0.0,shopify,deny,manual,0.00,,true,true,,,,,"",https://cdn.shopify.com/s/files/1/0894/7436/7766/files/xhs_tank_top_003.png?v=1747029337,1,"",false,,,,,,,,,,,,lb,,,true,,,true,,,draft
tank-top-men-women-bc-0542,Tank Top Men / Women - BC-0542,"",Besu Customs,Apparel & Accessories > Clothing > Clothing Tops > Tank Tops,tshirt,"Fitness / Gym Wear, Tank Top Mens / Womens",false,Title,Default Title,,,,,,,,"",0.0,shopify,deny,manual,0.00,,true,true,,,,,"",https://cdn.shopify.com/s/files/1/0894/7436/7766/files/xhs_tank_top_002.jpg?v=1747029110,1,"",false,,,,,,,,,,,,lb,,,true,,,true,,,draft
polo-shirt-rockway-middle-school,Polo Shirt Rockway Middle School,"<p>This Polo shirt features a stylish design with the logo of Rockway Middle School. Made from high-quality materials, it offers comfort and durability for daily wear. Show off your school spirit with this must-have addition to your wardrobe. Available in multiple sizes.</p>",Besu Customs,Apparel & Accessories > Clothing > Clothing Tops > Polos,polo,Rockway Middle School,true,Color,black,product.metafields.shopify.color-pattern,Size,youth-small,product.metafields.shopify.size,,,,"",0.0,shopify,deny,manual,16.00,25.00,true,true,,,,,"",https://cdn.shopify.com/s/files/1/0894/7436/7766/files/BesuCustoms-RockwayMiddleSchool-PoloBlack.jpg?v=1745196395,1,"",false,,,,all-ages,black; white,v-neck,youth-small; youth-medium; youth-large; adult-small; adult-medium; adult-large; adult-extra-large; adult-2-xl,short,unisex,,,lb,,,true,,,true,,,active
polo-shirt-rockway-middle-school,,,,,,,,,black,,,youth-medium,,,,,"",0.0,shopify,deny,manual,16.00,25.00,true,true,,,,,"",https://cdn.shopify.com/s/files/1/0894/7436/7766/files/BesuCustoms-RockwayMiddleSchool-PoloWhite.jpg?v=1745196395,2,"",,,,,,,,,,,,,lb,,,,,,,,,
polo-shirt-rockway-middle-school,,,,,,,,,black,,,youth-large,,,,,"",0.0,shopify,deny,manual,16.00,25.00,true,true,,,,,"",,,,,,,,,,,,,,,,lb,,,,,,,,,
polo-shirt-rockway-middle-school,,,,,,,,,black,,,adult-small,,,,,"",0.0,shopify,deny,manual,16.00,25.00,true,true,,,,,"",,,,,,,,,,,,,,,,lb,,,,,,,,,
polo-shirt-rockway-middle-school,,,,,,,,,black,,,adult-medium,,,,,"",0.0,shopify,deny,manual,16.00,25.00,true,true,,,,,"",,,,,,,,,,,,,,,,lb,,,,,,,,,
polo-shirt-rockway-middle-school,,,,,,,,,black,,,adult-large,,,,,"",0.0,shopify,deny,manual,16.00,25.00,true,true,,,,,"",,,,,,,,,,,,,,,,lb,,,,,,,,,
polo-shirt-rockway-middle-school,,,,,,,,,black,,,adult-extra-large,,,,,"",0.0,shopify,deny,manual,16.00,25.00,true,true,,,,,"",,,,,,,,,,,,,,,,lb,,,,,,,,,
polo-shirt-rockway-middle-school,,,,,,,,,black,,,adult-2-xl,,,,,"",0.0,shopify,deny,manual,16.00,25.00,true,true,,,,,"",,,,,,,,,,,,,,,,lb,,,,,,,,,
polo-shirt-rockway-middle-school,,,,,,,,,white,,,youth-small,,,,,"",0.0,shopify,deny,manual,16.00,25.00,true,true,,,,,"",,,,,,,,,,,,,,,,lb,,,,,,,,,
polo-shirt-rockway-middle-school,,,,,,,,,white,,,youth-medium,,,,,"",0.0,shopify,deny,manual,16.00,25.00,true,true,,,,,"",,,,,,,,,,,,,,,,lb,,,,,,,,,
polo-shirt-rockway-middle-school,,,,,,,,,white,,,youth-large,,,,,"",0.0,shopify,deny,manual,16.00,25.00,true,true,,,,,"",,,,,,,,,,,,,,,,lb,,,,,,,,,
polo-shirt-rockway-middle-school,,,,,,,,,white,,,adult-small,,,,,"",0.0,shopify,deny,manual,16.00,25.00,true,true,,,,,"",,,,,,,,,,,,,,,,lb,,,,,,,,,
polo-shirt-rockway-middle-school,,,,,,,,,white,,,adult-medium,,,,,"",0.0,shopify,deny,manual,16.00,25.00,true,true,,,,,"",,,,,,,,,,,,,,,,lb,,,,,,,,,
polo-shirt-rockway-middle-school,,,,,,,,,white,,,adult-large,,,,,"",0.0,shopify,deny,manual,16.00,25.00,true,true,,,,,"",,,,,,,,,,,,,,,,lb,,,,,,,,,
polo-shirt-rockway-middle-school,,,,,,,,,white,,,adult-extra-large,,,,,"",0.0,shopify,deny,manual,16.00,25.00,true,true,,,,,"",,,,,,,,,,,,,,,,lb,,,,,,,,,
polo-shirt-rockway-middle-school,,,,,,,,,white,,,adult-2-xl,,,,,"",0.0,shopify,deny,manual,16.00,25.00,true,true,,,,,"",,,,,,,,,,,,,,,,lb,,,,,,,,,
rockway-middle-school-sweater,Rockway Middle School Sweater,<p>Sweater for the Westchester County Rockway Middle School</p>,Besu Customs,Apparel & Accessories > Clothing > Uniforms > School Uniforms,sweater,Rockway Middle School,true,Color,gray,product.metafields.shopify.color-pattern,Size,youth-small,product.metafields.shopify.size,,,,"",0.0,shopify,deny,manual,20.00,,true,true,,,,,"",https://cdn.shopify.com/s/files/1/0894/7436/7766/files/BesuCustoms-RockwayMiddleSchool-SweaterGrey.jpg?v=1745195554,1,"",false,,,,all-ages,gray; black,,youth-small; youth-medium; youth-large; adult-small; adult-medium; adult-large; adult-extra-large; adult-2-xl,,,,,lb,,,true,,,false,,,active
rockway-middle-school-sweater,,,,,,,,,gray,,,youth-medium,,,,,"",0.0,shopify,deny,manual,20.00,,true,true,,,,,"",https://cdn.shopify.com/s/files/1/0894/7436/7766/files/BesuCustoms-RockwayMiddleSchool-SweaterBlack.jpg?v=1745195565,2,"",,,,,,,,,,,,,lb,,,,,,,,,
rockway-middle-school-sweater,,,,,,,,,gray,,,youth-large,,,,,"",0.0,shopify,deny,manual,20.00,,true,true,,,,,"",,,,,,,,,,,,,,,,lb,,,,,,,,,
rockway-middle-school-sweater,,,,,,,,,gray,,,adult-small,,,,,"",0.0,shopify,deny,manual,20.00,,true,true,,,,,"",,,,,,,,,,,,,,,,lb,,,,,,,,,
rockway-middle-school-sweater,,,,,,,,,gray,,,adult-medium,,,,,"",0.0,shopify,deny,manual,20.00,,true,true,,,,,"",,,,,,,,,,,,,,,,lb,,,,,,,,,
rockway-middle-school-sweater,,,,,,,,,gray,,,adult-large,,,,,"",0.0,shopify,deny,manual,20.00,,true,true,,,,,"",,,,,,,,,,,,,,,,lb,,,,,,,,,
rockway-middle-school-sweater,,,,,,,,,gray,,,adult-extra-large,,,,,"",0.0,shopify,deny,manual,20.00,,true,true,,,,,"",,,,,,,,,,,,,,,,lb,,,,,,,,,
rockway-middle-school-sweater,,,,,,,,,gray,,,adult-2-xl,,,,,"",0.0,shopify,deny,manual,20.00,,true,true,,,,,"",,,,,,,,,,,,,,,,lb,,,,,,,,,
rockway-middle-school-sweater,,,,,,,,,black,,,youth-small,,,,,"",0.0,shopify,deny,manual,20.00,,true,true,,,,,"",,,,,,,,,,,,,,,,lb,,,,,,,,,
rockway-middle-school-sweater,,,,,,,,,black,,,youth-medium,,,,,"",0.0,shopify,deny,manual,20.00,,true,true,,,,,"",,,,,,,,,,,,,,,,lb,,,,,,,,,
rockway-middle-school-sweater,,,,,,,,,black,,,youth-large,,,,,"",0.0,shopify,deny,manual,20.00,,true,true,,,,,"",,,,,,,,,,,,,,,,lb,,,,,,,,,
rockway-middle-school-sweater,,,,,,,,,black,,,adult-small,,,,,"",0.0,shopify,deny,manual,20.00,,true,true,,,,,"",,,,,,,,,,,,,,,,lb,,,,,,,,,
rockway-middle-school-sweater,,,,,,,,,black,,,adult-medium,,,,,"",0.0,shopify,deny,manual,20.00,,true,true,,,,,"",,,,,,,,,,,,,,,,lb,,,,,,,,,
rockway-middle-school-sweater,,,,,,,,,black,,,adult-large,,,,,"",0.0,shopify,deny,manual,20.00,,true,true,,,,,"",,,,,,,,,,,,,,,,lb,,,,,,,,,
rockway-middle-school-sweater,,,,,,,,,black,,,adult-extra-large,,,,,"",0.0,shopify,deny,manual,20.00,,true,true,,,,,"",,,,,,,,,,,,,,,,lb,,,,,,,,,
rockway-middle-school-sweater,,,,,,,,,black,,,adult-2-xl,,,,,"",0.0,shopify,deny,manual,20.00,,true,true,,,,,"",,,,,,,,,,,,,,,,lb,,,,,,,,,
true-north-classical-academy-hoodie-pants,True North Classical Academy Hoodie & Pants,<p>True North Classical Academy Hoodie and Pants</p>,Besu Customs,Apparel & Accessories > Clothing > Outfit Sets,Hoodie,True North Classical Academy,true,Size,youth-large,product.metafields.shopify.size,,,,,,,"",0.0,shopify,continue,manual,70.00,,true,true,,,,,"",https://cdn.shopify.com/s/files/1/0894/7436/7766/files/TrueNorthClassicalAcademy-HoodiePants.jpg?v=1732438173,1,"",false,,,,adults,black,,youth-large; youth-extra-large; adult-extra-small; adult-small; adult-medium; adult-large; adult-extra-large; adult-2-xl,,unisex,,,lb,,,true,,,false,,,active
true-north-classical-academy-hoodie-pants,,,,,,,,,youth-extra-large,,,,,,,,"",0.0,shopify,continue,manual,70.00,,true,true,,,,,"",,,,,,,,,,,,,,,,lb,,,,,,,,,
true-north-classical-academy-hoodie-pants,,,,,,,,,adult-extra-small,,,,,,,,"",0.0,shopify,continue,manual,70.00,,true,true,,,,,"",,,,,,,,,,,,,,,,lb,,,,,,,,,
true-north-classical-academy-hoodie-pants,,,,,,,,,adult-small,,,,,,,,"",0.0,shopify,continue,manual,70.00,,true,true,,,,,"",,,,,,,,,,,,,,,,lb,,,,,,,,,
true-north-classical-academy-hoodie-pants,,,,,,,,,adult-medium,,,,,,,,"",0.0,shopify,continue,manual,70.00,,true,true,,,,,"",,,,,,,,,,,,,,,,lb,,,,,,,,,
true-north-classical-academy-hoodie-pants,,,,,,,,,adult-large,,,,,,,,"",0.0,shopify,continue,manual,70.00,,true,true,,,,,"",,,,,,,,,,,,,,,,lb,,,,,,,,,
true-north-classical-academy-hoodie-pants,,,,,,,,,adult-extra-large,,,,,,,,"",0.0,shopify,continue,manual,70.00,,true,true,,,,,"",,,,,,,,,,,,,,,,lb,,,,,,,,,
true-north-classical-academy-hoodie-pants,,,,,,,,,adult-2-xl,,,,,,,,"",0.0,shopify,continue,manual,70.00,,true,true,,,,,"",,,,,,,,,,,,,,,,lb,,,,,,,,,
true-north-classical-academy-hoodie,True North Classical Academy Hoodie,<p>True North Classical Academy Hoodie</p>,Besu Customs,Apparel & Accessories > Clothing > Clothing Tops > Hoodies,Hoodie,True North Classical Academy,true,Title,Default Title,,,,,,,,"",0.0,shopify,continue,manual,45.00,,true,true,,,,,"",https://cdn.shopify.com/s/files/1/0894/7436/7766/files/TrueNorthClassicalAcademy-Hoodie.jpg?v=1732438051,1,"",false,,,,,white,hooded,,,unisex,,,lb,,,true,,,true,,,active
true-north-classical-academy-shorts,True North Classical Academy Shorts,<p>True North Classical Academy Shorts</p>,Besu Customs,Apparel & Accessories > Clothing > Uniforms > Sports Uniforms,short,True North Classical Academy,true,Title,Default Title,,,,,,,,"",0.0,shopify,continue,manual,30.00,,true,true,,,,,"",https://cdn.shopify.com/s/files/1/0894/7436/7766/files/TrueNorthClassicalAcademy-Shorts.jpg?v=1732437623,1,"",false,,,,,black,,,short,unisex,,,lb,,,true,,,true,,,active
true-north-classical-academy-backpack,True North Classical Academy Backpack,<p>True North Classical Academy Backpack</p>,Besu Customs,Luggage & Bags > Backpacks,bag,True North Classical Academy,true,Title,Default Title,,,,,,,,"",0.0,shopify,continue,manual,45.00,,true,true,,,,,"",https://cdn.shopify.com/s/files/1/0894/7436/7766/files/TrueNorthClassicalAcademy-Backpack.jpg?v=1732436644,1,"",false,,,,,black,,,,,,,lb,,,true,,,true,,,active
true-north-classical-academy-shirt,True North Classical Academy Shirt,<p>True North Classical Academy Shirt</p>,Besu Customs,Apparel & Accessories > Clothing > Clothing Tops > T-Shirts,tshirt,True North Classical Academy,true,Color,purple,product.metafields.shopify.color-pattern,,,,,,,"",0.0,shopify,continue,manual,25.00,,true,true,,,,,"",https://cdn.shopify.com/s/files/1/0894/7436/7766/files/TrueNorthClassicalAcademy-TShirt-Purple.jpg?v=1732436409,1,"",false,,,,,purple; black,,,long,unisex,medium,https://cdn.shopify.com/s/files/1/0894/7436/7766/files/TrueNorthClassicalAcademy-TShirt-Purple.jpg?v=1732436409,lb,,,true,,,true,,,active
true-north-classical-academy-shirt,,,,,,,,,black,,,,,,,,"",0.0,shopify,continue,manual,25.00,,true,true,,,,,"",https://cdn.shopify.com/s/files/1/0894/7436/7766/files/TrueNorthClassicalAcademy-TShirt-Black.jpg?v=1732436409,2,"",,,,,,,,,,,,https://cdn.shopify.com/s/files/1/0894/7436/7766/files/TrueNorthClassicalAcademy-TShirt-Black.jpg?v=1732436409,lb,,,,,,,,,
henry-h-filer-middle-school-cheer,Henry H. Filer Middle School Cheer,<p>For the ultimate supporters of HFMS! The brand new Cheerleading Uniform</p>,Besu Customs,Apparel & Accessories > Clothing > Uniforms > Sports Uniforms,Cheerleader,HenryFilerMiddleSchool,true,Size,youth-small,product.metafields.shopify.size,,,,,,,"",0.0,shopify,deny,manual,65.00,,true,true,,,,,"",https://cdn.shopify.com/s/files/1/0894/7436/7766/files/BesuCustoms-HenryFFilerMiddleSchool-CheerleaderUniform.jpg?v=1732184511,1,"",false,,,cheerleading,kids,orange,,youth-small; youth-medium; youth-large; adult-small; adult-medium; adult-large; adult-extra-large; adult-extra-small,,female,,,lb,,,true,,,true,,,active
henry-h-filer-middle-school-cheer,,,,,,,,,youth-medium,,,,,,,,"",0.0,shopify,deny,manual,65.00,,true,true,,,,,"",,,,,,,,,,,,,,,,lb,,,,,,,,,
henry-h-filer-middle-school-cheer,,,,,,,,,youth-large,,,,,,,,"",0.0,shopify,deny,manual,65.00,,true,true,,,,,"",,,,,,,,,,,,,,,,lb,,,,,,,,,
henry-h-filer-middle-school-cheer,,,,,,,,,adult-small,,,,,,,,"",0.0,shopify,deny,manual,65.00,,true,true,,,,,"",,,,,,,,,,,,,,,,lb,,,,,,,,,
henry-h-filer-middle-school-cheer,,,,,,,,,adult-medium,,,,,,,,"",0.0,shopify,deny,manual,65.00,,true,true,,,,,"",,,,,,,,,,,,,,,,lb,,,,,,,,,
henry-h-filer-middle-school-cheer,,,,,,,,,adult-large,,,,,,,,"",0.0,shopify,deny,manual,65.00,,true,true,,,,,"",,,,,,,,,,,,,,,,lb,,,,,,,,,
henry-h-filer-middle-school-cheer,,,,,,,,,adult-extra-large,,,,,,,,"",0.0,shopify,deny,manual,65.00,,true,true,,,,,"",,,,,,,,,,,,,,,,lb,,,,,,,,,
henry-h-filer-middle-school-cheer,,,,,,,,,adult-extra-small,,,,,,,,"",0.0,shopify,deny,manual,65.00,,true,true,,,,,"",,,,,,,,,,,,,,,,lb,,,,,,,,,
henry-h-filer-middle-school,Henry H. Filer Middle School Hoodie,"<p>Henry H. Filer Middle School Zipper Hoddie<br></p>
<p><br></p>
<!---->",My Store,Apparel & Accessories > Clothing > Clothing Tops > Hoodies,Hoodie,HenryFilerMiddleSchool,true,Letter Color,White letters with orange outline,,Size,adult-small,product.metafields.shopify.size,,,,"",907.18474,shopify,continue,manual,30.00,50.00,true,true,,,,,"",https://cdn.shopify.com/s/files/1/0894/7436/7766/files/BesuCustoms-HenryFFilerMiddleSchool-ZipHoddie4.jpg?v=1723067104,1,"",false,Henry H. Filer Middle School Hoodie,Henry H. Filer Middle School Zipper Hoddie with zipper,,teens,black,hooded,adult-small; adult-medium; adult-large; adult-extra-large; adult-2-xl; adult-3-xl; youth-medium; youth-large,,unisex,,https://cdn.shopify.com/s/files/1/0894/7436/7766/files/BesuCustoms-HenryFFilerMiddleSchool-ZipHoddie4.jpg?v=1723067104,lb,,,true,,,false,,,active
henry-h-filer-middle-school,,,,,,,,,White letters with orange outline,,,adult-medium,,,,,"",907.18474,shopify,continue,manual,30.00,50.00,true,true,,,,,"",,,,,,,,,,,,,,,https://cdn.shopify.com/s/files/1/0894/7436/7766/files/BesuCustoms-HenryFFilerMiddleSchool-ZipHoddie4.jpg?v=1723067104,lb,,,,,,,,,
henry-h-filer-middle-school,,,,,,,,,White letters with orange outline,,,adult-large,,,,,"",907.18474,shopify,continue,manual,30.00,50.00,true,true,,,,,"",,,,,,,,,,,,,,,https://cdn.shopify.com/s/files/1/0894/7436/7766/files/BesuCustoms-HenryFFilerMiddleSchool-ZipHoddie4.jpg?v=1723067104,lb,,,,,,,,,
henry-h-filer-middle-school,,,,,,,,,White letters with orange outline,,,adult-extra-large,,,,,"",907.18474,shopify,continue,manual,30.00,50.00,true,true,,,,,"",,,,,,,,,,,,,,,https://cdn.shopify.com/s/files/1/0894/7436/7766/files/BesuCustoms-HenryFFilerMiddleSchool-ZipHoddie4.jpg?v=1723067104,lb,,,,,,,,,
henry-h-filer-middle-school,,,,,,,,,White letters with orange outline,,,adult-2-xl,,,,,"",907.18474,shopify,continue,manual,30.00,50.00,true,true,,,,,"",,,,,,,,,,,,,,,https://cdn.shopify.com/s/files/1/0894/7436/7766/files/BesuCustoms-HenryFFilerMiddleSchool-ZipHoddie4.jpg?v=1723067104,lb,,,,,,,,,
henry-h-filer-middle-school,,,,,,,,,White letters with orange outline,,,adult-3-xl,,,,,"",907.18474,shopify,continue,manual,30.00,50.00,true,true,,,,,"",,,,,,,,,,,,,,,https://cdn.shopify.com/s/files/1/0894/7436/7766/files/BesuCustoms-HenryFFilerMiddleSchool-ZipHoddie4.jpg?v=1723067104,lb,,,,,,,,,
henry-h-filer-middle-school,,,,,,,,,White letters with orange outline,,,youth-medium,,,,,"",907.18474,shopify,continue,manual,30.00,50.00,true,true,,,,,"",,,,,,,,,,,,,,,https://cdn.shopify.com/s/files/1/0894/7436/7766/files/BesuCustoms-HenryFFilerMiddleSchool-ZipHoddie4.jpg?v=1723067104,lb,,,,,,,,,
henry-h-filer-middle-school,,,,,,,,,White letters with orange outline,,,youth-large,,,,,"",907.18474,shopify,continue,manual,30.00,50.00,true,true,,,,,"",,,,,,,,,,,,,,,https://cdn.shopify.com/s/files/1/0894/7436/7766/files/BesuCustoms-HenryFFilerMiddleSchool-ZipHoddie4.jpg?v=1723067104,lb,,,,,,,,,
